;MachineType:TINA2S
;FilamentType:PLA
;InfillDensity:20
;NozzleTemperature:210
;BedTemperature:60
; Sliced : ring_size6.stl
; Nozzle: 0.4mm  Filament: 1.75mm  Layer: 0.2mm

M104 S150          ; preheat nozzle (no wait)
M203 Z15           ; set max Z speed
G28                ; home all axes
G29                ; auto bed leveling
M107               ; fan off
G90                ; absolute positioning
M82                ; absolute extrusion
M109 S210  ; wait for nozzle temp
G92 E0             ; reset extruder
G1 E-3 F300        ; retract
G92 E0             ; reset extruder
; --- prime line ---
G1 X0 Y0 Z0.3 F3000
G1 X60 E9 F1000
G1 X100 E12.5 F1000
G92 E0             ; reset extruder after prime


; layer 1  z=0.250
G1 Z0.250 F1200
G1 E-1.50000 F1500  ; retract
G1 X68.225 Y60.647 F9000
G1 E0.00000 F1500  ; un-retract
G1 X68.219 Y60.693 E0.00192 F1200
G1 X68.148 Y61.291 E0.02693 F1200
G1 X68.139 Y61.336 E0.02886 F1200
G1 X68.022 Y61.926 E0.05386 F1200
G1 X67.846 Y62.549 E0.08080 F1200
G1 X67.830 Y62.593 E0.08272 F1200
G1 X67.622 Y63.157 E0.10773 F1200
G1 X67.603 Y63.199 E0.10965 F1200
G1 X67.351 Y63.745 E0.13466 F1200
G1 X67.328 Y63.786 E0.13658 F1200
G1 X67.034 Y64.311 E0.16159 F1200
G1 X67.009 Y64.349 E0.16351 F1200
G1 X66.674 Y64.849 E0.18852 F1200
G1 X66.646 Y64.886 E0.19045 F1200
G1 X66.273 Y65.358 E0.21545 F1200
G1 X66.242 Y65.392 E0.21738 F1200
G1 X65.834 Y65.834 E0.24239 F1200
G1 X65.800 Y65.865 E0.24431 F1200
G1 X65.358 Y66.273 E0.26932 F1200
G1 X65.322 Y66.302 E0.27124 F1200
G1 X64.849 Y66.674 E0.29625 F1200
G1 X64.811 Y66.700 E0.29817 F1200
G1 X64.311 Y67.034 E0.32318 F1200
G1 X64.270 Y67.057 E0.32511 F1200
G1 X63.745 Y67.351 E0.35011 F1200
G1 X63.703 Y67.370 E0.35204 F1200
G1 X63.157 Y67.622 E0.37705 F1200
G1 X63.114 Y67.638 E0.37897 F1200
G1 X62.549 Y67.846 E0.40398 F1200
G1 X62.505 Y67.859 E0.40590 F1200
G1 X61.926 Y68.022 E0.43091 F1200
G1 X61.880 Y68.031 E0.43283 F1200
G1 X61.291 Y68.148 E0.45784 F1200
G1 X61.245 Y68.154 E0.45977 F1200
G1 X60.647 Y68.225 E0.48477 F1200
G1 X60.601 Y68.226 E0.48669 F1200
G1 X60.000 Y68.250 E0.51170 F1200
G1 X59.954 Y68.248 E0.51363 F1200
G1 X59.353 Y68.225 E0.53864 F1200
G1 X59.307 Y68.219 E0.54056 F1200
G1 X58.709 Y68.148 E0.56557 F1200
G1 X58.664 Y68.139 E0.56749 F1200
G1 X58.074 Y68.022 E0.59250 F1200
G1 X57.451 Y67.846 E0.61943 F1200
G1 X57.407 Y67.830 E0.62136 F1200
G1 X56.843 Y67.622 E0.64636 F1200
G1 X56.801 Y67.603 E0.64829 F1200
G1 X56.255 Y67.351 E0.67329 F1200
G1 X56.214 Y67.328 E0.67522 F1200
G1 X55.689 Y67.034 E0.70023 F1200
G1 X55.651 Y67.009 E0.70215 F1200
G1 X55.151 Y66.674 E0.72716 F1200
G1 X55.114 Y66.646 E0.72908 F1200
G1 X54.642 Y66.273 E0.75409 F1200
G1 X54.608 Y66.242 E0.75601 F1200
G1 X54.166 Y65.834 E0.78102 F1200
G1 X54.135 Y65.800 E0.78294 F1200
G1 X53.727 Y65.358 E0.80795 F1200
G1 X53.698 Y65.322 E0.80988 F1200
G1 X53.326 Y64.849 E0.83489 F1200
G1 X53.300 Y64.811 E0.83681 F1200
G1 X52.966 Y64.311 E0.86182 F1200
G1 X52.943 Y64.270 E0.86374 F1200
G1 X52.649 Y63.745 E0.88875 F1200
G1 X52.630 Y63.703 E0.89067 F1200
G1 X52.378 Y63.157 E0.91568 F1200
G1 X52.362 Y63.114 E0.91761 F1200
G1 X52.154 Y62.549 E0.94261 F1200
G1 X52.141 Y62.505 E0.94454 F1200
G1 X51.978 Y61.926 E0.96955 F1200
G1 X51.969 Y61.880 E0.97147 F1200
G1 X51.852 Y61.291 E0.99648 F1200
G1 X51.846 Y61.245 E0.99840 F1200
G1 X51.775 Y60.647 E1.02341 F1200
G1 X51.774 Y60.601 E1.02533 F1200
G1 X51.750 Y60.000 E1.05034 F1200
G1 X51.752 Y59.954 E1.05226 F1200
G1 X51.775 Y59.353 E1.07727 F1200
G1 X51.781 Y59.307 E1.07919 F1200
G1 X51.852 Y58.709 E1.10421 F1200
G1 X51.861 Y58.664 E1.10613 F1200
G1 X51.978 Y58.074 E1.13113 F1200
G1 X52.154 Y57.451 E1.15807 F1200
G1 X52.170 Y57.407 E1.15999 F1200
G1 X52.378 Y56.843 E1.18500 F1200
G1 X52.397 Y56.801 E1.18693 F1200
G1 X52.649 Y56.255 E1.21193 F1200
G1 X52.672 Y56.214 E1.21386 F1200
G1 X52.966 Y55.689 E1.23886 F1200
G1 X52.991 Y55.651 E1.24079 F1200
G1 X53.326 Y55.151 E1.26579 F1200
G1 X53.354 Y55.114 E1.26772 F1200
G1 X53.727 Y54.642 E1.29273 F1200
G1 X53.758 Y54.608 E1.29465 F1200
G1 X54.166 Y54.166 E1.31966 F1200
G1 X54.200 Y54.135 E1.32158 F1200
G1 X54.642 Y53.727 E1.34659 F1200
G1 X54.678 Y53.698 E1.34851 F1200
G1 X55.151 Y53.326 E1.37352 F1200
G1 X55.189 Y53.300 E1.37544 F1200
G1 X55.689 Y52.966 E1.40046 F1200
G1 X55.730 Y52.943 E1.40238 F1200
G1 X56.255 Y52.649 E1.42739 F1200
G1 X56.297 Y52.630 E1.42931 F1200
G1 X56.843 Y52.378 E1.45432 F1200
G1 X56.886 Y52.362 E1.45624 F1200
G1 X57.451 Y52.154 E1.48125 F1200
G1 X57.495 Y52.141 E1.48317 F1200
G1 X58.074 Y51.978 E1.50818 F1200
G1 X58.120 Y51.969 E1.51011 F1200
G1 X58.709 Y51.852 E1.53511 F1200
G1 X58.755 Y51.846 E1.53704 F1200
G1 X59.353 Y51.775 E1.56204 F1200
G1 X59.399 Y51.774 E1.56397 F1200
G1 X60.000 Y51.750 E1.58898 F1200
G1 X60.046 Y51.752 E1.59090 F1200
G1 X60.647 Y51.775 E1.61591 F1200
G1 X60.693 Y51.781 E1.61783 F1200
G1 X61.291 Y51.852 E1.64284 F1200
G1 X61.336 Y51.861 E1.64477 F1200
G1 X61.926 Y51.978 E1.66977 F1200
G1 X62.549 Y52.154 E1.69671 F1200
G1 X62.593 Y52.170 E1.69863 F1200
G1 X63.157 Y52.378 E1.72364 F1200
G1 X63.199 Y52.397 E1.72556 F1200
G1 X63.745 Y52.649 E1.75057 F1200
G1 X63.786 Y52.672 E1.75249 F1200
G1 X64.311 Y52.966 E1.77750 F1200
G1 X64.349 Y52.991 E1.77942 F1200
G1 X64.849 Y53.326 E1.80443 F1200
G1 X64.886 Y53.354 E1.80636 F1200
G1 X65.358 Y53.727 E1.83136 F1200
G1 X65.392 Y53.758 E1.83329 F1200
G1 X65.834 Y54.166 E1.85830 F1200
G1 X65.865 Y54.200 E1.86022 F1200
G1 X66.273 Y54.642 E1.88523 F1200
G1 X66.302 Y54.678 E1.88715 F1200
G1 X66.674 Y55.151 E1.91216 F1200
G1 X66.700 Y55.189 E1.91408 F1200
G1 X67.034 Y55.689 E1.93909 F1200
G1 X67.057 Y55.730 E1.94102 F1200
G1 X67.351 Y56.255 E1.96602 F1200
G1 X67.370 Y56.297 E1.96795 F1200
G1 X67.622 Y56.843 E1.99296 F1200
G1 X67.638 Y56.886 E1.99488 F1200
G1 X67.846 Y57.451 E2.01989 F1200
G1 X67.859 Y57.495 E2.02181 F1200
G1 X68.022 Y58.074 E2.04682 F1200
G1 X68.031 Y58.120 E2.04874 F1200
G1 X68.148 Y58.709 E2.07375 F1200
G1 X68.154 Y58.755 E2.07568 F1200
G1 X68.225 Y59.353 E2.10068 F1200
G1 X68.226 Y59.399 E2.10260 F1200
G1 X68.250 Y60.000 E2.12761 F1200
G1 X68.248 Y60.046 E2.12954 F1200
G1 X68.225 Y60.647 E2.15455 F1200
G1 E0.65455 F1500  ; retract
G1 X70.019 Y60.788 F9000
G1 E2.15455 F1500  ; un-retract
G1 X69.933 Y61.516 E2.18501 F1200
G1 X69.926 Y61.572 E2.18736 F1200
G1 X69.783 Y62.291 E2.21782 F1200
G1 X69.772 Y62.346 E2.22016 F1200
G1 X69.573 Y63.051 E2.25063 F1200
G1 X69.558 Y63.106 E2.25297 F1200
G1 X69.305 Y63.793 E2.28344 F1200
G1 X69.285 Y63.846 E2.28578 F1200
G1 X68.978 Y64.511 E2.31624 F1200
G1 X68.955 Y64.563 E2.31859 F1200
G1 X68.597 Y65.202 E2.34905 F1200
G1 X68.569 Y65.251 E2.35139 F1200
G1 X68.162 Y65.860 E2.38186 F1200
G1 X68.131 Y65.907 E2.38420 F1200
G1 X67.677 Y66.483 E2.41467 F1200
G1 X67.642 Y66.527 E2.41701 F1200
G1 X67.145 Y67.065 E2.44747 F1200
G1 X67.106 Y67.106 E2.44982 F1200
G1 X66.568 Y67.604 E2.48028 F1200
G1 X66.527 Y67.642 E2.48262 F1200
G1 X65.951 Y68.096 E2.51309 F1200
G1 X65.907 Y68.131 E2.51543 F1200
G1 X65.298 Y68.538 E2.54590 F1200
G1 X65.251 Y68.569 E2.54824 F1200
G1 X64.612 Y68.927 E2.57871 F1200
G1 X64.563 Y68.955 E2.58105 F1200
G1 X63.897 Y69.261 E2.61151 F1200
G1 X63.846 Y69.285 E2.61386 F1200
G1 X63.159 Y69.539 E2.64432 F1200
G1 X63.106 Y69.558 E2.64667 F1200
G1 X62.400 Y69.757 E2.67713 F1200
G1 X62.346 Y69.772 E2.67947 F1200
G1 X61.627 Y69.915 E2.70994 F1200
G1 X61.572 Y69.926 E2.71228 F1200
G1 X60.844 Y70.012 E2.74274 F1200
G1 X60.788 Y70.019 E2.74509 F1200
G1 X60.056 Y70.048 E2.77555 F1200
G1 X60.000 Y70.050 E2.77790 F1200
G1 X59.268 Y70.021 E2.80836 F1200
G1 X59.212 Y70.019 E2.81070 F1200
G1 X58.484 Y69.933 E2.84117 F1200
G1 X58.428 Y69.926 E2.84351 F1200
G1 X57.709 Y69.783 E2.87397 F1200
G1 X57.654 Y69.772 E2.87632 F1200
G1 X56.949 Y69.573 E2.90679 F1200
G1 X56.894 Y69.558 E2.90913 F1200
G1 X56.207 Y69.305 E2.93959 F1200
G1 X56.154 Y69.285 E2.94194 F1200
G1 X55.489 Y68.978 E2.97240 F1200
G1 X55.437 Y68.955 E2.97474 F1200
G1 X54.798 Y68.597 E3.00521 F1200
G1 X54.749 Y68.569 E3.00755 F1200
G1 X54.140 Y68.162 E3.03802 F1200
G1 X54.093 Y68.131 E3.04036 F1200
G1 X53.517 Y67.677 E3.07082 F1200
G1 X53.473 Y67.642 E3.07317 F1200
G1 X52.935 Y67.145 E3.10363 F1200
G1 X52.894 Y67.106 E3.10597 F1200
G1 X52.396 Y66.568 E3.13644 F1200
G1 X52.358 Y66.527 E3.13878 F1200
G1 X51.904 Y65.951 E3.16925 F1200
G1 X51.869 Y65.907 E3.17159 F1200
G1 X51.462 Y65.298 E3.20205 F1200
G1 X51.431 Y65.251 E3.20440 F1200
G1 X51.073 Y64.612 E3.23486 F1200
G1 X51.045 Y64.563 E3.23721 F1200
G1 X50.739 Y63.897 E3.26767 F1200
G1 X50.715 Y63.846 E3.27001 F1200
G1 X50.461 Y63.159 E3.30048 F1200
G1 X50.442 Y63.106 E3.30282 F1200
G1 X50.243 Y62.400 E3.33329 F1200
G1 X50.228 Y62.346 E3.33563 F1200
G1 X50.085 Y61.627 E3.36610 F1200
G1 X50.074 Y61.572 E3.36844 F1200
G1 X49.988 Y60.844 E3.39890 F1200
G1 X49.981 Y60.788 E3.40125 F1200
G1 X49.952 Y60.056 E3.43171 F1200
G1 X49.950 Y60.000 E3.43405 F1200
G1 X49.979 Y59.268 E3.46452 F1200
G1 X49.981 Y59.212 E3.46686 F1200
G1 X50.067 Y58.484 E3.49733 F1200
G1 X50.074 Y58.428 E3.49967 F1200
G1 X50.217 Y57.709 E3.53013 F1200
G1 X50.228 Y57.654 E3.53248 F1200
G1 X50.427 Y56.949 E3.56294 F1200
G1 X50.442 Y56.894 E3.56528 F1200
G1 X50.695 Y56.207 E3.59575 F1200
G1 X50.715 Y56.154 E3.59809 F1200
G1 X51.022 Y55.489 E3.62856 F1200
G1 X51.045 Y55.437 E3.63090 F1200
G1 X51.403 Y54.798 E3.66136 F1200
G1 X51.431 Y54.749 E3.66371 F1200
G1 X51.838 Y54.140 E3.69417 F1200
G1 X51.869 Y54.093 E3.69652 F1200
G1 X52.323 Y53.517 E3.72698 F1200
G1 X52.358 Y53.473 E3.72933 F1200
G1 X52.855 Y52.935 E3.75979 F1200
G1 X52.894 Y52.894 E3.76213 F1200
G1 X53.432 Y52.396 E3.79260 F1200
G1 X53.473 Y52.358 E3.79494 F1200
G1 X54.048 Y51.904 E3.82540 F1200
G1 X54.093 Y51.869 E3.82775 F1200
G1 X54.702 Y51.462 E3.85821 F1200
G1 X54.749 Y51.431 E3.86056 F1200
G1 X55.388 Y51.073 E3.89102 F1200
G1 X55.437 Y51.045 E3.89336 F1200
G1 X56.103 Y50.739 E3.92383 F1200
G1 X56.154 Y50.715 E3.92617 F1200
G1 X56.841 Y50.461 E3.95664 F1200
G1 X56.894 Y50.442 E3.95898 F1200
G1 X57.600 Y50.243 E3.98944 F1200
G1 X57.654 Y50.228 E3.99179 F1200
G1 X58.373 Y50.085 E4.02225 F1200
G1 X58.428 Y50.074 E4.02459 F1200
G1 X59.156 Y49.988 E4.05506 F1200
G1 X59.212 Y49.981 E4.05740 F1200
G1 X59.944 Y49.952 E4.08787 F1200
G1 X60.000 Y49.950 E4.09021 F1200
G1 X60.732 Y49.979 E4.12068 F1200
G1 X60.788 Y49.981 E4.12302 F1200
G1 X61.516 Y50.067 E4.15348 F1200
G1 X61.572 Y50.074 E4.15583 F1200
G1 X62.291 Y50.217 E4.18629 F1200
G1 X62.346 Y50.228 E4.18863 F1200
G1 X63.051 Y50.427 E4.21910 F1200
G1 X63.106 Y50.442 E4.22144 F1200
G1 X63.793 Y50.695 E4.25191 F1200
G1 X63.846 Y50.715 E4.25425 F1200
G1 X64.511 Y51.022 E4.28471 F1200
G1 X64.563 Y51.045 E4.28706 F1200
G1 X65.202 Y51.403 E4.31752 F1200
G1 X65.251 Y51.431 E4.31987 F1200
G1 X65.860 Y51.838 E4.35033 F1200
G1 X65.907 Y51.869 E4.35267 F1200
G1 X66.483 Y52.323 E4.38314 F1200
G1 X66.527 Y52.358 E4.38548 F1200
G1 X67.065 Y52.855 E4.41594 F1200
G1 X67.106 Y52.894 E4.41829 F1200
G1 X67.604 Y53.432 E4.44875 F1200
G1 X67.642 Y53.473 E4.45110 F1200
G1 X68.096 Y54.048 E4.48156 F1200
G1 X68.131 Y54.093 E4.48391 F1200
G1 X68.538 Y54.702 E4.51437 F1200
G1 X68.569 Y54.749 E4.51671 F1200
G1 X68.927 Y55.388 E4.54718 F1200
G1 X68.955 Y55.437 E4.54952 F1200
G1 X69.261 Y56.103 E4.57998 F1200
G1 X69.285 Y56.154 E4.58233 F1200
G1 X69.539 Y56.841 E4.61279 F1200
G1 X69.558 Y56.894 E4.61514 F1200
G1 X69.757 Y57.600 E4.64560 F1200
G1 X69.772 Y57.654 E4.64795 F1200
G1 X69.915 Y58.373 E4.67841 F1200
G1 X69.926 Y58.428 E4.68075 F1200
G1 X70.012 Y59.156 E4.71122 F1200
G1 X70.019 Y59.212 E4.71356 F1200
G1 X70.048 Y59.944 E4.74403 F1200
G1 X70.050 Y60.000 E4.74637 F1200
G1 X70.021 Y60.732 E4.77683 F1200
G1 X70.019 Y60.788 E4.77918 F1200
G1 E3.27918 F1500  ; retract
G1 X63.461 Y50.662 F9000
G1 E4.77918 F1500  ; un-retract
G1 X69.338 Y56.539 E5.12473 F1200
G1 E3.62473 F1500  ; retract
G1 X60.065 Y50.094 F9000
G1 E5.12473 F1500  ; un-retract
G1 X61.815 Y51.845 E5.22767 F1200
G1 E3.72767 F1500  ; retract
G1 X68.155 Y58.185 F9000
G1 E5.22767 F1500  ; un-retract
G1 X69.906 Y59.935 E5.33060 F1200
G1 E3.83060 F1500  ; retract
G1 X57.573 Y50.432 F9000
G1 E5.33060 F1500  ; un-retract
G1 X58.822 Y51.680 E5.40400 F1200
G1 E3.90400 F1500  ; retract
G1 X68.320 Y61.178 F9000
G1 E5.40400 F1500  ; un-retract
G1 X69.568 Y62.427 E5.47741 F1200
G1 E3.97741 F1500  ; retract
G1 X55.528 Y51.215 F9000
G1 E5.47741 F1500  ; un-retract
G1 X56.598 Y52.284 E5.54028 F1200
G1 E4.04028 F1500  ; retract
G1 X67.716 Y63.402 F9000
G1 E5.54028 F1500  ; un-retract
G1 X68.785 Y64.472 E5.60315 F1200
G1 E4.10315 F1500  ; retract
G1 X53.821 Y52.336 F9000
G1 E5.60315 F1500  ; un-retract
G1 X54.819 Y53.334 E5.66182 F1200
G1 E4.16182 F1500  ; retract
G1 X66.666 Y65.181 F9000
G1 E5.66182 F1500  ; un-retract
G1 X67.664 Y66.179 E5.72050 F1200
G1 E4.22050 F1500  ; retract
G1 X52.399 Y53.742 F9000
G1 E5.72050 F1500  ; un-retract
G1 X53.397 Y54.740 E5.77917 F1200
G1 E4.27917 F1500  ; retract
G1 X65.260 Y66.604 F9000
G1 E5.77917 F1500  ; un-retract
G1 X66.258 Y67.601 E5.83784 F1200
G1 E4.33784 F1500  ; retract
G1 X51.266 Y55.438 F9000
G1 E5.83784 F1500  ; un-retract
G1 X52.329 Y56.501 E5.90035 F1200
G1 E4.40035 F1500  ; retract
G1 X63.499 Y67.671 F9000
G1 E5.90035 F1500  ; un-retract
G1 X64.562 Y68.734 E5.96286 F1200
G1 E4.46286 F1500  ; retract
G1 X50.463 Y57.463 F9000
G1 E5.96286 F1500  ; un-retract
G1 X51.695 Y58.695 E6.03532 F1200
G1 E4.53532 F1500  ; retract
G1 X61.305 Y68.305 F9000
G1 E6.03532 F1500  ; un-retract
G1 X62.537 Y69.537 E6.10777 F1200
G1 E4.60777 F1500  ; retract
G1 X50.100 Y59.929 F9000
G1 E6.10777 F1500  ; un-retract
G1 X51.807 Y61.636 E6.20814 F1200
G1 E4.70814 F1500  ; retract
G1 X58.364 Y68.193 F9000
G1 E6.20814 F1500  ; un-retract
G1 X60.071 Y69.900 E6.30852 F1200
G1 E4.80852 F1500  ; retract
G1 X50.581 Y63.238 F9000
G1 E6.30852 F1500  ; un-retract
G1 X56.762 Y69.419 E6.67194 F1200

; layer 2  z=0.450
G1 Z0.450 F1200
G1 E5.17194 F1500  ; retract
G1 X68.225 Y60.647 F9000
G1 E6.67194 F1500  ; un-retract
G1 X68.215 Y60.730 E6.67471 F2400
G1 X68.148 Y61.291 E6.69349 F2400
G1 X68.132 Y61.372 E6.69626 F2400
G1 X68.022 Y61.926 E6.71503 F2400
G1 X67.999 Y62.006 E6.71781 F2400
G1 X67.846 Y62.549 E6.73658 F2400
G1 X67.817 Y62.627 E6.73935 F2400
G1 X67.622 Y63.157 E6.75812 F2400
G1 X67.587 Y63.233 E6.76090 F2400
G1 X67.351 Y63.745 E6.77967 F2400
G1 X67.310 Y63.818 E6.78244 F2400
G1 X67.034 Y64.311 E6.80122 F2400
G1 X66.988 Y64.380 E6.80399 F2400
G1 X66.674 Y64.849 E6.82276 F2400
G1 X66.623 Y64.915 E6.82553 F2400
G1 X66.273 Y65.358 E6.84431 F2400
G1 X66.217 Y65.419 E6.84708 F2400
G1 X65.834 Y65.834 E6.86585 F2400
G1 X65.772 Y65.890 E6.86862 F2400
G1 X65.358 Y66.273 E6.88740 F2400
G1 X65.293 Y66.325 E6.89017 F2400
G1 X64.849 Y66.674 E6.90894 F2400
G1 X64.780 Y66.721 E6.91171 F2400
G1 X64.311 Y67.034 E6.93049 F2400
G1 X64.238 Y67.075 E6.93326 F2400
G1 X63.745 Y67.351 E6.95204 F2400
G1 X63.670 Y67.386 E6.95480 F2400
G1 X63.157 Y67.622 E6.97358 F2400
G1 X63.079 Y67.651 E6.97635 F2400
G1 X62.549 Y67.846 E6.99512 F2400
G1 X62.469 Y67.869 E6.99790 F2400
G1 X61.926 Y68.022 E7.01667 F2400
G1 X61.844 Y68.038 E7.01944 F2400
G1 X61.291 Y68.148 E7.03822 F2400
G1 X61.208 Y68.158 E7.04099 F2400
G1 X60.647 Y68.225 E7.05976 F2400
G1 X60.564 Y68.228 E7.06253 F2400
G1 X60.000 Y68.250 E7.08131 F2400
G1 X59.917 Y68.247 E7.08408 F2400
G1 X59.353 Y68.225 E7.10285 F2400
G1 X59.270 Y68.215 E7.10562 F2400
G1 X58.709 Y68.148 E7.12440 F2400
G1 X58.628 Y68.132 E7.12717 F2400
G1 X58.074 Y68.022 E7.14594 F2400
G1 X57.994 Y67.999 E7.14872 F2400
G1 X57.451 Y67.846 E7.16749 F2400
G1 X57.373 Y67.817 E7.17026 F2400
G1 X56.843 Y67.622 E7.18903 F2400
G1 X56.767 Y67.587 E7.19181 F2400
G1 X56.255 Y67.351 E7.21058 F2400
G1 X56.182 Y67.310 E7.21335 F2400
G1 X55.689 Y67.034 E7.23213 F2400
G1 X55.620 Y66.988 E7.23490 F2400
G1 X55.151 Y66.674 E7.25367 F2400
G1 X55.085 Y66.623 E7.25644 F2400
G1 X54.642 Y66.273 E7.27522 F2400
G1 X54.581 Y66.217 E7.27799 F2400
G1 X54.166 Y65.834 E7.29676 F2400
G1 X54.110 Y65.772 E7.29953 F2400
G1 X53.727 Y65.358 E7.31831 F2400
G1 X53.675 Y65.293 E7.32108 F2400
G1 X53.326 Y64.849 E7.33985 F2400
G1 X53.279 Y64.780 E7.34262 F2400
G1 X52.966 Y64.311 E7.36140 F2400
G1 X52.925 Y64.238 E7.36417 F2400
G1 X52.649 Y63.745 E7.38294 F2400
G1 X52.614 Y63.670 E7.38571 F2400
G1 X52.378 Y63.157 E7.40449 F2400
G1 X52.349 Y63.079 E7.40726 F2400
G1 X52.154 Y62.549 E7.42603 F2400
G1 X52.131 Y62.469 E7.42881 F2400
G1 X51.978 Y61.926 E7.44758 F2400
G1 X51.962 Y61.844 E7.45035 F2400
G1 X51.852 Y61.291 E7.46912 F2400
G1 X51.842 Y61.208 E7.47189 F2400
G1 X51.775 Y60.647 E7.49067 F2400
G1 X51.772 Y60.564 E7.49344 F2400
G1 X51.750 Y60.000 E7.51222 F2400
G1 X51.753 Y59.917 E7.51499 F2400
G1 X51.775 Y59.353 E7.53376 F2400
G1 X51.785 Y59.270 E7.53653 F2400
G1 X51.852 Y58.709 E7.55531 F2400
G1 X51.868 Y58.628 E7.55808 F2400
G1 X51.978 Y58.074 E7.57685 F2400
G1 X52.001 Y57.994 E7.57962 F2400
G1 X52.154 Y57.451 E7.59840 F2400
G1 X52.183 Y57.373 E7.60117 F2400
G1 X52.378 Y56.843 E7.61994 F2400
G1 X52.413 Y56.767 E7.62272 F2400
G1 X52.649 Y56.255 E7.64149 F2400
G1 X52.690 Y56.182 E7.64426 F2400
G1 X52.966 Y55.689 E7.66303 F2400
G1 X53.012 Y55.620 E7.66581 F2400
G1 X53.326 Y55.151 E7.68458 F2400
G1 X53.377 Y55.085 E7.68735 F2400
G1 X53.727 Y54.642 E7.70613 F2400
G1 X53.783 Y54.581 E7.70890 F2400
G1 X54.166 Y54.166 E7.72767 F2400
G1 X54.227 Y54.110 E7.73044 F2400
G1 X54.642 Y53.727 E7.74922 F2400
G1 X54.707 Y53.675 E7.75199 F2400
G1 X55.151 Y53.326 E7.77076 F2400
G1 X55.220 Y53.279 E7.77353 F2400
G1 X55.689 Y52.966 E7.79231 F2400
G1 X55.762 Y52.925 E7.79508 F2400
G1 X56.255 Y52.649 E7.81385 F2400
G1 X56.330 Y52.614 E7.81662 F2400
G1 X56.843 Y52.378 E7.83540 F2400
G1 X56.921 Y52.349 E7.83817 F2400
G1 X57.451 Y52.154 E7.85694 F2400
G1 X57.531 Y52.131 E7.85971 F2400
G1 X58.074 Y51.978 E7.87849 F2400
G1 X58.156 Y51.962 E7.88126 F2400
G1 X58.709 Y51.852 E7.90003 F2400
G1 X58.792 Y51.842 E7.90280 F2400
G1 X59.353 Y51.775 E7.92158 F2400
G1 X59.436 Y51.772 E7.92435 F2400
G1 X60.000 Y51.750 E7.94313 F2400
G1 X60.083 Y51.753 E7.94590 F2400
G1 X60.647 Y51.775 E7.96467 F2400
G1 X60.730 Y51.785 E7.96744 F2400
G1 X61.291 Y51.852 E7.98622 F2400
G1 X61.372 Y51.868 E7.98899 F2400
G1 X61.926 Y51.978 E8.00776 F2400
G1 X62.006 Y52.001 E8.01053 F2400
G1 X62.549 Y52.154 E8.02931 F2400
G1 X62.627 Y52.183 E8.03208 F2400
G1 X63.157 Y52.378 E8.05085 F2400
G1 X63.233 Y52.413 E8.05362 F2400
G1 X63.745 Y52.649 E8.07240 F2400
G1 X63.818 Y52.690 E8.07517 F2400
G1 X64.311 Y52.966 E8.09394 F2400
G1 X64.380 Y53.012 E8.09672 F2400
G1 X64.849 Y53.326 E8.11549 F2400
G1 X64.915 Y53.377 E8.11826 F2400
G1 X65.358 Y53.727 E8.13703 F2400
G1 X65.419 Y53.783 E8.13981 F2400
G1 X65.834 Y54.166 E8.15858 F2400
G1 X65.890 Y54.227 E8.16135 F2400
G1 X66.273 Y54.642 E8.18013 F2400
G1 X66.325 Y54.707 E8.18290 F2400
G1 X66.674 Y55.151 E8.20167 F2400
G1 X66.721 Y55.220 E8.20444 F2400
G1 X67.034 Y55.689 E8.22322 F2400
G1 X67.075 Y55.762 E8.22599 F2400
G1 X67.351 Y56.255 E8.24476 F2400
G1 X67.386 Y56.330 E8.24753 F2400
G1 X67.622 Y56.843 E8.26631 F2400
G1 X67.651 Y56.921 E8.26908 F2400
G1 X67.846 Y57.451 E8.28785 F2400
G1 X67.869 Y57.531 E8.29062 F2400
G1 X68.022 Y58.074 E8.30940 F2400
G1 X68.038 Y58.156 E8.31217 F2400
G1 X68.148 Y58.709 E8.33094 F2400
G1 X68.158 Y58.792 E8.33371 F2400
G1 X68.225 Y59.353 E8.35249 F2400
G1 X68.228 Y59.436 E8.35526 F2400
G1 X68.250 Y60.000 E8.37404 F2400
G1 X68.247 Y60.083 E8.37680 F2400
G1 X68.225 Y60.647 E8.39558 F2400
G1 E6.89558 F1500  ; retract
G1 X70.019 Y60.788 F9000
G1 E8.39558 F1500  ; un-retract
G1 X69.938 Y61.471 E8.41845 F2400
G1 X69.926 Y61.572 E8.42183 F2400
G1 X69.792 Y62.247 E8.44470 F2400
G1 X69.772 Y62.346 E8.44807 F2400
G1 X69.586 Y63.008 E8.47095 F2400
G1 X69.558 Y63.106 E8.47432 F2400
G1 X69.320 Y63.751 E8.49719 F2400
G1 X69.285 Y63.846 E8.50057 F2400
G1 X68.997 Y64.471 E8.52344 F2400
G1 X68.955 Y64.563 E8.52681 F2400
G1 X68.619 Y65.163 E8.54969 F2400
G1 X68.569 Y65.251 E8.55306 F2400
G1 X68.187 Y65.823 E8.57593 F2400
G1 X68.131 Y65.907 E8.57930 F2400
G1 X67.705 Y66.447 E8.60218 F2400
G1 X67.642 Y66.527 E8.60555 F2400
G1 X67.175 Y67.032 E8.62842 F2400
G1 X67.106 Y67.106 E8.63180 F2400
G1 X66.602 Y67.573 E8.65467 F2400
G1 X66.527 Y67.642 E8.65804 F2400
G1 X65.987 Y68.068 E8.68092 F2400
G1 X65.907 Y68.131 E8.68429 F2400
G1 X65.335 Y68.513 E8.70716 F2400
G1 X65.251 Y68.569 E8.71054 F2400
G1 X64.651 Y68.905 E8.73341 F2400
G1 X64.563 Y68.955 E8.73678 F2400
G1 X63.938 Y69.243 E8.75965 F2400
G1 X63.846 Y69.285 E8.76303 F2400
G1 X63.201 Y69.523 E8.78590 F2400
G1 X63.106 Y69.558 E8.78928 F2400
G1 X62.444 Y69.745 E8.81215 F2400
G1 X62.346 Y69.772 E8.81552 F2400
G1 X61.672 Y69.906 E8.83839 F2400
G1 X61.572 Y69.926 E8.84177 F2400
G1 X60.889 Y70.007 E8.86464 F2400
G1 X60.788 Y70.019 E8.86802 F2400
G1 X60.101 Y70.046 E8.89089 F2400
G1 X60.000 Y70.050 E8.89426 F2400
G1 X59.313 Y70.023 E8.91713 F2400
G1 X59.212 Y70.019 E8.92051 F2400
G1 X58.529 Y69.938 E8.94338 F2400
G1 X58.428 Y69.926 E8.94675 F2400
G1 X57.753 Y69.792 E8.96962 F2400
G1 X57.654 Y69.772 E8.97300 F2400
G1 X56.992 Y69.586 E8.99587 F2400
G1 X56.894 Y69.558 E8.99925 F2400
G1 X56.249 Y69.320 E9.02212 F2400
G1 X56.154 Y69.285 E9.02549 F2400
G1 X55.529 Y68.997 E9.04837 F2400
G1 X55.437 Y68.955 E9.05174 F2400
G1 X54.837 Y68.619 E9.07461 F2400
G1 X54.749 Y68.569 E9.07799 F2400
G1 X54.177 Y68.187 E9.10086 F2400
G1 X54.093 Y68.131 E9.10423 F2400
G1 X53.553 Y67.705 E9.12710 F2400
G1 X53.473 Y67.642 E9.13048 F2400
G1 X52.968 Y67.175 E9.15335 F2400
G1 X52.894 Y67.106 E9.15672 F2400
G1 X52.427 Y66.602 E9.17959 F2400
G1 X52.358 Y66.527 E9.18297 F2400
G1 X51.932 Y65.987 E9.20584 F2400
G1 X51.869 Y65.907 E9.20922 F2400
G1 X51.487 Y65.335 E9.23209 F2400
G1 X51.431 Y65.251 E9.23546 F2400
G1 X51.095 Y64.651 E9.25833 F2400
G1 X51.045 Y64.563 E9.26171 F2400
G1 X50.758 Y63.938 E9.28458 F2400
G1 X50.715 Y63.846 E9.28795 F2400
G1 X50.477 Y63.201 E9.31083 F2400
G1 X50.442 Y63.106 E9.31420 F2400
G1 X50.255 Y62.444 E9.33707 F2400
G1 X50.228 Y62.346 E9.34045 F2400
G1 X50.093 Y61.672 E9.36332 F2400
G1 X50.074 Y61.572 E9.36669 F2400
G1 X49.993 Y60.889 E9.38957 F2400
G1 X49.981 Y60.788 E9.39294 F2400
G1 X49.954 Y60.101 E9.41581 F2400
G1 X49.950 Y60.000 E9.41919 F2400
G1 X49.977 Y59.313 E9.44206 F2400
G1 X49.981 Y59.212 E9.44543 F2400
G1 X50.062 Y58.529 E9.46830 F2400
G1 X50.074 Y58.428 E9.47168 F2400
G1 X50.208 Y57.753 E9.49455 F2400
G1 X50.228 Y57.654 E9.49793 F2400
G1 X50.414 Y56.992 E9.52080 F2400
G1 X50.442 Y56.894 E9.52417 F2400
G1 X50.680 Y56.249 E9.54704 F2400
G1 X50.715 Y56.154 E9.55042 F2400
G1 X51.003 Y55.529 E9.57329 F2400
G1 X51.045 Y55.437 E9.57666 F2400
G1 X51.381 Y54.837 E9.59954 F2400
G1 X51.431 Y54.749 E9.60291 F2400
G1 X51.813 Y54.177 E9.62578 F2400
G1 X51.869 Y54.093 E9.62916 F2400
G1 X52.295 Y53.553 E9.65203 F2400
G1 X52.358 Y53.473 E9.65540 F2400
G1 X52.825 Y52.968 E9.67827 F2400
G1 X52.894 Y52.894 E9.68165 F2400
G1 X53.398 Y52.427 E9.70452 F2400
G1 X53.473 Y52.358 E9.70790 F2400
G1 X54.013 Y51.932 E9.73077 F2400
G1 X54.093 Y51.869 E9.73414 F2400
G1 X54.665 Y51.487 E9.75701 F2400
G1 X54.749 Y51.431 E9.76039 F2400
G1 X55.349 Y51.095 E9.78326 F2400
G1 X55.437 Y51.045 E9.78663 F2400
G1 X56.062 Y50.758 E9.80951 F2400
G1 X56.154 Y50.715 E9.81288 F2400
G1 X56.799 Y50.477 E9.83575 F2400
G1 X56.894 Y50.442 E9.83913 F2400
G1 X57.556 Y50.255 E9.86200 F2400
G1 X57.654 Y50.228 E9.86537 F2400
G1 X58.328 Y50.093 E9.88824 F2400
G1 X58.428 Y50.074 E9.89162 F2400
G1 X59.111 Y49.993 E9.91449 F2400
G1 X59.212 Y49.981 E9.91787 F2400
G1 X59.899 Y49.954 E9.94074 F2400
G1 X60.000 Y49.950 E9.94411 F2400
G1 X60.687 Y49.977 E9.96698 F2400
G1 X60.788 Y49.981 E9.97036 F2400
G1 X61.471 Y50.062 E9.99323 F2400
G1 X61.572 Y50.074 E9.99661 F2400
G1 X62.247 Y50.208 E10.01948 F2400
G1 X62.346 Y50.228 E10.02285 F2400
G1 X63.008 Y50.414 E10.04572 F2400
G1 X63.106 Y50.442 E10.04910 F2400
G1 X63.751 Y50.680 E10.07197 F2400
G1 X63.846 Y50.715 E10.07535 F2400
G1 X64.471 Y51.003 E10.09822 F2400
G1 X64.563 Y51.045 E10.10159 F2400
G1 X65.163 Y51.381 E10.12446 F2400
G1 X65.251 Y51.431 E10.12784 F2400
G1 X65.823 Y51.813 E10.15071 F2400
G1 X65.907 Y51.869 E10.15408 F2400
G1 X66.447 Y52.295 E10.17696 F2400
G1 X66.527 Y52.358 E10.18033 F2400
G1 X67.032 Y52.825 E10.20320 F2400
G1 X67.106 Y52.894 E10.20658 F2400
G1 X67.573 Y53.398 E10.22945 F2400
G1 X67.642 Y53.473 E10.23282 F2400
G1 X68.068 Y54.013 E10.25569 F2400
G1 X68.131 Y54.093 E10.25907 F2400
G1 X68.513 Y54.665 E10.28194 F2400
G1 X68.569 Y54.749 E10.28531 F2400
G1 X68.905 Y55.349 E10.30819 F2400
G1 X68.955 Y55.437 E10.31156 F2400
G1 X69.243 Y56.062 E10.33443 F2400
G1 X69.285 Y56.154 E10.33781 F2400
G1 X69.523 Y56.799 E10.36068 F2400
G1 X69.558 Y56.894 E10.36405 F2400
G1 X69.745 Y57.556 E10.38692 F2400
G1 X69.772 Y57.654 E10.39030 F2400
G1 X69.906 Y58.328 E10.41317 F2400
G1 X69.926 Y58.428 E10.41655 F2400
G1 X70.007 Y59.111 E10.43942 F2400
G1 X70.019 Y59.212 E10.44279 F2400
G1 X70.046 Y59.899 E10.46566 F2400
G1 X70.050 Y60.000 E10.46904 F2400
G1 X70.023 Y60.687 E10.49191 F2400
G1 X70.019 Y60.788 E10.49528 F2400
G1 E8.99528 F1500  ; retract
G1 X69.338 Y63.461 F9000
G1 E10.49528 F1500  ; un-retract
G1 X63.461 Y69.338 E10.77173 F3600
G1 E9.27173 F1500  ; retract
G1 X69.906 Y60.065 F9000
G1 E10.77173 F1500  ; un-retract
G1 X68.155 Y61.815 E10.85408 F3600
G1 E9.35408 F1500  ; retract
G1 X61.815 Y68.155 F9000
G1 E10.85408 F1500  ; un-retract
G1 X60.065 Y69.906 E10.93643 F3600
G1 E9.43643 F1500  ; retract
G1 X69.568 Y57.573 F9000
G1 E10.93643 F1500  ; un-retract
G1 X68.320 Y58.822 E10.99515 F3600
G1 E9.49515 F1500  ; retract
G1 X58.822 Y68.320 F9000
G1 E10.99515 F1500  ; un-retract
G1 X57.573 Y69.568 E11.05387 F3600
G1 E9.55387 F1500  ; retract
G1 X68.785 Y55.528 F9000
G1 E11.05387 F1500  ; un-retract
G1 X67.716 Y56.598 E11.10417 F3600
G1 E9.60417 F1500  ; retract
G1 X56.598 Y67.716 F9000
G1 E11.10417 F1500  ; un-retract
G1 X55.528 Y68.785 E11.15447 F3600
G1 E9.65447 F1500  ; retract
G1 X67.664 Y53.821 F9000
G1 E11.15447 F1500  ; un-retract
G1 X66.666 Y54.819 E11.20141 F3600
G1 E9.70141 F1500  ; retract
G1 X54.819 Y66.666 F9000
G1 E11.20141 F1500  ; un-retract
G1 X53.821 Y67.664 E11.24834 F3600
G1 E9.74834 F1500  ; retract
G1 X66.258 Y52.399 F9000
G1 E11.24834 F1500  ; un-retract
G1 X65.260 Y53.397 E11.29528 F3600
G1 E9.79528 F1500  ; retract
G1 X53.397 Y65.260 F9000
G1 E11.29528 F1500  ; un-retract
G1 X52.399 Y66.258 E11.34222 F3600
G1 E9.84222 F1500  ; retract
G1 X64.562 Y51.266 F9000
G1 E11.34222 F1500  ; un-retract
G1 X63.499 Y52.329 E11.39223 F3600
G1 E9.89223 F1500  ; retract
G1 X52.329 Y63.499 F9000
G1 E11.39223 F1500  ; un-retract
G1 X51.266 Y64.562 E11.44224 F3600
G1 E9.94224 F1500  ; retract
G1 X62.537 Y50.463 F9000
G1 E11.44224 F1500  ; un-retract
G1 X61.305 Y51.695 E11.50020 F3600
G1 E10.00020 F1500  ; retract
G1 X51.695 Y61.305 F9000
G1 E11.50020 F1500  ; un-retract
G1 X50.463 Y62.537 E11.55816 F3600
G1 E10.05816 F1500  ; retract
G1 X60.071 Y50.100 F9000
G1 E11.55816 F1500  ; un-retract
G1 X58.364 Y51.807 E11.63846 F3600
G1 E10.13846 F1500  ; retract
G1 X51.807 Y58.364 F9000
G1 E11.63846 F1500  ; un-retract
G1 X50.100 Y60.071 E11.71876 F3600
G1 E10.21876 F1500  ; retract
G1 X56.762 Y50.581 F9000
G1 E11.71876 F1500  ; un-retract
G1 X50.581 Y56.762 E12.00950 F3600

; layer 3  z=0.650
G1 Z0.650 F1200
G1 E10.50950 F1500  ; retract
G1 X68.225 Y60.647 F9000
G1 E12.00950 F1500  ; un-retract
G1 X68.210 Y60.767 E12.01351 F2400
G1 X68.148 Y61.291 E12.03105 F2400
G1 X68.125 Y61.409 E12.03505 F2400
G1 X68.022 Y61.926 E12.05259 F2400
G1 X67.989 Y62.042 E12.05660 F2400
G1 X67.846 Y62.549 E12.07414 F2400
G1 X67.805 Y62.662 E12.07814 F2400
G1 X67.622 Y63.157 E12.09568 F2400
G1 X67.572 Y63.266 E12.09969 F2400
G1 X67.351 Y63.745 E12.11723 F2400
G1 X67.292 Y63.850 E12.12123 F2400
G1 X67.034 Y64.311 E12.13878 F2400
G1 X66.967 Y64.411 E12.14278 F2400
G1 X66.674 Y64.849 E12.16032 F2400
G1 X66.600 Y64.944 E12.16432 F2400
G1 X66.273 Y65.358 E12.18187 F2400
G1 X66.192 Y65.446 E12.18587 F2400
G1 X65.834 Y65.834 E12.20341 F2400
G1 X65.745 Y65.915 E12.20741 F2400
G1 X65.358 Y66.273 E12.22496 F2400
G1 X65.263 Y66.348 E12.22896 F2400
G1 X64.849 Y66.674 E12.24650 F2400
G1 X64.749 Y66.741 E12.25050 F2400
G1 X64.311 Y67.034 E12.26805 F2400
G1 X64.206 Y67.093 E12.27205 F2400
G1 X63.745 Y67.351 E12.28960 F2400
G1 X63.636 Y67.401 E12.29360 F2400
G1 X63.157 Y67.622 E12.31114 F2400
G1 X63.044 Y67.664 E12.31514 F2400
G1 X62.549 Y67.846 E12.33269 F2400
G1 X62.434 Y67.879 E12.33669 F2400
G1 X61.926 Y68.022 E12.35423 F2400
G1 X61.808 Y68.046 E12.35823 F2400
G1 X61.291 Y68.148 E12.37578 F2400
G1 X61.171 Y68.163 E12.37978 F2400
G1 X60.647 Y68.225 E12.39732 F2400
G1 X60.527 Y68.229 E12.40132 F2400
G1 X60.000 Y68.250 E12.41887 F2400
G1 X59.880 Y68.245 E12.42287 F2400
G1 X59.353 Y68.225 E12.44041 F2400
G1 X59.233 Y68.210 E12.44442 F2400
G1 X58.709 Y68.148 E12.46196 F2400
G1 X58.591 Y68.125 E12.46596 F2400
G1 X58.074 Y68.022 E12.48350 F2400
G1 X57.958 Y67.989 E12.48751 F2400
G1 X57.451 Y67.846 E12.50505 F2400
G1 X57.338 Y67.805 E12.50905 F2400
G1 X56.843 Y67.622 E12.52659 F2400
G1 X56.734 Y67.572 E12.53060 F2400
G1 X56.255 Y67.351 E12.54814 F2400
G1 X56.150 Y67.292 E12.55214 F2400
G1 X55.689 Y67.034 E12.56969 F2400
G1 X55.589 Y66.967 E12.57369 F2400
G1 X55.151 Y66.674 E12.59123 F2400
G1 X55.056 Y66.600 E12.59523 F2400
G1 X54.642 Y66.273 E12.61278 F2400
G1 X54.554 Y66.192 E12.61678 F2400
G1 X54.166 Y65.834 E12.63432 F2400
G1 X54.085 Y65.745 E12.63832 F2400
G1 X53.727 Y65.358 E12.65587 F2400
G1 X53.652 Y65.263 E12.65987 F2400
G1 X53.326 Y64.849 E12.67741 F2400
G1 X53.259 Y64.749 E12.68141 F2400
G1 X52.966 Y64.311 E12.69896 F2400
G1 X52.907 Y64.206 E12.70296 F2400
G1 X52.649 Y63.745 E12.72050 F2400
G1 X52.599 Y63.636 E12.72450 F2400
G1 X52.378 Y63.157 E12.74205 F2400
G1 X52.336 Y63.044 E12.74605 F2400
G1 X52.154 Y62.549 E12.76359 F2400
G1 X52.121 Y62.434 E12.76760 F2400
G1 X51.978 Y61.926 E12.78514 F2400
G1 X51.954 Y61.808 E12.78914 F2400
G1 X51.852 Y61.291 E12.80669 F2400
G1 X51.837 Y61.171 E12.81069 F2400
G1 X51.775 Y60.647 E12.82823 F2400
G1 X51.771 Y60.527 E12.83223 F2400
G1 X51.750 Y60.000 E12.84978 F2400
G1 X51.755 Y59.880 E12.85378 F2400
G1 X51.775 Y59.353 E12.87132 F2400
G1 X51.790 Y59.233 E12.87533 F2400
G1 X51.852 Y58.709 E12.89287 F2400
G1 X51.875 Y58.591 E12.89687 F2400
G1 X51.978 Y58.074 E12.91441 F2400
G1 X52.011 Y57.958 E12.91841 F2400
G1 X52.154 Y57.451 E12.93596 F2400
G1 X52.195 Y57.338 E12.93996 F2400
G1 X52.378 Y56.843 E12.95750 F2400
G1 X52.428 Y56.734 E12.96151 F2400
G1 X52.649 Y56.255 E12.97905 F2400
G1 X52.708 Y56.150 E12.98305 F2400
G1 X52.966 Y55.689 E13.00059 F2400
G1 X53.033 Y55.589 E13.00460 F2400
G1 X53.326 Y55.151 E13.02214 F2400
G1 X53.400 Y55.056 E13.02614 F2400
G1 X53.727 Y54.642 E13.04369 F2400
G1 X53.808 Y54.554 E13.04769 F2400
G1 X54.166 Y54.166 E13.06523 F2400
G1 X54.255 Y54.085 E13.06923 F2400
G1 X54.642 Y53.727 E13.08678 F2400
G1 X54.736 Y53.652 E13.09078 F2400
G1 X55.151 Y53.326 E13.10832 F2400
G1 X55.251 Y53.259 E13.11232 F2400
G1 X55.689 Y52.966 E13.12987 F2400
G1 X55.794 Y52.907 E13.13387 F2400
G1 X56.255 Y52.649 E13.15141 F2400
G1 X56.364 Y52.599 E13.15541 F2400
G1 X56.843 Y52.378 E13.17296 F2400
G1 X56.956 Y52.336 E13.17696 F2400
G1 X57.451 Y52.154 E13.19450 F2400
G1 X57.566 Y52.121 E13.19851 F2400
G1 X58.074 Y51.978 E13.21605 F2400
G1 X58.192 Y51.954 E13.22005 F2400
G1 X58.709 Y51.852 E13.23759 F2400
G1 X58.829 Y51.837 E13.24160 F2400
G1 X59.353 Y51.775 E13.25914 F2400
G1 X59.473 Y51.771 E13.26314 F2400
G1 X60.000 Y51.750 E13.28069 F2400
G1 X60.120 Y51.755 E13.28469 F2400
G1 X60.647 Y51.775 E13.30223 F2400
G1 X60.767 Y51.790 E13.30623 F2400
G1 X61.291 Y51.852 E13.32378 F2400
G1 X61.409 Y51.875 E13.32778 F2400
G1 X61.926 Y51.978 E13.34532 F2400
G1 X62.042 Y52.011 E13.34932 F2400
G1 X62.549 Y52.154 E13.36687 F2400
G1 X62.662 Y52.195 E13.37087 F2400
G1 X63.157 Y52.378 E13.38841 F2400
G1 X63.266 Y52.428 E13.39242 F2400
G1 X63.745 Y52.649 E13.40996 F2400
G1 X63.850 Y52.708 E13.41396 F2400
G1 X64.311 Y52.966 E13.43150 F2400
G1 X64.411 Y53.033 E13.43551 F2400
G1 X64.849 Y53.326 E13.45305 F2400
G1 X64.944 Y53.400 E13.45705 F2400
G1 X65.358 Y53.727 E13.47460 F2400
G1 X65.446 Y53.808 E13.47860 F2400
G1 X65.834 Y54.166 E13.49614 F2400
G1 X65.915 Y54.255 E13.50014 F2400
G1 X66.273 Y54.642 E13.51769 F2400
G1 X66.348 Y54.736 E13.52169 F2400
G1 X66.674 Y55.151 E13.53923 F2400
G1 X66.741 Y55.251 E13.54323 F2400
G1 X67.034 Y55.689 E13.56078 F2400
G1 X67.093 Y55.794 E13.56478 F2400
G1 X67.351 Y56.255 E13.58232 F2400
G1 X67.401 Y56.364 E13.58632 F2400
G1 X67.622 Y56.843 E13.60387 F2400
G1 X67.664 Y56.956 E13.60787 F2400
G1 X67.846 Y57.451 E13.62541 F2400
G1 X67.879 Y57.566 E13.62941 F2400
G1 X68.022 Y58.074 E13.64696 F2400
G1 X68.046 Y58.192 E13.65096 F2400
G1 X68.148 Y58.709 E13.66850 F2400
G1 X68.163 Y58.829 E13.67251 F2400
G1 X68.225 Y59.353 E13.69005 F2400
G1 X68.229 Y59.473 E13.69405 F2400
G1 X68.250 Y60.000 E13.71160 F2400
G1 X68.245 Y60.120 E13.71560 F2400
G1 X68.225 Y60.647 E13.73314 F2400
G1 E12.23314 F1500  ; retract
G1 X70.019 Y60.788 F9000
G1 E13.73314 F1500  ; un-retract
G1 X69.944 Y61.427 E13.75451 F2400
G1 X69.926 Y61.572 E13.75939 F2400
G1 X69.801 Y62.202 E13.78076 F2400
G1 X69.772 Y62.346 E13.78563 F2400
G1 X69.598 Y62.965 E13.80701 F2400
G1 X69.558 Y63.106 E13.81188 F2400
G1 X69.336 Y63.709 E13.83325 F2400
G1 X69.285 Y63.846 E13.83813 F2400
G1 X69.016 Y64.430 E13.85950 F2400
G1 X68.955 Y64.563 E13.86437 F2400
G1 X68.641 Y65.123 E13.88574 F2400
G1 X68.569 Y65.251 E13.89062 F2400
G1 X68.212 Y65.785 E13.91199 F2400
G1 X68.131 Y65.907 E13.91686 F2400
G1 X67.733 Y66.412 E13.93824 F2400
G1 X67.642 Y66.527 E13.94311 F2400
G1 X67.206 Y66.999 E13.96448 F2400
G1 X67.106 Y67.106 E13.96936 F2400
G1 X66.635 Y67.543 E13.99073 F2400
G1 X66.527 Y67.642 E13.99560 F2400
G1 X66.022 Y68.040 E14.01698 F2400
G1 X65.907 Y68.131 E14.02185 F2400
G1 X65.373 Y68.488 E14.04322 F2400
G1 X65.251 Y68.569 E14.04810 F2400
G1 X64.691 Y68.883 E14.06947 F2400
G1 X64.563 Y68.955 E14.07434 F2400
G1 X63.979 Y69.224 E14.09571 F2400
G1 X63.846 Y69.285 E14.10059 F2400
G1 X63.243 Y69.507 E14.12196 F2400
G1 X63.106 Y69.558 E14.12684 F2400
G1 X62.487 Y69.733 E14.14821 F2400
G1 X62.346 Y69.772 E14.15308 F2400
G1 X61.716 Y69.898 E14.17445 F2400
G1 X61.572 Y69.926 E14.17933 F2400
G1 X60.934 Y70.002 E14.20070 F2400
G1 X60.788 Y70.019 E14.20558 F2400
G1 X60.146 Y70.044 E14.22695 F2400
G1 X60.000 Y70.050 E14.23182 F2400
G1 X59.358 Y70.025 E14.25319 F2400
G1 X59.212 Y70.019 E14.25807 F2400
G1 X58.573 Y69.944 E14.27944 F2400
G1 X58.428 Y69.926 E14.28431 F2400
G1 X57.798 Y69.801 E14.30569 F2400
G1 X57.654 Y69.772 E14.31056 F2400
G1 X57.035 Y69.598 E14.33193 F2400
G1 X56.894 Y69.558 E14.33681 F2400
G1 X56.291 Y69.336 E14.35818 F2400
G1 X56.154 Y69.285 E14.36305 F2400
G1 X55.571 Y69.016 E14.38442 F2400
G1 X55.437 Y68.955 E14.38930 F2400
G1 X54.877 Y68.641 E14.41067 F2400
G1 X54.749 Y68.569 E14.41555 F2400
G1 X54.215 Y68.212 E14.43692 F2400
G1 X54.093 Y68.131 E14.44179 F2400
G1 X53.588 Y67.733 E14.46316 F2400
G1 X53.473 Y67.642 E14.46804 F2400
G1 X53.001 Y67.206 E14.48941 F2400
G1 X52.894 Y67.106 E14.49428 F2400
G1 X52.457 Y66.635 E14.51566 F2400
G1 X52.358 Y66.527 E14.52053 F2400
G1 X51.960 Y66.022 E14.54190 F2400
G1 X51.869 Y65.907 E14.54678 F2400
G1 X51.512 Y65.373 E14.56815 F2400
G1 X51.431 Y65.251 E14.57302 F2400
G1 X51.117 Y64.691 E14.59439 F2400
G1 X51.045 Y64.563 E14.59927 F2400
G1 X50.776 Y63.979 E14.62064 F2400
G1 X50.715 Y63.846 E14.62551 F2400
G1 X50.493 Y63.243 E14.64689 F2400
G1 X50.442 Y63.106 E14.65176 F2400
G1 X50.267 Y62.487 E14.67313 F2400
G1 X50.228 Y62.346 E14.67801 F2400
G1 X50.102 Y61.716 E14.69938 F2400
G1 X50.074 Y61.572 E14.70425 F2400
G1 X49.998 Y60.934 E14.72563 F2400
G1 X49.981 Y60.788 E14.73050 F2400
G1 X49.956 Y60.146 E14.75187 F2400
G1 X49.950 Y60.000 E14.75675 F2400
G1 X49.975 Y59.358 E14.77812 F2400
G1 X49.981 Y59.212 E14.78299 F2400
G1 X50.056 Y58.573 E14.80436 F2400
G1 X50.074 Y58.428 E14.80924 F2400
G1 X50.199 Y57.798 E14.83061 F2400
G1 X50.228 Y57.654 E14.83549 F2400
G1 X50.402 Y57.035 E14.85686 F2400
G1 X50.442 Y56.894 E14.86173 F2400
G1 X50.664 Y56.291 E14.88311 F2400
G1 X50.715 Y56.154 E14.88798 F2400
G1 X50.984 Y55.571 E14.90935 F2400
G1 X51.045 Y55.437 E14.91423 F2400
G1 X51.359 Y54.877 E14.93560 F2400
G1 X51.431 Y54.749 E14.94047 F2400
G1 X51.788 Y54.215 E14.96184 F2400
G1 X51.869 Y54.093 E14.96672 F2400
G1 X52.267 Y53.588 E14.98809 F2400
G1 X52.358 Y53.473 E14.99296 F2400
G1 X52.794 Y53.001 E15.01434 F2400
G1 X52.894 Y52.894 E15.01921 F2400
G1 X53.365 Y52.457 E15.04058 F2400
G1 X53.473 Y52.358 E15.04546 F2400
G1 X53.978 Y51.960 E15.06683 F2400
G1 X54.093 Y51.869 E15.07170 F2400
G1 X54.627 Y51.512 E15.09307 F2400
G1 X54.749 Y51.431 E15.09795 F2400
G1 X55.309 Y51.117 E15.11932 F2400
G1 X55.437 Y51.045 E15.12420 F2400
G1 X56.021 Y50.776 E15.14557 F2400
G1 X56.154 Y50.715 E15.15044 F2400
G1 X56.757 Y50.493 E15.17181 F2400
G1 X56.894 Y50.442 E15.17669 F2400
G1 X57.513 Y50.267 E15.19806 F2400
G1 X57.654 Y50.228 E15.20293 F2400
G1 X58.284 Y50.102 E15.22431 F2400
G1 X58.428 Y50.074 E15.22918 F2400
G1 X59.066 Y49.998 E15.25055 F2400
G1 X59.212 Y49.981 E15.25543 F2400
G1 X59.854 Y49.956 E15.27680 F2400
G1 X60.000 Y49.950 E15.28167 F2400
G1 X60.642 Y49.975 E15.30305 F2400
G1 X60.788 Y49.981 E15.30792 F2400
G1 X61.427 Y50.056 E15.32929 F2400
G1 X61.572 Y50.074 E15.33417 F2400
G1 X62.202 Y50.199 E15.35554 F2400
G1 X62.346 Y50.228 E15.36041 F2400
G1 X62.965 Y50.402 E15.38178 F2400
G1 X63.106 Y50.442 E15.38666 F2400
G1 X63.709 Y50.664 E15.40803 F2400
G1 X63.846 Y50.715 E15.41291 F2400
G1 X64.430 Y50.984 E15.43428 F2400
G1 X64.563 Y51.045 E15.43915 F2400
G1 X65.123 Y51.359 E15.46052 F2400
G1 X65.251 Y51.431 E15.46540 F2400
G1 X65.785 Y51.788 E15.48677 F2400
G1 X65.907 Y51.869 E15.49164 F2400
G1 X66.412 Y52.267 E15.51302 F2400
G1 X66.527 Y52.358 E15.51789 F2400
G1 X66.999 Y52.794 E15.53926 F2400
G1 X67.106 Y52.894 E15.54414 F2400
G1 X67.543 Y53.365 E15.56551 F2400
G1 X67.642 Y53.473 E15.57038 F2400
G1 X68.040 Y53.978 E15.59176 F2400
G1 X68.131 Y54.093 E15.59663 F2400
G1 X68.488 Y54.627 E15.61800 F2400
G1 X68.569 Y54.749 E15.62287 F2400
G1 X68.883 Y55.309 E15.64425 F2400
G1 X68.955 Y55.437 E15.64912 F2400
G1 X69.224 Y56.021 E15.67049 F2400
G1 X69.285 Y56.154 E15.67537 F2400
G1 X69.507 Y56.757 E15.69674 F2400
G1 X69.558 Y56.894 E15.70161 F2400
G1 X69.733 Y57.513 E15.72298 F2400
G1 X69.772 Y57.654 E15.72786 F2400
G1 X69.898 Y58.284 E15.74923 F2400
G1 X69.926 Y58.428 E15.75411 F2400
G1 X70.002 Y59.066 E15.77548 F2400
G1 X70.019 Y59.212 E15.78035 F2400
G1 X70.044 Y59.854 E15.80173 F2400
G1 X70.050 Y60.000 E15.80660 F2400
G1 X70.025 Y60.642 E15.82797 F2400
G1 X70.019 Y60.788 E15.83284 F2400
G1 E14.33284 F1500  ; retract
G1 X63.461 Y50.662 F9000
G1 E15.83284 F1500  ; un-retract
G1 X69.338 Y56.539 E16.10929 F3600
G1 E14.60929 F1500  ; retract
G1 X60.065 Y50.094 F9000
G1 E16.10929 F1500  ; un-retract
G1 X61.815 Y51.845 E16.19164 F3600
G1 E14.69164 F1500  ; retract
G1 X68.155 Y58.185 F9000
G1 E16.19164 F1500  ; un-retract
G1 X69.906 Y59.935 E16.27399 F3600
G1 E14.77399 F1500  ; retract
G1 X57.573 Y50.432 F9000
G1 E16.27399 F1500  ; un-retract
G1 X58.822 Y51.680 E16.33271 F3600
G1 E14.83271 F1500  ; retract
G1 X68.320 Y61.178 F9000
G1 E16.33271 F1500  ; un-retract
G1 X69.568 Y62.427 E16.39143 F3600
G1 E14.89143 F1500  ; retract
G1 X55.528 Y51.215 F9000
G1 E16.39143 F1500  ; un-retract
G1 X56.598 Y52.284 E16.44173 F3600
G1 E14.94173 F1500  ; retract
G1 X67.716 Y63.402 F9000
G1 E16.44173 F1500  ; un-retract
G1 X68.785 Y64.472 E16.49203 F3600
G1 E14.99203 F1500  ; retract
G1 X53.821 Y52.336 F9000
G1 E16.49203 F1500  ; un-retract
G1 X54.819 Y53.334 E16.53896 F3600
G1 E15.03896 F1500  ; retract
G1 X66.666 Y65.181 F9000
G1 E16.53896 F1500  ; un-retract
G1 X67.664 Y66.179 E16.58590 F3600
G1 E15.08590 F1500  ; retract
G1 X52.399 Y53.742 F9000
G1 E16.58590 F1500  ; un-retract
G1 X53.397 Y54.740 E16.63284 F3600
G1 E15.13284 F1500  ; retract
G1 X65.260 Y66.604 F9000
G1 E16.63284 F1500  ; un-retract
G1 X66.258 Y67.601 E16.67977 F3600
G1 E15.17977 F1500  ; retract
G1 X51.266 Y55.438 F9000
G1 E16.67977 F1500  ; un-retract
G1 X52.329 Y56.501 E16.72978 F3600
G1 E15.22978 F1500  ; retract
G1 X63.499 Y67.671 F9000
G1 E16.72978 F1500  ; un-retract
G1 X64.562 Y68.734 E16.77979 F3600
G1 E15.27979 F1500  ; retract
G1 X50.463 Y57.463 F9000
G1 E16.77979 F1500  ; un-retract
G1 X51.695 Y58.695 E16.83776 F3600
G1 E15.33776 F1500  ; retract
G1 X61.305 Y68.305 F9000
G1 E16.83776 F1500  ; un-retract
G1 X62.537 Y69.537 E16.89572 F3600
G1 E15.39572 F1500  ; retract
G1 X50.100 Y59.929 F9000
G1 E16.89572 F1500  ; un-retract
G1 X51.807 Y61.636 E16.97602 F3600
G1 E15.47602 F1500  ; retract
G1 X58.364 Y68.193 F9000
G1 E16.97602 F1500  ; un-retract
G1 X60.071 Y69.900 E17.05631 F3600
G1 E15.55631 F1500  ; retract
G1 X50.581 Y63.238 F9000
G1 E17.05631 F1500  ; un-retract
G1 X56.762 Y69.419 E17.34706 F3600

; layer 4  z=0.850
G1 Z0.850 F1200
G1 E15.84706 F1500  ; retract
G1 X68.225 Y60.647 F9000
G1 E17.34706 F1500  ; un-retract
G1 X68.206 Y60.803 E17.35229 F2400
G1 X68.148 Y61.291 E17.36860 F2400
G1 X68.118 Y61.445 E17.37383 F2400
G1 X68.022 Y61.926 E17.39015 F2400
G1 X67.979 Y62.077 E17.39538 F2400
G1 X67.846 Y62.549 E17.41169 F2400
G1 X67.792 Y62.697 E17.41692 F2400
G1 X67.622 Y63.157 E17.43324 F2400
G1 X67.556 Y63.300 E17.43847 F2400
G1 X67.351 Y63.745 E17.45478 F2400
G1 X67.274 Y63.883 E17.46002 F2400
G1 X67.034 Y64.311 E17.47633 F2400
G1 X66.947 Y64.441 E17.48156 F2400
G1 X66.674 Y64.849 E17.49787 F2400
G1 X66.577 Y64.973 E17.50311 F2400
G1 X66.273 Y65.358 E17.51942 F2400
G1 X66.167 Y65.474 E17.52465 F2400
G1 X65.834 Y65.834 E17.54096 F2400
G1 X65.718 Y65.940 E17.54620 F2400
G1 X65.358 Y66.273 E17.56251 F2400
G1 X65.234 Y66.371 E17.56774 F2400
G1 X64.849 Y66.674 E17.58406 F2400
G1 X64.718 Y66.762 E17.58929 F2400
G1 X64.311 Y67.034 E17.60560 F2400
G1 X64.173 Y67.111 E17.61083 F2400
G1 X63.745 Y67.351 E17.62715 F2400
G1 X63.603 Y67.417 E17.63238 F2400
G1 X63.157 Y67.622 E17.64869 F2400
G1 X63.010 Y67.677 E17.65393 F2400
G1 X62.549 Y67.846 E17.67024 F2400
G1 X62.398 Y67.889 E17.67547 F2400
G1 X61.926 Y68.022 E17.69178 F2400
G1 X61.772 Y68.053 E17.69702 F2400
G1 X61.291 Y68.148 E17.71333 F2400
G1 X61.134 Y68.167 E17.71856 F2400
G1 X60.647 Y68.225 E17.73487 F2400
G1 X60.490 Y68.231 E17.74011 F2400
G1 X60.000 Y68.250 E17.75642 F2400
G1 X59.843 Y68.244 E17.76165 F2400
G1 X59.353 Y68.225 E17.77797 F2400
G1 X59.197 Y68.206 E17.78320 F2400
G1 X58.709 Y68.148 E17.79951 F2400
G1 X58.555 Y68.118 E17.80474 F2400
G1 X58.074 Y68.022 E17.82105 F2400
G1 X57.923 Y67.979 E17.82629 F2400
G1 X57.451 Y67.846 E17.84260 F2400
G1 X57.303 Y67.792 E17.84783 F2400
G1 X56.843 Y67.622 E17.86415 F2400
G1 X56.700 Y67.556 E17.86938 F2400
G1 X56.255 Y67.351 E17.88569 F2400
G1 X56.117 Y67.274 E17.89093 F2400
G1 X55.689 Y67.034 E17.90724 F2400
G1 X55.559 Y66.947 E17.91247 F2400
G1 X55.151 Y66.674 E17.92878 F2400
G1 X55.027 Y66.577 E17.93402 F2400
G1 X54.642 Y66.273 E17.95033 F2400
G1 X54.526 Y66.167 E17.95556 F2400
G1 X54.166 Y65.834 E17.97187 F2400
G1 X54.060 Y65.718 E17.97711 F2400
G1 X53.727 Y65.358 E17.99342 F2400
G1 X53.629 Y65.234 E17.99865 F2400
G1 X53.326 Y64.849 E18.01497 F2400
G1 X53.238 Y64.718 E18.02020 F2400
G1 X52.966 Y64.311 E18.03651 F2400
G1 X52.889 Y64.173 E18.04174 F2400
G1 X52.649 Y63.745 E18.05806 F2400
G1 X52.583 Y63.603 E18.06329 F2400
G1 X52.378 Y63.157 E18.07960 F2400
G1 X52.324 Y63.010 E18.08484 F2400
G1 X52.154 Y62.549 E18.10115 F2400
G1 X52.111 Y62.398 E18.10638 F2400
G1 X51.978 Y61.926 E18.12269 F2400
G1 X51.947 Y61.772 E18.12793 F2400
G1 X51.852 Y61.291 E18.14424 F2400
G1 X51.833 Y61.134 E18.14947 F2400
G1 X51.775 Y60.647 E18.16578 F2400
G1 X51.769 Y60.490 E18.17102 F2400
G1 X51.750 Y60.000 E18.18733 F2400
G1 X51.756 Y59.843 E18.19256 F2400
G1 X51.775 Y59.353 E18.20887 F2400
G1 X51.794 Y59.197 E18.21411 F2400
G1 X51.852 Y58.709 E18.23042 F2400
G1 X51.882 Y58.555 E18.23565 F2400
G1 X51.978 Y58.074 E18.25196 F2400
G1 X52.021 Y57.923 E18.25720 F2400
G1 X52.154 Y57.451 E18.27351 F2400
G1 X52.208 Y57.303 E18.27874 F2400
G1 X52.378 Y56.843 E18.29506 F2400
G1 X52.444 Y56.700 E18.30029 F2400
G1 X52.649 Y56.255 E18.31660 F2400
G1 X52.726 Y56.117 E18.32184 F2400
G1 X52.966 Y55.689 E18.33815 F2400
G1 X53.053 Y55.559 E18.34338 F2400
G1 X53.326 Y55.151 E18.35969 F2400
G1 X53.423 Y55.027 E18.36493 F2400
G1 X53.727 Y54.642 E18.38124 F2400
G1 X53.833 Y54.526 E18.38647 F2400
G1 X54.166 Y54.166 E18.40278 F2400
G1 X54.282 Y54.060 E18.40802 F2400
G1 X54.642 Y53.727 E18.42433 F2400
G1 X54.766 Y53.629 E18.42956 F2400
G1 X55.151 Y53.326 E18.44587 F2400
G1 X55.282 Y53.238 E18.45111 F2400
G1 X55.689 Y52.966 E18.46742 F2400
G1 X55.827 Y52.889 E18.47265 F2400
G1 X56.255 Y52.649 E18.48897 F2400
G1 X56.397 Y52.583 E18.49420 F2400
G1 X56.843 Y52.378 E18.51051 F2400
G1 X56.990 Y52.324 E18.51574 F2400
G1 X57.451 Y52.154 E18.53206 F2400
G1 X57.602 Y52.111 E18.53729 F2400
G1 X58.074 Y51.978 E18.55360 F2400
G1 X58.228 Y51.947 E18.55883 F2400
G1 X58.709 Y51.852 E18.57515 F2400
G1 X58.866 Y51.833 E18.58038 F2400
G1 X59.353 Y51.775 E18.59669 F2400
G1 X59.510 Y51.769 E18.60192 F2400
G1 X60.000 Y51.750 E18.61824 F2400
G1 X60.157 Y51.756 E18.62347 F2400
G1 X60.647 Y51.775 E18.63978 F2400
G1 X60.803 Y51.794 E18.64502 F2400
G1 X61.291 Y51.852 E18.66133 F2400
G1 X61.445 Y51.882 E18.66656 F2400
G1 X61.926 Y51.978 E18.68287 F2400
G1 X62.077 Y52.021 E18.68811 F2400
G1 X62.549 Y52.154 E18.70442 F2400
G1 X62.697 Y52.208 E18.70965 F2400
G1 X63.157 Y52.378 E18.72596 F2400
G1 X63.300 Y52.444 E18.73120 F2400
G1 X63.745 Y52.649 E18.74751 F2400
G1 X63.883 Y52.726 E18.75274 F2400
G1 X64.311 Y52.966 E18.76906 F2400
G1 X64.441 Y53.053 E18.77429 F2400
G1 X64.849 Y53.326 E18.79060 F2400
G1 X64.973 Y53.423 E18.79583 F2400
G1 X65.358 Y53.727 E18.81215 F2400
G1 X65.474 Y53.833 E18.81738 F2400
G1 X65.834 Y54.166 E18.83369 F2400
G1 X65.940 Y54.282 E18.83892 F2400
G1 X66.273 Y54.642 E18.85524 F2400
G1 X66.371 Y54.766 E18.86047 F2400
G1 X66.674 Y55.151 E18.87678 F2400
G1 X66.762 Y55.282 E18.88202 F2400
G1 X67.034 Y55.689 E18.89833 F2400
G1 X67.111 Y55.827 E18.90356 F2400
G1 X67.351 Y56.255 E18.91987 F2400
G1 X67.417 Y56.397 E18.92511 F2400
G1 X67.622 Y56.843 E18.94142 F2400
G1 X67.677 Y56.990 E18.94665 F2400
G1 X67.846 Y57.451 E18.96296 F2400
G1 X67.889 Y57.602 E18.96820 F2400
G1 X68.022 Y58.074 E18.98451 F2400
G1 X68.053 Y58.228 E18.98974 F2400
G1 X68.148 Y58.709 E19.00606 F2400
G1 X68.167 Y58.866 E19.01129 F2400
G1 X68.225 Y59.353 E19.02760 F2400
G1 X68.231 Y59.510 E19.03283 F2400
G1 X68.250 Y60.000 E19.04915 F2400
G1 X68.244 Y60.157 E19.05438 F2400
G1 X68.225 Y60.647 E19.07069 F2400
G1 E17.57069 F1500  ; retract
G1 X70.019 Y60.788 F9000
G1 E19.07069 F1500  ; un-retract
G1 X69.949 Y61.382 E19.09057 F2400
G1 X69.926 Y61.572 E19.09694 F2400
G1 X69.810 Y62.158 E19.11681 F2400
G1 X69.772 Y62.346 E19.12319 F2400
G1 X69.610 Y62.921 E19.14306 F2400
G1 X69.558 Y63.106 E19.14943 F2400
G1 X69.351 Y63.666 E19.16931 F2400
G1 X69.285 Y63.846 E19.17568 F2400
G1 X69.035 Y64.389 E19.19555 F2400
G1 X68.955 Y64.563 E19.20192 F2400
G1 X68.663 Y65.084 E19.22180 F2400
G1 X68.569 Y65.251 E19.22817 F2400
G1 X68.237 Y65.748 E19.24804 F2400
G1 X68.131 Y65.907 E19.25442 F2400
G1 X67.761 Y66.376 E19.27429 F2400
G1 X67.642 Y66.527 E19.28066 F2400
G1 X67.237 Y66.966 E19.30054 F2400
G1 X67.106 Y67.106 E19.30691 F2400
G1 X66.668 Y67.512 E19.32678 F2400
G1 X66.527 Y67.642 E19.33316 F2400
G1 X66.058 Y68.012 E19.35303 F2400
G1 X65.907 Y68.131 E19.35940 F2400
G1 X65.410 Y68.463 E19.37927 F2400
G1 X65.251 Y68.569 E19.38565 F2400
G1 X64.730 Y68.861 E19.40552 F2400
G1 X64.563 Y68.955 E19.41189 F2400
G1 X64.020 Y69.205 E19.43177 F2400
G1 X63.846 Y69.285 E19.43814 F2400
G1 X63.285 Y69.492 E19.45801 F2400
G1 X63.106 Y69.558 E19.46439 F2400
G1 X62.531 Y69.720 E19.48426 F2400
G1 X62.346 Y69.772 E19.49063 F2400
G1 X61.760 Y69.889 E19.51051 F2400
G1 X61.572 Y69.926 E19.51688 F2400
G1 X60.979 Y69.996 E19.53675 F2400
G1 X60.788 Y70.019 E19.54313 F2400
G1 X60.191 Y70.043 E19.56300 F2400
G1 X60.000 Y70.050 E19.56937 F2400
G1 X59.403 Y70.026 E19.58924 F2400
G1 X59.212 Y70.019 E19.59562 F2400
G1 X58.618 Y69.949 E19.61549 F2400
G1 X58.428 Y69.926 E19.62187 F2400
G1 X57.842 Y69.810 E19.64174 F2400
G1 X57.654 Y69.772 E19.64811 F2400
G1 X57.079 Y69.610 E19.66799 F2400
G1 X56.894 Y69.558 E19.67436 F2400
G1 X56.334 Y69.351 E19.69423 F2400
G1 X56.154 Y69.285 E19.70061 F2400
G1 X55.611 Y69.035 E19.72048 F2400
G1 X55.437 Y68.955 E19.72685 F2400
G1 X54.916 Y68.663 E19.74672 F2400
G1 X54.749 Y68.569 E19.75310 F2400
G1 X54.252 Y68.237 E19.77297 F2400
G1 X54.093 Y68.131 E19.77934 F2400
G1 X53.623 Y67.761 E19.79922 F2400
G1 X53.473 Y67.642 E19.80559 F2400
G1 X53.034 Y67.237 E19.82546 F2400
G1 X52.894 Y67.106 E19.83184 F2400
G1 X52.488 Y66.668 E19.85171 F2400
G1 X52.358 Y66.527 E19.85808 F2400
G1 X51.988 Y66.058 E19.87796 F2400
G1 X51.869 Y65.907 E19.88433 F2400
G1 X51.537 Y65.410 E19.90420 F2400
G1 X51.431 Y65.251 E19.91057 F2400
G1 X51.139 Y64.730 E19.93045 F2400
G1 X51.045 Y64.563 E19.93682 F2400
G1 X50.795 Y64.020 E19.95669 F2400
G1 X50.715 Y63.846 E19.96307 F2400
G1 X50.508 Y63.285 E19.98294 F2400
G1 X50.442 Y63.106 E19.98931 F2400
G1 X50.280 Y62.531 E20.00919 F2400
G1 X50.228 Y62.346 E20.01556 F2400
G1 X50.111 Y61.760 E20.03543 F2400
G1 X50.074 Y61.572 E20.04181 F2400
G1 X50.004 Y60.979 E20.06168 F2400
G1 X49.981 Y60.788 E20.06805 F2400
G1 X49.957 Y60.191 E20.08792 F2400
G1 X49.950 Y60.000 E20.09430 F2400
G1 X49.974 Y59.403 E20.11417 F2400
G1 X49.981 Y59.212 E20.12054 F2400
G1 X50.051 Y58.618 E20.14042 F2400
G1 X50.074 Y58.428 E20.14679 F2400
G1 X50.190 Y57.842 E20.16666 F2400
G1 X50.228 Y57.654 E20.17304 F2400
G1 X50.390 Y57.079 E20.19291 F2400
G1 X50.442 Y56.894 E20.19928 F2400
G1 X50.649 Y56.334 E20.21916 F2400
G1 X50.715 Y56.154 E20.22553 F2400
G1 X50.965 Y55.611 E20.24540 F2400
G1 X51.045 Y55.437 E20.25178 F2400
G1 X51.337 Y54.916 E20.27165 F2400
G1 X51.431 Y54.749 E20.27802 F2400
G1 X51.763 Y54.252 E20.29790 F2400
G1 X51.869 Y54.093 E20.30427 F2400
G1 X52.239 Y53.623 E20.32414 F2400
G1 X52.358 Y53.473 E20.33052 F2400
G1 X52.764 Y53.034 E20.35039 F2400
G1 X52.894 Y52.894 E20.35676 F2400
G1 X53.332 Y52.488 E20.37663 F2400
G1 X53.473 Y52.358 E20.38301 F2400
G1 X53.942 Y51.988 E20.40288 F2400
G1 X54.093 Y51.869 E20.40926 F2400
G1 X54.590 Y51.537 E20.42913 F2400
G1 X54.749 Y51.431 E20.43550 F2400
G1 X55.270 Y51.139 E20.45537 F2400
G1 X55.437 Y51.045 E20.46175 F2400
G1 X55.980 Y50.795 E20.48162 F2400
G1 X56.154 Y50.715 E20.48799 F2400
G1 X56.715 Y50.508 E20.50787 F2400
G1 X56.894 Y50.442 E20.51424 F2400
G1 X57.469 Y50.280 E20.53411 F2400
G1 X57.654 Y50.228 E20.54049 F2400
G1 X58.240 Y50.111 E20.56036 F2400
G1 X58.428 Y50.074 E20.56673 F2400
G1 X59.021 Y50.004 E20.58661 F2400
G1 X59.212 Y49.981 E20.59298 F2400
G1 X59.809 Y49.957 E20.61285 F2400
G1 X60.000 Y49.950 E20.61922 F2400
G1 X60.597 Y49.974 E20.63910 F2400
G1 X60.788 Y49.981 E20.64547 F2400
G1 X61.382 Y50.051 E20.66534 F2400
G1 X61.572 Y50.074 E20.67172 F2400
G1 X62.158 Y50.190 E20.69159 F2400
G1 X62.346 Y50.228 E20.69796 F2400
G1 X62.921 Y50.390 E20.71784 F2400
G1 X63.106 Y50.442 E20.72421 F2400
G1 X63.666 Y50.649 E20.74408 F2400
G1 X63.846 Y50.715 E20.75046 F2400
G1 X64.389 Y50.965 E20.77033 F2400
G1 X64.563 Y51.045 E20.77670 F2400
G1 X65.084 Y51.337 E20.79657 F2400
G1 X65.251 Y51.431 E20.80295 F2400
G1 X65.748 Y51.763 E20.82282 F2400
G1 X65.907 Y51.869 E20.82919 F2400
G1 X66.376 Y52.239 E20.84907 F2400
G1 X66.527 Y52.358 E20.85544 F2400
G1 X66.966 Y52.764 E20.87531 F2400
G1 X67.106 Y52.894 E20.88169 F2400
G1 X67.512 Y53.332 E20.90156 F2400
G1 X67.642 Y53.473 E20.90793 F2400
G1 X68.012 Y53.942 E20.92781 F2400
G1 X68.131 Y54.093 E20.93418 F2400
G1 X68.463 Y54.590 E20.95405 F2400
G1 X68.569 Y54.749 E20.96043 F2400
G1 X68.861 Y55.270 E20.98030 F2400
G1 X68.955 Y55.437 E20.98667 F2400
G1 X69.205 Y55.980 E21.00655 F2400
G1 X69.285 Y56.154 E21.01292 F2400
G1 X69.492 Y56.715 E21.03279 F2400
G1 X69.558 Y56.894 E21.03917 F2400
G1 X69.720 Y57.469 E21.05904 F2400
G1 X69.772 Y57.654 E21.06541 F2400
G1 X69.889 Y58.240 E21.08528 F2400
G1 X69.926 Y58.428 E21.09166 F2400
G1 X69.996 Y59.021 E21.11153 F2400
G1 X70.019 Y59.212 E21.11790 F2400
G1 X70.043 Y59.809 E21.13778 F2400
G1 X70.050 Y60.000 E21.14415 F2400
G1 X70.026 Y60.597 E21.16402 F2400
G1 X70.019 Y60.788 E21.17040 F2400
G1 E19.67040 F1500  ; retract
G1 X69.338 Y63.461 F9000
G1 E21.17040 F1500  ; un-retract
G1 X63.461 Y69.338 E21.44684 F3600
G1 E19.94684 F1500  ; retract
G1 X69.906 Y60.065 F9000
G1 E21.44684 F1500  ; un-retract
G1 X68.155 Y61.815 E21.52919 F3600
G1 E20.02919 F1500  ; retract
G1 X61.815 Y68.155 F9000
G1 E21.52919 F1500  ; un-retract
G1 X60.065 Y69.906 E21.61154 F3600
G1 E20.11154 F1500  ; retract
G1 X69.568 Y57.573 F9000
G1 E21.61154 F1500  ; un-retract
G1 X68.320 Y58.822 E21.67026 F3600
G1 E20.17026 F1500  ; retract
G1 X58.822 Y68.320 F9000
G1 E21.67026 F1500  ; un-retract
G1 X57.573 Y69.568 E21.72898 F3600
G1 E20.22898 F1500  ; retract
G1 X68.785 Y55.528 F9000
G1 E21.72898 F1500  ; un-retract
G1 X67.716 Y56.598 E21.77928 F3600
G1 E20.27928 F1500  ; retract
G1 X56.598 Y67.716 F9000
G1 E21.77928 F1500  ; un-retract
G1 X55.528 Y68.785 E21.82958 F3600
G1 E20.32958 F1500  ; retract
G1 X67.664 Y53.821 F9000
G1 E21.82958 F1500  ; un-retract
G1 X66.666 Y54.819 E21.87652 F3600
G1 E20.37652 F1500  ; retract
G1 X54.819 Y66.666 F9000
G1 E21.87652 F1500  ; un-retract
G1 X53.821 Y67.664 E21.92345 F3600
G1 E20.42345 F1500  ; retract
G1 X66.258 Y52.399 F9000
G1 E21.92345 F1500  ; un-retract
G1 X65.260 Y53.397 E21.97039 F3600
G1 E20.47039 F1500  ; retract
G1 X53.397 Y65.260 F9000
G1 E21.97039 F1500  ; un-retract
G1 X52.399 Y66.258 E22.01733 F3600
G1 E20.51733 F1500  ; retract
G1 X64.562 Y51.266 F9000
G1 E22.01733 F1500  ; un-retract
G1 X63.499 Y52.329 E22.06734 F3600
G1 E20.56734 F1500  ; retract
G1 X52.329 Y63.499 F9000
G1 E22.06734 F1500  ; un-retract
G1 X51.266 Y64.562 E22.11735 F3600
G1 E20.61735 F1500  ; retract
G1 X62.537 Y50.463 F9000
G1 E22.11735 F1500  ; un-retract
G1 X61.305 Y51.695 E22.17531 F3600
G1 E20.67531 F1500  ; retract
G1 X51.695 Y61.305 F9000
G1 E22.17531 F1500  ; un-retract
G1 X50.463 Y62.537 E22.23327 F3600
G1 E20.73327 F1500  ; retract
G1 X60.071 Y50.100 F9000
G1 E22.23327 F1500  ; un-retract
G1 X58.364 Y51.807 E22.31358 F3600
G1 E20.81358 F1500  ; retract
G1 X51.807 Y58.364 F9000
G1 E22.31358 F1500  ; un-retract
G1 X50.100 Y60.071 E22.39388 F3600
G1 E20.89388 F1500  ; retract
G1 X56.762 Y50.581 F9000
G1 E22.39388 F1500  ; un-retract
G1 X50.581 Y56.762 E22.68462 F3600

; layer 5  z=1.050
G1 Z1.050 F1200
G1 E21.18462 F1500  ; retract
G1 X68.225 Y60.647 F9000
G1 E22.68462 F1500  ; un-retract
G1 X68.202 Y60.840 E22.69108 F2400
G1 X68.148 Y61.291 E22.70616 F2400
G1 X68.111 Y61.481 E22.71263 F2400
G1 X68.022 Y61.926 E22.72771 F2400
G1 X67.969 Y62.113 E22.73417 F2400
G1 X67.846 Y62.549 E22.74925 F2400
G1 X67.779 Y62.732 E22.75572 F2400
G1 X67.622 Y63.157 E22.77080 F2400
G1 X67.541 Y63.334 E22.77726 F2400
G1 X67.351 Y63.745 E22.79234 F2400
G1 X67.256 Y63.915 E22.79881 F2400
G1 X67.034 Y64.311 E22.81389 F2400
G1 X66.926 Y64.472 E22.82035 F2400
G1 X66.674 Y64.849 E22.83544 F2400
G1 X66.554 Y65.002 E22.84190 F2400
G1 X66.273 Y65.358 E22.85698 F2400
G1 X66.141 Y65.501 E22.86345 F2400
G1 X65.834 Y65.834 E22.87853 F2400
G1 X65.691 Y65.966 E22.88499 F2400
G1 X65.358 Y66.273 E22.90007 F2400
G1 X65.205 Y66.394 E22.90654 F2400
G1 X64.849 Y66.674 E22.92162 F2400
G1 X64.688 Y66.782 E22.92808 F2400
G1 X64.311 Y67.034 E22.94316 F2400
G1 X64.141 Y67.129 E22.94962 F2400
G1 X63.745 Y67.351 E22.96471 F2400
G1 X63.569 Y67.432 E22.97117 F2400
G1 X63.157 Y67.622 E22.98626 F2400
G1 X62.975 Y67.689 E22.99272 F2400
G1 X62.549 Y67.846 E23.00780 F2400
G1 X62.362 Y67.899 E23.01426 F2400
G1 X61.926 Y68.022 E23.02935 F2400
G1 X61.735 Y68.060 E23.03581 F2400
G1 X61.291 Y68.148 E23.05089 F2400
G1 X61.098 Y68.171 E23.05735 F2400
G1 X60.647 Y68.225 E23.07244 F2400
G1 X60.453 Y68.232 E23.07890 F2400
G1 X60.000 Y68.250 E23.09398 F2400
G1 X59.806 Y68.242 E23.10045 F2400
G1 X59.353 Y68.225 E23.11553 F2400
G1 X59.160 Y68.202 E23.12199 F2400
G1 X58.709 Y68.148 E23.13707 F2400
G1 X58.519 Y68.111 E23.14354 F2400
G1 X58.074 Y68.022 E23.15862 F2400
G1 X57.887 Y67.969 E23.16508 F2400
G1 X57.451 Y67.846 E23.18016 F2400
G1 X57.268 Y67.779 E23.18663 F2400
G1 X56.843 Y67.622 E23.20171 F2400
G1 X56.666 Y67.541 E23.20817 F2400
G1 X56.255 Y67.351 E23.22325 F2400
G1 X56.085 Y67.256 E23.22972 F2400
G1 X55.689 Y67.034 E23.24480 F2400
G1 X55.528 Y66.926 E23.25126 F2400
G1 X55.151 Y66.674 E23.26634 F2400
G1 X54.998 Y66.554 E23.27281 F2400
G1 X54.642 Y66.273 E23.28789 F2400
G1 X54.499 Y66.141 E23.29436 F2400
G1 X54.166 Y65.834 E23.30944 F2400
G1 X54.035 Y65.691 E23.31590 F2400
G1 X53.727 Y65.358 E23.33098 F2400
G1 X53.606 Y65.205 E23.33745 F2400
G1 X53.326 Y64.849 E23.35253 F2400
G1 X53.218 Y64.688 E23.35899 F2400
G1 X52.966 Y64.311 E23.37407 F2400
G1 X52.871 Y64.141 E23.38053 F2400
G1 X52.649 Y63.745 E23.39562 F2400
G1 X52.568 Y63.569 E23.40208 F2400
G1 X52.378 Y63.157 E23.41716 F2400
G1 X52.311 Y62.975 E23.42363 F2400
G1 X52.154 Y62.549 E23.43871 F2400
G1 X52.101 Y62.362 E23.44517 F2400
G1 X51.978 Y61.926 E23.46026 F2400
G1 X51.940 Y61.735 E23.46672 F2400
G1 X51.852 Y61.291 E23.48180 F2400
G1 X51.829 Y61.098 E23.48826 F2400
G1 X51.775 Y60.647 E23.50334 F2400
G1 X51.768 Y60.453 E23.50981 F2400
G1 X51.750 Y60.000 E23.52489 F2400
G1 X51.758 Y59.806 E23.53135 F2400
G1 X51.775 Y59.353 E23.54644 F2400
G1 X51.798 Y59.160 E23.55290 F2400
G1 X51.852 Y58.709 E23.56798 F2400
G1 X51.889 Y58.519 E23.57445 F2400
G1 X51.978 Y58.074 E23.58953 F2400
G1 X52.031 Y57.887 E23.59599 F2400
G1 X52.154 Y57.451 E23.61107 F2400
G1 X52.221 Y57.268 E23.61754 F2400
G1 X52.378 Y56.843 E23.63262 F2400
G1 X52.459 Y56.666 E23.63908 F2400
G1 X52.649 Y56.255 E23.65416 F2400
G1 X52.744 Y56.085 E23.66063 F2400
G1 X52.966 Y55.689 E23.67571 F2400
G1 X53.074 Y55.528 E23.68217 F2400
G1 X53.326 Y55.151 E23.69725 F2400
G1 X53.446 Y54.998 E23.70372 F2400
G1 X53.727 Y54.642 E23.71880 F2400
G1 X53.859 Y54.499 E23.72527 F2400
G1 X54.166 Y54.166 E23.74035 F2400
G1 X54.309 Y54.035 E23.74681 F2400
G1 X54.642 Y53.727 E23.76189 F2400
G1 X54.795 Y53.606 E23.76836 F2400
G1 X55.151 Y53.326 E23.78344 F2400
G1 X55.312 Y53.218 E23.78990 F2400
G1 X55.689 Y52.966 E23.80498 F2400
G1 X55.859 Y52.871 E23.81144 F2400
G1 X56.255 Y52.649 E23.82653 F2400
G1 X56.431 Y52.568 E23.83299 F2400
G1 X56.843 Y52.378 E23.84807 F2400
G1 X57.025 Y52.311 E23.85454 F2400
G1 X57.451 Y52.154 E23.86962 F2400
G1 X57.638 Y52.101 E23.87608 F2400
G1 X58.074 Y51.978 E23.89116 F2400
G1 X58.265 Y51.940 E23.89763 F2400
G1 X58.709 Y51.852 E23.91271 F2400
G1 X58.902 Y51.829 E23.91917 F2400
G1 X59.353 Y51.775 E23.93425 F2400
G1 X59.547 Y51.768 E23.94072 F2400
G1 X60.000 Y51.750 E23.95580 F2400
G1 X60.194 Y51.758 E23.96226 F2400
G1 X60.647 Y51.775 E23.97735 F2400
G1 X60.840 Y51.798 E23.98381 F2400
G1 X61.291 Y51.852 E23.99889 F2400
G1 X61.481 Y51.889 E24.00536 F2400
G1 X61.926 Y51.978 E24.02044 F2400
G1 X62.113 Y52.031 E24.02690 F2400
G1 X62.549 Y52.154 E24.04198 F2400
G1 X62.732 Y52.221 E24.04844 F2400
G1 X63.157 Y52.378 E24.06353 F2400
G1 X63.334 Y52.459 E24.06999 F2400
G1 X63.745 Y52.649 E24.08507 F2400
G1 X63.915 Y52.744 E24.09154 F2400
G1 X64.311 Y52.966 E24.10662 F2400
G1 X64.472 Y53.074 E24.11308 F2400
G1 X64.849 Y53.326 E24.12816 F2400
G1 X65.002 Y53.446 E24.13463 F2400
G1 X65.358 Y53.727 E24.14971 F2400
G1 X65.501 Y53.859 E24.15617 F2400
G1 X65.834 Y54.166 E24.17125 F2400
G1 X65.966 Y54.309 E24.17772 F2400
G1 X66.273 Y54.642 E24.19280 F2400
G1 X66.394 Y54.795 E24.19926 F2400
G1 X66.674 Y55.151 E24.21435 F2400
G1 X66.782 Y55.312 E24.22081 F2400
G1 X67.034 Y55.689 E24.23589 F2400
G1 X67.129 Y55.859 E24.24235 F2400
G1 X67.351 Y56.255 E24.25744 F2400
G1 X67.432 Y56.431 E24.26390 F2400
G1 X67.622 Y56.843 E24.27898 F2400
G1 X67.689 Y57.025 E24.28545 F2400
G1 X67.846 Y57.451 E24.30053 F2400
G1 X67.899 Y57.638 E24.30699 F2400
G1 X68.022 Y58.074 E24.32207 F2400
G1 X68.060 Y58.265 E24.32854 F2400
G1 X68.148 Y58.709 E24.34362 F2400
G1 X68.171 Y58.902 E24.35008 F2400
G1 X68.225 Y59.353 E24.36516 F2400
G1 X68.232 Y59.547 E24.37163 F2400
G1 X68.250 Y60.000 E24.38671 F2400
G1 X68.242 Y60.194 E24.39317 F2400
G1 X68.225 Y60.647 E24.40825 F2400
G1 E22.90825 F1500  ; retract
G1 X70.019 Y60.788 F9000
G1 E24.40825 F1500  ; un-retract
G1 X69.954 Y61.337 E24.42663 F2400
G1 X69.926 Y61.572 E24.43450 F2400
G1 X69.819 Y62.114 E24.45287 F2400
G1 X69.772 Y62.346 E24.46075 F2400
G1 X69.622 Y62.878 E24.47912 F2400
G1 X69.558 Y63.106 E24.48699 F2400
G1 X69.367 Y63.624 E24.50537 F2400
G1 X69.285 Y63.846 E24.51324 F2400
G1 X69.054 Y64.348 E24.53161 F2400
G1 X68.955 Y64.563 E24.53949 F2400
G1 X68.685 Y65.045 E24.55786 F2400
G1 X68.569 Y65.251 E24.56573 F2400
G1 X68.262 Y65.710 E24.58411 F2400
G1 X68.131 Y65.907 E24.59198 F2400
G1 X67.789 Y66.341 E24.61035 F2400
G1 X67.642 Y66.527 E24.61823 F2400
G1 X67.267 Y66.933 E24.63660 F2400
G1 X67.106 Y67.106 E24.64447 F2400
G1 X66.701 Y67.481 E24.66284 F2400
G1 X66.527 Y67.642 E24.67072 F2400
G1 X66.093 Y67.984 E24.68909 F2400
G1 X65.907 Y68.131 E24.69697 F2400
G1 X65.448 Y68.438 E24.71534 F2400
G1 X65.251 Y68.569 E24.72321 F2400
G1 X64.769 Y68.839 E24.74158 F2400
G1 X64.563 Y68.955 E24.74946 F2400
G1 X64.061 Y69.186 E24.76783 F2400
G1 X63.846 Y69.285 E24.77570 F2400
G1 X63.328 Y69.476 E24.79408 F2400
G1 X63.106 Y69.558 E24.80195 F2400
G1 X62.574 Y69.708 E24.82032 F2400
G1 X62.346 Y69.772 E24.82820 F2400
G1 X61.804 Y69.880 E24.84657 F2400
G1 X61.572 Y69.926 E24.85444 F2400
G1 X61.024 Y69.991 E24.87282 F2400
G1 X60.788 Y70.019 E24.88069 F2400
G1 X60.237 Y70.041 E24.89906 F2400
G1 X60.000 Y70.050 E24.90693 F2400
G1 X59.448 Y70.028 E24.92531 F2400
G1 X59.212 Y70.019 E24.93318 F2400
G1 X58.663 Y69.954 E24.95155 F2400
G1 X58.428 Y69.926 E24.95943 F2400
G1 X57.886 Y69.819 E24.97780 F2400
G1 X57.654 Y69.772 E24.98567 F2400
G1 X57.122 Y69.622 E25.00405 F2400
G1 X56.894 Y69.558 E25.01192 F2400
G1 X56.376 Y69.367 E25.03029 F2400
G1 X56.154 Y69.285 E25.03817 F2400
G1 X55.652 Y69.054 E25.05654 F2400
G1 X55.437 Y68.955 E25.06441 F2400
G1 X54.955 Y68.685 E25.08279 F2400
G1 X54.749 Y68.569 E25.09066 F2400
G1 X54.290 Y68.262 E25.10903 F2400
G1 X54.093 Y68.131 E25.11690 F2400
G1 X53.659 Y67.789 E25.13528 F2400
G1 X53.473 Y67.642 E25.14315 F2400
G1 X53.067 Y67.267 E25.16152 F2400
G1 X52.894 Y67.106 E25.16940 F2400
G1 X52.519 Y66.701 E25.18777 F2400
G1 X52.358 Y66.527 E25.19564 F2400
G1 X52.016 Y66.093 E25.21402 F2400
G1 X51.869 Y65.907 E25.22189 F2400
G1 X51.562 Y65.448 E25.24026 F2400
G1 X51.431 Y65.251 E25.24814 F2400
G1 X51.161 Y64.769 E25.26651 F2400
G1 X51.045 Y64.563 E25.27438 F2400
G1 X50.814 Y64.061 E25.29275 F2400
G1 X50.715 Y63.846 E25.30063 F2400
G1 X50.524 Y63.328 E25.31900 F2400
G1 X50.442 Y63.106 E25.32688 F2400
G1 X50.292 Y62.574 E25.34525 F2400
G1 X50.228 Y62.346 E25.35312 F2400
G1 X50.120 Y61.804 E25.37149 F2400
G1 X50.074 Y61.572 E25.37937 F2400
G1 X50.009 Y61.024 E25.39774 F2400
G1 X49.981 Y60.788 E25.40561 F2400
G1 X49.959 Y60.237 E25.42399 F2400
G1 X49.950 Y60.000 E25.43186 F2400
G1 X49.972 Y59.448 E25.45023 F2400
G1 X49.981 Y59.212 E25.45811 F2400
G1 X50.046 Y58.663 E25.47648 F2400
G1 X50.074 Y58.428 E25.48435 F2400
G1 X50.181 Y57.886 E25.50272 F2400
G1 X50.228 Y57.654 E25.51060 F2400
G1 X50.378 Y57.122 E25.52897 F2400
G1 X50.442 Y56.894 E25.53685 F2400
G1 X50.633 Y56.376 E25.55522 F2400
G1 X50.715 Y56.154 E25.56309 F2400
G1 X50.946 Y55.652 E25.58146 F2400
G1 X51.045 Y55.437 E25.58934 F2400
G1 X51.315 Y54.955 E25.60771 F2400
G1 X51.431 Y54.749 E25.61559 F2400
G1 X51.738 Y54.290 E25.63396 F2400
G1 X51.869 Y54.093 E25.64183 F2400
G1 X52.211 Y53.659 E25.66020 F2400
G1 X52.358 Y53.473 E25.66808 F2400
G1 X52.733 Y53.067 E25.68645 F2400
G1 X52.894 Y52.894 E25.69432 F2400
G1 X53.299 Y52.519 E25.71270 F2400
G1 X53.473 Y52.358 E25.72057 F2400
G1 X53.907 Y52.016 E25.73894 F2400
G1 X54.093 Y51.869 E25.74682 F2400
G1 X54.552 Y51.562 E25.76519 F2400
G1 X54.749 Y51.431 E25.77306 F2400
G1 X55.231 Y51.161 E25.79143 F2400
G1 X55.437 Y51.045 E25.79931 F2400
G1 X55.939 Y50.814 E25.81768 F2400
G1 X56.154 Y50.715 E25.82555 F2400
G1 X56.672 Y50.524 E25.84393 F2400
G1 X56.894 Y50.442 E25.85180 F2400
G1 X57.426 Y50.292 E25.87017 F2400
G1 X57.654 Y50.228 E25.87805 F2400
G1 X58.196 Y50.120 E25.89642 F2400
G1 X58.428 Y50.074 E25.90429 F2400
G1 X58.976 Y50.009 E25.92267 F2400
G1 X59.212 Y49.981 E25.93054 F2400
G1 X59.763 Y49.959 E25.94891 F2400
G1 X60.000 Y49.950 E25.95679 F2400
G1 X60.552 Y49.972 E25.97516 F2400
G1 X60.788 Y49.981 E25.98303 F2400
G1 X61.337 Y50.046 E26.00141 F2400
G1 X61.572 Y50.074 E26.00928 F2400
G1 X62.114 Y50.181 E26.02765 F2400
G1 X62.346 Y50.228 E26.03553 F2400
G1 X62.878 Y50.378 E26.05390 F2400
G1 X63.106 Y50.442 E26.06177 F2400
G1 X63.624 Y50.633 E26.08015 F2400
G1 X63.846 Y50.715 E26.08802 F2400
G1 X64.348 Y50.946 E26.10639 F2400
G1 X64.563 Y51.045 E26.11426 F2400
G1 X65.045 Y51.315 E26.13264 F2400
G1 X65.251 Y51.431 E26.14051 F2400
G1 X65.710 Y51.738 E26.15888 F2400
G1 X65.907 Y51.869 E26.16676 F2400
G1 X66.341 Y52.211 E26.18513 F2400
G1 X66.527 Y52.358 E26.19300 F2400
G1 X66.933 Y52.733 E26.21138 F2400
G1 X67.106 Y52.894 E26.21925 F2400
G1 X67.481 Y53.299 E26.23762 F2400
G1 X67.642 Y53.473 E26.24550 F2400
G1 X67.984 Y53.907 E26.26387 F2400
G1 X68.131 Y54.093 E26.27174 F2400
G1 X68.438 Y54.552 E26.29012 F2400
G1 X68.569 Y54.749 E26.29799 F2400
G1 X68.839 Y55.231 E26.31636 F2400
G1 X68.955 Y55.437 E26.32423 F2400
G1 X69.186 Y55.939 E26.34261 F2400
G1 X69.285 Y56.154 E26.35048 F2400
G1 X69.476 Y56.672 E26.36885 F2400
G1 X69.558 Y56.894 E26.37673 F2400
G1 X69.708 Y57.426 E26.39510 F2400
G1 X69.772 Y57.654 E26.40297 F2400
G1 X69.880 Y58.196 E26.42134 F2400
G1 X69.926 Y58.428 E26.42922 F2400
G1 X69.991 Y58.976 E26.44759 F2400
G1 X70.019 Y59.212 E26.45547 F2400
G1 X70.041 Y59.763 E26.47384 F2400
G1 X70.050 Y60.000 E26.48171 F2400
G1 X70.028 Y60.552 E26.50009 F2400
G1 X70.019 Y60.788 E26.50796 F2400
G1 E25.00796 F1500  ; retract
G1 X63.461 Y50.662 F9000
G1 E26.50796 F1500  ; un-retract
G1 X69.338 Y56.539 E26.78440 F3600
G1 E25.28440 F1500  ; retract
G1 X60.065 Y50.094 F9000
G1 E26.78440 F1500  ; un-retract
G1 X61.815 Y51.845 E26.86675 F3600
G1 E25.36675 F1500  ; retract
G1 X68.155 Y58.185 F9000
G1 E26.86675 F1500  ; un-retract
G1 X69.906 Y59.935 E26.94910 F3600
G1 E25.44910 F1500  ; retract
G1 X57.573 Y50.432 F9000
G1 E26.94910 F1500  ; un-retract
G1 X58.822 Y51.680 E27.00782 F3600
G1 E25.50782 F1500  ; retract
G1 X68.320 Y61.178 F9000
G1 E27.00782 F1500  ; un-retract
G1 X69.568 Y62.427 E27.06655 F3600
G1 E25.56655 F1500  ; retract
G1 X55.528 Y51.215 F9000
G1 E27.06655 F1500  ; un-retract
G1 X56.598 Y52.284 E27.11684 F3600
G1 E25.61684 F1500  ; retract
G1 X67.716 Y63.402 F9000
G1 E27.11684 F1500  ; un-retract
G1 X68.785 Y64.472 E27.16714 F3600
G1 E25.66714 F1500  ; retract
G1 X53.821 Y52.336 F9000
G1 E27.16714 F1500  ; un-retract
G1 X54.819 Y53.334 E27.21408 F3600
G1 E25.71408 F1500  ; retract
G1 X66.666 Y65.181 F9000
G1 E27.21408 F1500  ; un-retract
G1 X67.664 Y66.179 E27.26101 F3600
G1 E25.76101 F1500  ; retract
G1 X52.399 Y53.742 F9000
G1 E27.26101 F1500  ; un-retract
G1 X53.397 Y54.740 E27.30795 F3600
G1 E25.80795 F1500  ; retract
G1 X65.260 Y66.604 F9000
G1 E27.30795 F1500  ; un-retract
G1 X66.258 Y67.601 E27.35489 F3600
G1 E25.85489 F1500  ; retract
G1 X51.266 Y55.438 F9000
G1 E27.35489 F1500  ; un-retract
G1 X52.329 Y56.501 E27.40490 F3600
G1 E25.90490 F1500  ; retract
G1 X63.499 Y67.671 F9000
G1 E27.40490 F1500  ; un-retract
G1 X64.562 Y68.734 E27.45491 F3600
G1 E25.95491 F1500  ; retract
G1 X50.463 Y57.463 F9000
G1 E27.45491 F1500  ; un-retract
G1 X51.695 Y58.695 E27.51287 F3600
G1 E26.01287 F1500  ; retract
G1 X61.305 Y68.305 F9000
G1 E27.51287 F1500  ; un-retract
G1 X62.537 Y69.537 E27.57084 F3600
G1 E26.07084 F1500  ; retract
G1 X50.100 Y59.929 F9000
G1 E27.57084 F1500  ; un-retract
G1 X51.807 Y61.636 E27.65113 F3600
G1 E26.15113 F1500  ; retract
G1 X58.364 Y68.193 F9000
G1 E27.65113 F1500  ; un-retract
G1 X60.071 Y69.900 E27.73143 F3600
G1 E26.23143 F1500  ; retract
G1 X50.581 Y63.238 F9000
G1 E27.73143 F1500  ; un-retract
G1 X56.762 Y69.419 E28.02217 F3600

; layer 6  z=1.250
G1 Z1.250 F1200
G1 E26.52217 F1500  ; retract
G1 X68.225 Y60.647 F9000
G1 E28.02217 F1500  ; un-retract
G1 X68.197 Y60.877 E28.02987 F2400
G1 X68.148 Y61.291 E28.04372 F2400
G1 X68.103 Y61.517 E28.05141 F2400
G1 X68.022 Y61.926 E28.06526 F2400
G1 X67.959 Y62.149 E28.07296 F2400
G1 X67.846 Y62.549 E28.08681 F2400
G1 X67.766 Y62.766 E28.09450 F2400
G1 X67.622 Y63.157 E28.10836 F2400
G1 X67.525 Y63.367 E28.11605 F2400
G1 X67.351 Y63.745 E28.12990 F2400
G1 X67.238 Y63.947 E28.13760 F2400
G1 X67.034 Y64.311 E28.15145 F2400
G1 X66.906 Y64.503 E28.15914 F2400
G1 X66.674 Y64.849 E28.17299 F2400
G1 X66.531 Y65.031 E28.18069 F2400
G1 X66.273 Y65.358 E28.19454 F2400
G1 X66.116 Y65.528 E28.20223 F2400
G1 X65.834 Y65.834 E28.21608 F2400
G1 X65.664 Y65.991 E28.22378 F2400
G1 X65.358 Y66.273 E28.23763 F2400
G1 X65.176 Y66.417 E28.24532 F2400
G1 X64.849 Y66.674 E28.25917 F2400
G1 X64.657 Y66.803 E28.26687 F2400
G1 X64.311 Y67.034 E28.28072 F2400
G1 X64.109 Y67.147 E28.28841 F2400
G1 X63.745 Y67.351 E28.30227 F2400
G1 X63.535 Y67.448 E28.30996 F2400
G1 X63.157 Y67.622 E28.32381 F2400
G1 X62.940 Y67.702 E28.33150 F2400
G1 X62.549 Y67.846 E28.34536 F2400
G1 X62.327 Y67.909 E28.35305 F2400
G1 X61.926 Y68.022 E28.36690 F2400
G1 X61.699 Y68.067 E28.37460 F2400
G1 X61.291 Y68.148 E28.38845 F2400
G1 X61.061 Y68.176 E28.39614 F2400
G1 X60.647 Y68.225 E28.40999 F2400
G1 X60.416 Y68.234 E28.41769 F2400
G1 X60.000 Y68.250 E28.43154 F2400
G1 X59.769 Y68.241 E28.43923 F2400
G1 X59.353 Y68.225 E28.45308 F2400
G1 X59.123 Y68.197 E28.46078 F2400
G1 X58.709 Y68.148 E28.47463 F2400
G1 X58.483 Y68.103 E28.48232 F2400
G1 X58.074 Y68.022 E28.49617 F2400
G1 X57.851 Y67.959 E28.50387 F2400
G1 X57.451 Y67.846 E28.51772 F2400
G1 X57.234 Y67.766 E28.52541 F2400
G1 X56.843 Y67.622 E28.53926 F2400
G1 X56.633 Y67.525 E28.54696 F2400
G1 X56.255 Y67.351 E28.56081 F2400
G1 X56.053 Y67.238 E28.56851 F2400
G1 X55.689 Y67.034 E28.58236 F2400
G1 X55.497 Y66.906 E28.59005 F2400
G1 X55.151 Y66.674 E28.60390 F2400
G1 X54.969 Y66.531 E28.61160 F2400
G1 X54.642 Y66.273 E28.62545 F2400
G1 X54.472 Y66.116 E28.63314 F2400
G1 X54.166 Y65.834 E28.64699 F2400
G1 X54.009 Y65.664 E28.65469 F2400
G1 X53.727 Y65.358 E28.66854 F2400
G1 X53.583 Y65.176 E28.67623 F2400
G1 X53.326 Y64.849 E28.69008 F2400
G1 X53.197 Y64.657 E28.69778 F2400
G1 X52.966 Y64.311 E28.71163 F2400
G1 X52.853 Y64.109 E28.71932 F2400
G1 X52.649 Y63.745 E28.73317 F2400
G1 X52.552 Y63.535 E28.74087 F2400
G1 X52.378 Y63.157 E28.75472 F2400
G1 X52.298 Y62.940 E28.76241 F2400
G1 X52.154 Y62.549 E28.77626 F2400
G1 X52.091 Y62.327 E28.78396 F2400
G1 X51.978 Y61.926 E28.79781 F2400
G1 X51.933 Y61.699 E28.80551 F2400
G1 X51.852 Y61.291 E28.81936 F2400
G1 X51.824 Y61.061 E28.82705 F2400
G1 X51.775 Y60.647 E28.84090 F2400
G1 X51.766 Y60.416 E28.84860 F2400
G1 X51.750 Y60.000 E28.86245 F2400
G1 X51.759 Y59.769 E28.87014 F2400
G1 X51.775 Y59.353 E28.88399 F2400
G1 X51.803 Y59.123 E28.89169 F2400
G1 X51.852 Y58.709 E28.90554 F2400
G1 X51.897 Y58.483 E28.91323 F2400
G1 X51.978 Y58.074 E28.92708 F2400
G1 X52.041 Y57.851 E28.93478 F2400
G1 X52.154 Y57.451 E28.94863 F2400
G1 X52.234 Y57.234 E28.95632 F2400
G1 X52.378 Y56.843 E28.97017 F2400
G1 X52.475 Y56.633 E28.97787 F2400
G1 X52.649 Y56.255 E28.99172 F2400
G1 X52.762 Y56.053 E28.99941 F2400
G1 X52.966 Y55.689 E29.01326 F2400
G1 X53.094 Y55.497 E29.02096 F2400
G1 X53.326 Y55.151 E29.03481 F2400
G1 X53.469 Y54.969 E29.04250 F2400
G1 X53.727 Y54.642 E29.05636 F2400
G1 X53.884 Y54.472 E29.06405 F2400
G1 X54.166 Y54.166 E29.07790 F2400
G1 X54.336 Y54.009 E29.08560 F2400
G1 X54.642 Y53.727 E29.09945 F2400
G1 X54.824 Y53.583 E29.10714 F2400
G1 X55.151 Y53.326 E29.12099 F2400
G1 X55.343 Y53.197 E29.12869 F2400
G1 X55.689 Y52.966 E29.14254 F2400
G1 X55.891 Y52.853 E29.15023 F2400
G1 X56.255 Y52.649 E29.16408 F2400
G1 X56.465 Y52.552 E29.17178 F2400
G1 X56.843 Y52.378 E29.18563 F2400
G1 X57.060 Y52.298 E29.19332 F2400
G1 X57.451 Y52.154 E29.20717 F2400
G1 X57.673 Y52.091 E29.21487 F2400
G1 X58.074 Y51.978 E29.22872 F2400
G1 X58.301 Y51.933 E29.23642 F2400
G1 X58.709 Y51.852 E29.25026 F2400
G1 X58.939 Y51.824 E29.25796 F2400
G1 X59.353 Y51.775 E29.27181 F2400
G1 X59.584 Y51.766 E29.27951 F2400
G1 X60.000 Y51.750 E29.29336 F2400
G1 X60.231 Y51.759 E29.30105 F2400
G1 X60.647 Y51.775 E29.31490 F2400
G1 X60.877 Y51.803 E29.32260 F2400
G1 X61.291 Y51.852 E29.33645 F2400
G1 X61.517 Y51.897 E29.34414 F2400
G1 X61.926 Y51.978 E29.35799 F2400
G1 X62.149 Y52.041 E29.36569 F2400
G1 X62.549 Y52.154 E29.37954 F2400
G1 X62.766 Y52.234 E29.38723 F2400
G1 X63.157 Y52.378 E29.40108 F2400
G1 X63.367 Y52.475 E29.40878 F2400
G1 X63.745 Y52.649 E29.42263 F2400
G1 X63.947 Y52.762 E29.43032 F2400
G1 X64.311 Y52.966 E29.44417 F2400
G1 X64.503 Y53.094 E29.45187 F2400
G1 X64.849 Y53.326 E29.46572 F2400
G1 X65.031 Y53.469 E29.47341 F2400
G1 X65.358 Y53.727 E29.48727 F2400
G1 X65.528 Y53.884 E29.49496 F2400
G1 X65.834 Y54.166 E29.50881 F2400
G1 X65.991 Y54.336 E29.51651 F2400
G1 X66.273 Y54.642 E29.53036 F2400
G1 X66.417 Y54.824 E29.53805 F2400
G1 X66.674 Y55.151 E29.55190 F2400
G1 X66.803 Y55.343 E29.55960 F2400
G1 X67.034 Y55.689 E29.57345 F2400
G1 X67.147 Y55.891 E29.58114 F2400
G1 X67.351 Y56.255 E29.59499 F2400
G1 X67.448 Y56.465 E29.60269 F2400
G1 X67.622 Y56.843 E29.61654 F2400
G1 X67.702 Y57.060 E29.62423 F2400
G1 X67.846 Y57.451 E29.63808 F2400
G1 X67.909 Y57.673 E29.64578 F2400
G1 X68.022 Y58.074 E29.65963 F2400
G1 X68.067 Y58.301 E29.66732 F2400
G1 X68.148 Y58.709 E29.68117 F2400
G1 X68.176 Y58.939 E29.68887 F2400
G1 X68.225 Y59.353 E29.70272 F2400
G1 X68.234 Y59.584 E29.71042 F2400
G1 X68.250 Y60.000 E29.72427 F2400
G1 X68.241 Y60.231 E29.73196 F2400
G1 X68.225 Y60.647 E29.74581 F2400
G1 E28.24581 F1500  ; retract
G1 X70.019 Y60.788 F9000
G1 E29.74581 F1500  ; un-retract
G1 X69.959 Y61.292 E29.76268 F2400
G1 X69.926 Y61.572 E29.77206 F2400
G1 X69.827 Y62.070 E29.78893 F2400
G1 X69.772 Y62.346 E29.79830 F2400
G1 X69.635 Y62.834 E29.81518 F2400
G1 X69.558 Y63.106 E29.82455 F2400
G1 X69.382 Y63.582 E29.84142 F2400
G1 X69.285 Y63.846 E29.85080 F2400
G1 X69.073 Y64.307 E29.86767 F2400
G1 X68.955 Y64.563 E29.87704 F2400
G1 X68.707 Y65.005 E29.89392 F2400
G1 X68.569 Y65.251 E29.90329 F2400
G1 X68.287 Y65.673 E29.92016 F2400
G1 X68.131 Y65.907 E29.92954 F2400
G1 X67.817 Y66.306 E29.94641 F2400
G1 X67.642 Y66.527 E29.95578 F2400
G1 X67.298 Y66.900 E29.97266 F2400
G1 X67.106 Y67.106 E29.98203 F2400
G1 X66.734 Y67.451 E29.99890 F2400
G1 X66.527 Y67.642 E30.00827 F2400
G1 X66.129 Y67.956 E30.02515 F2400
G1 X65.907 Y68.131 E30.03452 F2400
G1 X65.485 Y68.412 E30.05140 F2400
G1 X65.251 Y68.569 E30.06077 F2400
G1 X64.808 Y68.817 E30.07764 F2400
G1 X64.563 Y68.955 E30.08701 F2400
G1 X64.102 Y69.167 E30.10389 F2400
G1 X63.846 Y69.285 E30.11326 F2400
G1 X63.370 Y69.461 E30.13013 F2400
G1 X63.106 Y69.558 E30.13951 F2400
G1 X62.617 Y69.696 E30.15638 F2400
G1 X62.346 Y69.772 E30.16575 F2400
G1 X61.849 Y69.871 E30.18262 F2400
G1 X61.572 Y69.926 E30.19200 F2400
G1 X61.068 Y69.986 E30.20887 F2400
G1 X60.788 Y70.019 E30.21825 F2400
G1 X60.282 Y70.039 E30.23512 F2400
G1 X60.000 Y70.050 E30.24449 F2400
G1 X59.493 Y70.030 E30.26136 F2400
G1 X59.212 Y70.019 E30.27074 F2400
G1 X58.708 Y69.959 E30.28761 F2400
G1 X58.428 Y69.926 E30.29698 F2400
G1 X57.930 Y69.827 E30.31386 F2400
G1 X57.654 Y69.772 E30.32323 F2400
G1 X57.166 Y69.635 E30.34010 F2400
G1 X56.894 Y69.558 E30.34948 F2400
G1 X56.418 Y69.382 E30.36635 F2400
G1 X56.154 Y69.285 E30.37572 F2400
G1 X55.693 Y69.073 E30.39260 F2400
G1 X55.437 Y68.955 E30.40197 F2400
G1 X54.995 Y68.707 E30.41884 F2400
G1 X54.749 Y68.569 E30.42822 F2400
G1 X54.327 Y68.287 E30.44509 F2400
G1 X54.093 Y68.131 E30.45446 F2400
G1 X53.694 Y67.817 E30.47133 F2400
G1 X53.473 Y67.642 E30.48071 F2400
G1 X53.100 Y67.298 E30.49758 F2400
G1 X52.894 Y67.106 E30.50695 F2400
G1 X52.549 Y66.734 E30.52383 F2400
G1 X52.358 Y66.527 E30.53320 F2400
G1 X52.044 Y66.129 E30.55007 F2400
G1 X51.869 Y65.907 E30.55945 F2400
G1 X51.587 Y65.485 E30.57632 F2400
G1 X51.431 Y65.251 E30.58569 F2400
G1 X51.183 Y64.808 E30.60257 F2400
G1 X51.045 Y64.563 E30.61194 F2400
G1 X50.833 Y64.102 E30.62881 F2400
G1 X50.715 Y63.846 E30.63818 F2400
G1 X50.539 Y63.370 E30.65506 F2400
G1 X50.442 Y63.106 E30.66443 F2400
G1 X50.304 Y62.617 E30.68130 F2400
G1 X50.228 Y62.346 E30.69068 F2400
G1 X50.129 Y61.849 E30.70755 F2400
G1 X50.074 Y61.572 E30.71692 F2400
G1 X50.014 Y61.068 E30.73380 F2400
G1 X49.981 Y60.788 E30.74317 F2400
G1 X49.961 Y60.282 E30.76004 F2400
G1 X49.950 Y60.000 E30.76942 F2400
G1 X49.970 Y59.493 E30.78629 F2400
G1 X49.981 Y59.212 E30.79566 F2400
G1 X50.041 Y58.708 E30.81254 F2400
G1 X50.074 Y58.428 E30.82191 F2400
G1 X50.173 Y57.930 E30.83878 F2400
G1 X50.228 Y57.654 E30.84816 F2400
G1 X50.365 Y57.166 E30.86503 F2400
G1 X50.442 Y56.894 E30.87440 F2400
G1 X50.617 Y56.418 E30.89128 F2400
G1 X50.715 Y56.154 E30.90065 F2400
G1 X50.927 Y55.693 E30.91752 F2400
G1 X51.045 Y55.437 E30.92690 F2400
G1 X51.293 Y54.995 E30.94377 F2400
G1 X51.431 Y54.749 E30.95314 F2400
G1 X51.713 Y54.327 E30.97001 F2400
G1 X51.869 Y54.093 E30.97939 F2400
G1 X52.183 Y53.694 E30.99626 F2400
G1 X52.358 Y53.473 E31.00563 F2400
G1 X52.702 Y53.100 E31.02251 F2400
G1 X52.894 Y52.894 E31.03188 F2400
G1 X53.266 Y52.549 E31.04875 F2400
G1 X53.473 Y52.358 E31.05813 F2400
G1 X53.871 Y52.044 E31.07500 F2400
G1 X54.093 Y51.869 E31.08437 F2400
G1 X54.515 Y51.587 E31.10125 F2400
G1 X54.749 Y51.431 E31.11062 F2400
G1 X55.191 Y51.183 E31.12749 F2400
G1 X55.437 Y51.045 E31.13687 F2400
G1 X55.898 Y50.833 E31.15374 F2400
G1 X56.154 Y50.715 E31.16311 F2400
G1 X56.630 Y50.539 E31.17999 F2400
G1 X56.894 Y50.442 E31.18936 F2400
G1 X57.383 Y50.304 E31.20623 F2400
G1 X57.654 Y50.228 E31.21560 F2400
G1 X58.151 Y50.129 E31.23248 F2400
G1 X58.428 Y50.074 E31.24185 F2400
G1 X58.932 Y50.014 E31.25872 F2400
G1 X59.212 Y49.981 E31.26810 F2400
G1 X59.718 Y49.961 E31.28497 F2400
G1 X60.000 Y49.950 E31.29434 F2400
G1 X60.507 Y49.970 E31.31122 F2400
G1 X60.788 Y49.981 E31.32059 F2400
G1 X61.292 Y50.041 E31.33746 F2400
G1 X61.572 Y50.074 E31.34684 F2400
G1 X62.070 Y50.173 E31.36371 F2400
G1 X62.346 Y50.228 E31.37308 F2400
G1 X62.834 Y50.365 E31.38996 F2400
G1 X63.106 Y50.442 E31.39933 F2400
G1 X63.582 Y50.617 E31.41620 F2400
G1 X63.846 Y50.715 E31.42558 F2400
G1 X64.307 Y50.927 E31.44245 F2400
G1 X64.563 Y51.045 E31.45182 F2400
G1 X65.005 Y51.293 E31.46869 F2400
G1 X65.251 Y51.431 E31.47807 F2400
G1 X65.673 Y51.713 E31.49494 F2400
G1 X65.907 Y51.869 E31.50431 F2400
G1 X66.306 Y52.183 E31.52118 F2400
G1 X66.527 Y52.358 E31.53056 F2400
G1 X66.900 Y52.702 E31.54743 F2400
G1 X67.106 Y52.894 E31.55681 F2400
G1 X67.451 Y53.266 E31.57368 F2400
G1 X67.642 Y53.473 E31.58305 F2400
G1 X67.956 Y53.871 E31.59992 F2400
G1 X68.131 Y54.093 E31.60930 F2400
G1 X68.412 Y54.515 E31.62617 F2400
G1 X68.569 Y54.749 E31.63554 F2400
G1 X68.817 Y55.191 E31.65242 F2400
G1 X68.955 Y55.437 E31.66179 F2400
G1 X69.167 Y55.898 E31.67866 F2400
G1 X69.285 Y56.154 E31.68804 F2400
G1 X69.461 Y56.630 E31.70491 F2400
G1 X69.558 Y56.894 E31.71428 F2400
G1 X69.696 Y57.383 E31.73116 F2400
G1 X69.772 Y57.654 E31.74053 F2400
G1 X69.871 Y58.151 E31.75740 F2400
G1 X69.926 Y58.428 E31.76678 F2400
G1 X69.986 Y58.932 E31.78365 F2400
G1 X70.019 Y59.212 E31.79302 F2400
G1 X70.039 Y59.718 E31.80990 F2400
G1 X70.050 Y60.000 E31.81927 F2400
G1 X70.030 Y60.507 E31.83614 F2400
G1 X70.019 Y60.788 E31.84551 F2400
G1 E30.34551 F1500  ; retract
G1 X69.338 Y63.461 F9000
G1 E31.84551 F1500  ; un-retract
G1 X63.461 Y69.338 E32.12196 F3600
G1 E30.62196 F1500  ; retract
G1 X69.906 Y60.065 F9000
G1 E32.12196 F1500  ; un-retract
G1 X68.155 Y61.815 E32.20431 F3600
G1 E30.70431 F1500  ; retract
G1 X61.815 Y68.155 F9000
G1 E32.20431 F1500  ; un-retract
G1 X60.065 Y69.906 E32.28666 F3600
G1 E30.78666 F1500  ; retract
G1 X69.568 Y57.573 F9000
G1 E32.28666 F1500  ; un-retract
G1 X68.320 Y58.822 E32.34538 F3600
G1 E30.84538 F1500  ; retract
G1 X58.822 Y68.320 F9000
G1 E32.34538 F1500  ; un-retract
G1 X57.573 Y69.568 E32.40410 F3600
G1 E30.90410 F1500  ; retract
G1 X68.785 Y55.528 F9000
G1 E32.40410 F1500  ; un-retract
G1 X67.716 Y56.598 E32.45440 F3600
G1 E30.95440 F1500  ; retract
G1 X56.598 Y67.716 F9000
G1 E32.45440 F1500  ; un-retract
G1 X55.528 Y68.785 E32.50470 F3600
G1 E31.00470 F1500  ; retract
G1 X67.664 Y53.821 F9000
G1 E32.50470 F1500  ; un-retract
G1 X66.666 Y54.819 E32.55163 F3600
G1 E31.05163 F1500  ; retract
G1 X54.819 Y66.666 F9000
G1 E32.55163 F1500  ; un-retract
G1 X53.821 Y67.664 E32.59857 F3600
G1 E31.09857 F1500  ; retract
G1 X66.258 Y52.399 F9000
G1 E32.59857 F1500  ; un-retract
G1 X65.260 Y53.396 E32.64550 F3600
G1 E31.14550 F1500  ; retract
G1 X53.396 Y65.260 F9000
G1 E32.64550 F1500  ; un-retract
G1 X52.399 Y66.258 E32.69244 F3600
G1 E31.19244 F1500  ; retract
G1 X64.562 Y51.266 F9000
G1 E32.69244 F1500  ; un-retract
G1 X63.499 Y52.329 E32.74245 F3600
G1 E31.24245 F1500  ; retract
G1 X52.329 Y63.499 F9000
G1 E32.74245 F1500  ; un-retract
G1 X51.266 Y64.562 E32.79246 F3600
G1 E31.29246 F1500  ; retract
G1 X62.537 Y50.463 F9000
G1 E32.79246 F1500  ; un-retract
G1 X61.305 Y51.695 E32.85042 F3600
G1 E31.35042 F1500  ; retract
G1 X51.695 Y61.305 F9000
G1 E32.85042 F1500  ; un-retract
G1 X50.463 Y62.537 E32.90839 F3600
G1 E31.40839 F1500  ; retract
G1 X60.071 Y50.100 F9000
G1 E32.90839 F1500  ; un-retract
G1 X58.364 Y51.807 E32.98869 F3600
G1 E31.48869 F1500  ; retract
G1 X51.807 Y58.364 F9000
G1 E32.98869 F1500  ; un-retract
G1 X50.100 Y60.071 E33.06898 F3600
G1 E31.56898 F1500  ; retract
G1 X56.762 Y50.581 F9000
G1 E33.06898 F1500  ; un-retract
G1 X50.581 Y56.762 E33.35972 F3600

; layer 7  z=1.450
G1 Z1.450 F1200
G1 E31.85972 F1500  ; retract
G1 X68.225 Y60.647 F9000
G1 E33.35972 F1500  ; un-retract
G1 X68.193 Y60.914 E33.36865 F2400
G1 X68.148 Y61.291 E33.38127 F2400
G1 X68.096 Y61.554 E33.39020 F2400
G1 X68.022 Y61.926 E33.40281 F2400
G1 X67.949 Y62.184 E33.41174 F2400
G1 X67.846 Y62.549 E33.42436 F2400
G1 X67.753 Y62.801 E33.43329 F2400
G1 X67.622 Y63.157 E33.44591 F2400
G1 X67.510 Y63.401 E33.45483 F2400
G1 X67.351 Y63.745 E33.46745 F2400
G1 X67.220 Y63.980 E33.47638 F2400
G1 X67.034 Y64.311 E33.48900 F2400
G1 X66.885 Y64.534 E33.49792 F2400
G1 X66.674 Y64.849 E33.51054 F2400
G1 X66.508 Y65.060 E33.51947 F2400
G1 X66.273 Y65.358 E33.53209 F2400
G1 X66.091 Y65.555 E33.54101 F2400
G1 X65.834 Y65.834 E33.55363 F2400
G1 X65.637 Y66.016 E33.56256 F2400
G1 X65.358 Y66.273 E33.57518 F2400
G1 X65.147 Y66.439 E33.58410 F2400
G1 X64.849 Y66.674 E33.59673 F2400
G1 X64.626 Y66.823 E33.60565 F2400
G1 X64.311 Y67.034 E33.61827 F2400
G1 X64.076 Y67.165 E33.62719 F2400
G1 X63.745 Y67.351 E33.63982 F2400
G1 X63.502 Y67.463 E33.64874 F2400
G1 X63.157 Y67.622 E33.66136 F2400
G1 X62.905 Y67.715 E33.67029 F2400
G1 X62.549 Y67.846 E33.68291 F2400
G1 X62.291 Y67.919 E33.69183 F2400
G1 X61.926 Y68.022 E33.70445 F2400
G1 X61.663 Y68.074 E33.71338 F2400
G1 X61.291 Y68.148 E33.72600 F2400
G1 X61.024 Y68.180 E33.73492 F2400
G1 X60.647 Y68.225 E33.74754 F2400
G1 X60.379 Y68.235 E33.75647 F2400
G1 X60.000 Y68.250 E33.76909 F2400
G1 X59.732 Y68.239 E33.77802 F2400
G1 X59.353 Y68.225 E33.79063 F2400
G1 X59.086 Y68.193 E33.79956 F2400
G1 X58.709 Y68.148 E33.81218 F2400
G1 X58.446 Y68.096 E33.82111 F2400
G1 X58.074 Y68.022 E33.83372 F2400
G1 X57.816 Y67.949 E33.84265 F2400
G1 X57.451 Y67.846 E33.85527 F2400
G1 X57.199 Y67.753 E33.86420 F2400
G1 X56.843 Y67.622 E33.87681 F2400
G1 X56.599 Y67.510 E33.88574 F2400
G1 X56.255 Y67.351 E33.89836 F2400
G1 X56.020 Y67.220 E33.90729 F2400
G1 X55.689 Y67.034 E33.91991 F2400
G1 X55.466 Y66.885 E33.92883 F2400
G1 X55.151 Y66.674 E33.94145 F2400
G1 X54.940 Y66.508 E33.95038 F2400
G1 X54.642 Y66.273 E33.96300 F2400
G1 X54.445 Y66.091 E33.97192 F2400
G1 X54.166 Y65.834 E33.98454 F2400
G1 X53.984 Y65.637 E33.99347 F2400
G1 X53.727 Y65.358 E34.00609 F2400
G1 X53.560 Y65.147 E34.01501 F2400
G1 X53.326 Y64.849 E34.02763 F2400
G1 X53.176 Y64.626 E34.03656 F2400
G1 X52.966 Y64.311 E34.04918 F2400
G1 X52.835 Y64.076 E34.05810 F2400
G1 X52.649 Y63.745 E34.07072 F2400
G1 X52.537 Y63.502 E34.07965 F2400
G1 X52.378 Y63.157 E34.09227 F2400
G1 X52.285 Y62.905 E34.10119 F2400
G1 X52.154 Y62.549 E34.11381 F2400
G1 X52.081 Y62.291 E34.12274 F2400
G1 X51.978 Y61.926 E34.13536 F2400
G1 X51.926 Y61.663 E34.14429 F2400
G1 X51.852 Y61.291 E34.15691 F2400
G1 X51.820 Y61.024 E34.16583 F2400
G1 X51.775 Y60.647 E34.17845 F2400
G1 X51.765 Y60.379 E34.18738 F2400
G1 X51.750 Y60.000 E34.20000 F2400
G1 X51.761 Y59.732 E34.20892 F2400
G1 X51.775 Y59.353 E34.22154 F2400
G1 X51.807 Y59.086 E34.23047 F2400
G1 X51.852 Y58.709 E34.24309 F2400
G1 X51.904 Y58.446 E34.25201 F2400
G1 X51.978 Y58.074 E34.26463 F2400
G1 X52.051 Y57.816 E34.27356 F2400
G1 X52.154 Y57.451 E34.28618 F2400
G1 X52.247 Y57.199 E34.29511 F2400
G1 X52.378 Y56.843 E34.30772 F2400
G1 X52.490 Y56.599 E34.31665 F2400
G1 X52.649 Y56.255 E34.32927 F2400
G1 X52.780 Y56.020 E34.33820 F2400
G1 X52.966 Y55.689 E34.35082 F2400
G1 X53.115 Y55.466 E34.35974 F2400
G1 X53.326 Y55.151 E34.37236 F2400
G1 X53.492 Y54.940 E34.38129 F2400
G1 X53.727 Y54.642 E34.39391 F2400
G1 X53.909 Y54.445 E34.40283 F2400
G1 X54.166 Y54.166 E34.41545 F2400
G1 X54.363 Y53.984 E34.42438 F2400
G1 X54.642 Y53.727 E34.43700 F2400
G1 X54.853 Y53.560 E34.44592 F2400
G1 X55.151 Y53.326 E34.45854 F2400
G1 X55.374 Y53.176 E34.46747 F2400
G1 X55.689 Y52.966 E34.48009 F2400
G1 X55.923 Y52.835 E34.48901 F2400
G1 X56.255 Y52.649 E34.50163 F2400
G1 X56.498 Y52.537 E34.51056 F2400
G1 X56.843 Y52.378 E34.52318 F2400
G1 X57.095 Y52.285 E34.53210 F2400
G1 X57.451 Y52.154 E34.54472 F2400
G1 X57.709 Y52.081 E34.55365 F2400
G1 X58.074 Y51.978 E34.56627 F2400
G1 X58.337 Y51.926 E34.57520 F2400
G1 X58.709 Y51.852 E34.58781 F2400
G1 X58.976 Y51.820 E34.59674 F2400
G1 X59.353 Y51.775 E34.60936 F2400
G1 X59.621 Y51.765 E34.61829 F2400
G1 X60.000 Y51.750 E34.63091 F2400
G1 X60.268 Y51.761 E34.63983 F2400
G1 X60.647 Y51.775 E34.65245 F2400
G1 X60.914 Y51.807 E34.66138 F2400
G1 X61.291 Y51.852 E34.67400 F2400
G1 X61.554 Y51.904 E34.68292 F2400
G1 X61.926 Y51.978 E34.69554 F2400
G1 X62.184 Y52.051 E34.70447 F2400
G1 X62.549 Y52.154 E34.71709 F2400
G1 X62.801 Y52.247 E34.72602 F2400
G1 X63.157 Y52.378 E34.73863 F2400
G1 X63.401 Y52.490 E34.74756 F2400
G1 X63.745 Y52.649 E34.76018 F2400
G1 X63.980 Y52.780 E34.76911 F2400
G1 X64.311 Y52.966 E34.78172 F2400
G1 X64.534 Y53.115 E34.79065 F2400
G1 X64.849 Y53.326 E34.80327 F2400
G1 X65.060 Y53.492 E34.81220 F2400
G1 X65.358 Y53.727 E34.82482 F2400
G1 X65.555 Y53.909 E34.83374 F2400
G1 X65.834 Y54.166 E34.84636 F2400
G1 X66.016 Y54.363 E34.85529 F2400
G1 X66.273 Y54.642 E34.86791 F2400
G1 X66.439 Y54.853 E34.87683 F2400
G1 X66.674 Y55.151 E34.88945 F2400
G1 X66.823 Y55.374 E34.89838 F2400
G1 X67.034 Y55.689 E34.91100 F2400
G1 X67.165 Y55.923 E34.91992 F2400
G1 X67.351 Y56.255 E34.93254 F2400
G1 X67.463 Y56.498 E34.94147 F2400
G1 X67.622 Y56.843 E34.95409 F2400
G1 X67.715 Y57.095 E34.96301 F2400
G1 X67.846 Y57.451 E34.97563 F2400
G1 X67.919 Y57.709 E34.98456 F2400
G1 X68.022 Y58.074 E34.99718 F2400
G1 X68.074 Y58.337 E35.00611 F2400
G1 X68.148 Y58.709 E35.01872 F2400
G1 X68.180 Y58.976 E35.02765 F2400
G1 X68.225 Y59.353 E35.04027 F2400
G1 X68.235 Y59.621 E35.04920 F2400
G1 X68.250 Y60.000 E35.06182 F2400
G1 X68.239 Y60.268 E35.07074 F2400
G1 X68.225 Y60.647 E35.08336 F2400
G1 E33.58336 F1500  ; retract
G1 X70.019 Y60.788 F9000
G1 E35.08336 F1500  ; un-retract
G1 X69.965 Y61.248 E35.09873 F2400
G1 X69.926 Y61.572 E35.10961 F2400
G1 X69.836 Y62.026 E35.12498 F2400
G1 X69.772 Y62.346 E35.13585 F2400
G1 X69.647 Y62.791 E35.15123 F2400
G1 X69.558 Y63.106 E35.16210 F2400
G1 X69.398 Y63.539 E35.17748 F2400
G1 X69.285 Y63.846 E35.18835 F2400
G1 X69.091 Y64.266 E35.20372 F2400
G1 X68.955 Y64.563 E35.21459 F2400
G1 X68.729 Y64.966 E35.22997 F2400
G1 X68.569 Y65.251 E35.24084 F2400
G1 X68.312 Y65.635 E35.25621 F2400
G1 X68.131 Y65.907 E35.26709 F2400
G1 X67.844 Y66.270 E35.28246 F2400
G1 X67.642 Y66.527 E35.29333 F2400
G1 X67.328 Y66.866 E35.30871 F2400
G1 X67.106 Y67.106 E35.31958 F2400
G1 X66.767 Y67.420 E35.33495 F2400
G1 X66.527 Y67.642 E35.34582 F2400
G1 X66.164 Y67.928 E35.36120 F2400
G1 X65.907 Y68.131 E35.37207 F2400
G1 X65.523 Y68.387 E35.38744 F2400
G1 X65.251 Y68.569 E35.39832 F2400
G1 X64.848 Y68.795 E35.41369 F2400
G1 X64.563 Y68.955 E35.42456 F2400
G1 X64.143 Y69.148 E35.43994 F2400
G1 X63.846 Y69.285 E35.45081 F2400
G1 X63.412 Y69.445 E35.46618 F2400
G1 X63.106 Y69.558 E35.47706 F2400
G1 X62.661 Y69.684 E35.49243 F2400
G1 X62.346 Y69.772 E35.50330 F2400
G1 X61.893 Y69.862 E35.51868 F2400
G1 X61.572 Y69.926 E35.52955 F2400
G1 X61.113 Y69.981 E35.54492 F2400
G1 X60.788 Y70.019 E35.55580 F2400
G1 X60.327 Y70.037 E35.57117 F2400
G1 X60.000 Y70.050 E35.58204 F2400
G1 X59.538 Y70.032 E35.59741 F2400
G1 X59.212 Y70.019 E35.60829 F2400
G1 X58.752 Y69.965 E35.62366 F2400
G1 X58.428 Y69.926 E35.63454 F2400
G1 X57.974 Y69.836 E35.64991 F2400
G1 X57.654 Y69.772 E35.66078 F2400
G1 X57.209 Y69.647 E35.67615 F2400
G1 X56.894 Y69.558 E35.68703 F2400
G1 X56.461 Y69.398 E35.70240 F2400
G1 X56.154 Y69.285 E35.71327 F2400
G1 X55.734 Y69.091 E35.72865 F2400
G1 X55.437 Y68.955 E35.73952 F2400
G1 X55.034 Y68.729 E35.75489 F2400
G1 X54.749 Y68.569 E35.76577 F2400
G1 X54.365 Y68.312 E35.78114 F2400
G1 X54.093 Y68.131 E35.79201 F2400
G1 X53.730 Y67.844 E35.80738 F2400
G1 X53.473 Y67.642 E35.81826 F2400
G1 X53.134 Y67.328 E35.83363 F2400
G1 X52.894 Y67.106 E35.84450 F2400
G1 X52.580 Y66.767 E35.85988 F2400
G1 X52.358 Y66.527 E35.87075 F2400
G1 X52.072 Y66.164 E35.88612 F2400
G1 X51.869 Y65.907 E35.89700 F2400
G1 X51.613 Y65.523 E35.91237 F2400
G1 X51.431 Y65.251 E35.92324 F2400
G1 X51.205 Y64.848 E35.93862 F2400
G1 X51.045 Y64.563 E35.94949 F2400
G1 X50.852 Y64.143 E35.96486 F2400
G1 X50.715 Y63.846 E35.97574 F2400
G1 X50.555 Y63.412 E35.99111 F2400
G1 X50.442 Y63.106 E36.00198 F2400
G1 X50.316 Y62.661 E36.01735 F2400
G1 X50.228 Y62.346 E36.02823 F2400
G1 X50.138 Y61.893 E36.04360 F2400
G1 X50.074 Y61.572 E36.05447 F2400
G1 X50.019 Y61.113 E36.06985 F2400
G1 X49.981 Y60.788 E36.08072 F2400
G1 X49.963 Y60.327 E36.09609 F2400
G1 X49.950 Y60.000 E36.10697 F2400
G1 X49.968 Y59.538 E36.12234 F2400
G1 X49.981 Y59.212 E36.13321 F2400
G1 X50.035 Y58.752 E36.14859 F2400
G1 X50.074 Y58.428 E36.15946 F2400
G1 X50.164 Y57.974 E36.17483 F2400
G1 X50.228 Y57.654 E36.18571 F2400
G1 X50.353 Y57.209 E36.20108 F2400
G1 X50.442 Y56.894 E36.21195 F2400
G1 X50.602 Y56.461 E36.22733 F2400
G1 X50.715 Y56.154 E36.23820 F2400
G1 X50.909 Y55.734 E36.25357 F2400
G1 X51.045 Y55.437 E36.26445 F2400
G1 X51.271 Y55.034 E36.27982 F2400
G1 X51.431 Y54.749 E36.29069 F2400
G1 X51.688 Y54.365 E36.30606 F2400
G1 X51.869 Y54.093 E36.31694 F2400
G1 X52.156 Y53.730 E36.33231 F2400
G1 X52.358 Y53.473 E36.34318 F2400
G1 X52.672 Y53.134 E36.35856 F2400
G1 X52.894 Y52.894 E36.36943 F2400
G1 X53.233 Y52.580 E36.38480 F2400
G1 X53.473 Y52.358 E36.39568 F2400
G1 X53.836 Y52.072 E36.41105 F2400
G1 X54.093 Y51.869 E36.42192 F2400
G1 X54.477 Y51.613 E36.43730 F2400
G1 X54.749 Y51.431 E36.44817 F2400
G1 X55.152 Y51.205 E36.46354 F2400
G1 X55.437 Y51.045 E36.47442 F2400
G1 X55.857 Y50.852 E36.48979 F2400
G1 X56.154 Y50.715 E36.50066 F2400
G1 X56.588 Y50.555 E36.51604 F2400
G1 X56.894 Y50.442 E36.52691 F2400
G1 X57.339 Y50.316 E36.54228 F2400
G1 X57.654 Y50.228 E36.55316 F2400
G1 X58.107 Y50.138 E36.56853 F2400
G1 X58.428 Y50.074 E36.57940 F2400
G1 X58.887 Y50.019 E36.59477 F2400
G1 X59.212 Y49.981 E36.60565 F2400
G1 X59.673 Y49.963 E36.62102 F2400
G1 X60.000 Y49.950 E36.63189 F2400
G1 X60.462 Y49.968 E36.64726 F2400
G1 X60.788 Y49.981 E36.65814 F2400
G1 X61.248 Y50.035 E36.67351 F2400
G1 X61.572 Y50.074 E36.68439 F2400
G1 X62.026 Y50.164 E36.69976 F2400
G1 X62.346 Y50.228 E36.71063 F2400
G1 X62.791 Y50.353 E36.72601 F2400
G1 X63.106 Y50.442 E36.73688 F2400
G1 X63.539 Y50.602 E36.75225 F2400
G1 X63.846 Y50.715 E36.76313 F2400
G1 X64.266 Y50.909 E36.77850 F2400
G1 X64.563 Y51.045 E36.78937 F2400
G1 X64.966 Y51.271 E36.80474 F2400
G1 X65.251 Y51.431 E36.81562 F2400
G1 X65.635 Y51.688 E36.83099 F2400
G1 X65.907 Y51.869 E36.84186 F2400
G1 X66.270 Y52.156 E36.85724 F2400
G1 X66.527 Y52.358 E36.86811 F2400
G1 X66.866 Y52.672 E36.88348 F2400
G1 X67.106 Y52.894 E36.89436 F2400
G1 X67.420 Y53.233 E36.90973 F2400
G1 X67.642 Y53.473 E36.92060 F2400
G1 X67.928 Y53.836 E36.93597 F2400
G1 X68.131 Y54.093 E36.94685 F2400
G1 X68.387 Y54.477 E36.96222 F2400
G1 X68.569 Y54.749 E36.97309 F2400
G1 X68.795 Y55.152 E36.98847 F2400
G1 X68.955 Y55.437 E36.99934 F2400
G1 X69.148 Y55.857 E37.01471 F2400
G1 X69.285 Y56.154 E37.02559 F2400
G1 X69.445 Y56.588 E37.04096 F2400
G1 X69.558 Y56.894 E37.05183 F2400
G1 X69.684 Y57.339 E37.06721 F2400
G1 X69.772 Y57.654 E37.07808 F2400
G1 X69.862 Y58.107 E37.09345 F2400
G1 X69.926 Y58.428 E37.10433 F2400
G1 X69.981 Y58.887 E37.11970 F2400
G1 X70.019 Y59.212 E37.13057 F2400
G1 X70.037 Y59.673 E37.14594 F2400
G1 X70.050 Y60.000 E37.15682 F2400
G1 X70.032 Y60.462 E37.17219 F2400
G1 X70.019 Y60.788 E37.18307 F2400
G1 E35.68307 F1500  ; retract
G1 X63.461 Y50.662 F9000
G1 E37.18307 F1500  ; un-retract
G1 X69.338 Y56.539 E37.45951 F3600
G1 E35.95951 F1500  ; retract
G1 X60.065 Y50.094 F9000
G1 E37.45951 F1500  ; un-retract
G1 X61.815 Y51.845 E37.54186 F3600
G1 E36.04186 F1500  ; retract
G1 X68.155 Y58.185 F9000
G1 E37.54186 F1500  ; un-retract
G1 X69.906 Y59.935 E37.62421 F3600
G1 E36.12421 F1500  ; retract
G1 X57.573 Y50.432 F9000
G1 E37.62421 F1500  ; un-retract
G1 X58.822 Y51.680 E37.68293 F3600
G1 E36.18293 F1500  ; retract
G1 X68.320 Y61.178 F9000
G1 E37.68293 F1500  ; un-retract
G1 X69.568 Y62.427 E37.74165 F3600
G1 E36.24165 F1500  ; retract
G1 X55.528 Y51.215 F9000
G1 E37.74165 F1500  ; un-retract
G1 X56.598 Y52.284 E37.79195 F3600
G1 E36.29195 F1500  ; retract
G1 X67.716 Y63.402 F9000
G1 E37.79195 F1500  ; un-retract
G1 X68.785 Y64.472 E37.84225 F3600
G1 E36.34225 F1500  ; retract
G1 X53.821 Y52.336 F9000
G1 E37.84225 F1500  ; un-retract
G1 X54.819 Y53.334 E37.88918 F3600
G1 E36.38918 F1500  ; retract
G1 X66.666 Y65.181 F9000
G1 E37.88918 F1500  ; un-retract
G1 X67.664 Y66.179 E37.93612 F3600
G1 E36.43612 F1500  ; retract
G1 X52.399 Y53.742 F9000
G1 E37.93612 F1500  ; un-retract
G1 X53.397 Y54.740 E37.98306 F3600
G1 E36.48306 F1500  ; retract
G1 X65.260 Y66.604 F9000
G1 E37.98306 F1500  ; un-retract
G1 X66.258 Y67.601 E38.02999 F3600
G1 E36.52999 F1500  ; retract
G1 X51.266 Y55.438 F9000
G1 E38.02999 F1500  ; un-retract
G1 X52.329 Y56.501 E38.08000 F3600
G1 E36.58000 F1500  ; retract
G1 X63.499 Y67.671 F9000
G1 E38.08000 F1500  ; un-retract
G1 X64.562 Y68.734 E38.13001 F3600
G1 E36.63001 F1500  ; retract
G1 X50.463 Y57.463 F9000
G1 E38.13001 F1500  ; un-retract
G1 X51.695 Y58.695 E38.18798 F3600
G1 E36.68798 F1500  ; retract
G1 X61.305 Y68.305 F9000
G1 E38.18798 F1500  ; un-retract
G1 X62.537 Y69.537 E38.24594 F3600
G1 E36.74594 F1500  ; retract
G1 X50.100 Y59.929 F9000
G1 E38.24594 F1500  ; un-retract
G1 X51.807 Y61.636 E38.32624 F3600
G1 E36.82624 F1500  ; retract
G1 X58.364 Y68.193 F9000
G1 E38.32624 F1500  ; un-retract
G1 X60.071 Y69.900 E38.40654 F3600
G1 E36.90654 F1500  ; retract
G1 X50.581 Y63.238 F9000
G1 E38.40654 F1500  ; un-retract
G1 X56.762 Y69.419 E38.69728 F3600

; layer 8  z=1.650
G1 Z1.650 F1200
G1 E37.19728 F1500  ; retract
G1 X68.225 Y60.647 F9000
G1 E38.69728 F1500  ; un-retract
G1 X68.189 Y60.951 E38.70744 F2400
G1 X68.148 Y61.291 E38.71883 F2400
G1 X68.089 Y61.590 E38.72898 F2400
G1 X68.022 Y61.926 E38.74037 F2400
G1 X67.939 Y62.220 E38.75053 F2400
G1 X67.846 Y62.549 E38.76192 F2400
G1 X67.740 Y62.836 E38.77208 F2400
G1 X67.622 Y63.157 E38.78346 F2400
G1 X67.494 Y63.434 E38.79362 F2400
G1 X67.351 Y63.745 E38.80501 F2400
G1 X67.202 Y64.012 E38.81517 F2400
G1 X67.034 Y64.311 E38.82655 F2400
G1 X66.865 Y64.564 E38.83671 F2400
G1 X66.674 Y64.849 E38.84810 F2400
G1 X66.485 Y65.089 E38.85826 F2400
G1 X66.273 Y65.358 E38.86965 F2400
G1 X66.066 Y65.582 E38.87980 F2400
G1 X65.834 Y65.834 E38.89119 F2400
G1 X65.609 Y66.041 E38.90135 F2400
G1 X65.358 Y66.273 E38.91274 F2400
G1 X65.118 Y66.462 E38.92289 F2400
G1 X64.849 Y66.674 E38.93428 F2400
G1 X64.595 Y66.844 E38.94444 F2400
G1 X64.311 Y67.034 E38.95583 F2400
G1 X64.044 Y67.183 E38.96598 F2400
G1 X63.745 Y67.351 E38.97737 F2400
G1 X63.468 Y67.479 E38.98753 F2400
G1 X63.157 Y67.622 E38.99892 F2400
G1 X62.871 Y67.728 E39.00908 F2400
G1 X62.549 Y67.846 E39.02046 F2400
G1 X62.255 Y67.929 E39.03062 F2400
G1 X61.926 Y68.022 E39.04201 F2400
G1 X61.626 Y68.082 E39.05217 F2400
G1 X61.291 Y68.148 E39.06355 F2400
G1 X60.987 Y68.184 E39.07371 F2400
G1 X60.647 Y68.225 E39.08510 F2400
G1 X60.342 Y68.237 E39.09526 F2400
G1 X60.000 Y68.250 E39.10665 F2400
G1 X59.695 Y68.238 E39.11680 F2400
G1 X59.353 Y68.225 E39.12819 F2400
G1 X59.049 Y68.189 E39.13835 F2400
G1 X58.709 Y68.148 E39.14974 F2400
G1 X58.410 Y68.089 E39.15989 F2400
G1 X58.074 Y68.022 E39.17128 F2400
G1 X57.780 Y67.939 E39.18144 F2400
G1 X57.451 Y67.846 E39.19283 F2400
G1 X57.164 Y67.740 E39.20298 F2400
G1 X56.843 Y67.622 E39.21437 F2400
G1 X56.566 Y67.494 E39.22453 F2400
G1 X56.255 Y67.351 E39.23592 F2400
G1 X55.988 Y67.202 E39.24608 F2400
G1 X55.689 Y67.034 E39.25746 F2400
G1 X55.435 Y66.865 E39.26762 F2400
G1 X55.151 Y66.674 E39.27901 F2400
G1 X54.911 Y66.485 E39.28917 F2400
G1 X54.642 Y66.273 E39.30055 F2400
G1 X54.418 Y66.066 E39.31071 F2400
G1 X54.166 Y65.834 E39.32210 F2400
G1 X53.959 Y65.609 E39.33226 F2400
G1 X53.727 Y65.358 E39.34365 F2400
G1 X53.538 Y65.118 E39.35380 F2400
G1 X53.326 Y64.849 E39.36519 F2400
G1 X53.156 Y64.595 E39.37535 F2400
G1 X52.966 Y64.311 E39.38674 F2400
G1 X52.816 Y64.044 E39.39689 F2400
G1 X52.649 Y63.745 E39.40828 F2400
G1 X52.521 Y63.468 E39.41844 F2400
G1 X52.378 Y63.157 E39.42983 F2400
G1 X52.272 Y62.871 E39.43999 F2400
G1 X52.154 Y62.549 E39.45137 F2400
G1 X52.071 Y62.255 E39.46153 F2400
G1 X51.978 Y61.926 E39.47292 F2400
G1 X51.918 Y61.626 E39.48308 F2400
G1 X51.852 Y61.291 E39.49446 F2400
G1 X51.816 Y60.987 E39.50462 F2400
G1 X51.775 Y60.647 E39.51601 F2400
G1 X51.763 Y60.342 E39.52617 F2400
G1 X51.750 Y60.000 E39.53755 F2400
G1 X51.762 Y59.695 E39.54771 F2400
G1 X51.775 Y59.353 E39.55910 F2400
G1 X51.811 Y59.049 E39.56926 F2400
G1 X51.852 Y58.709 E39.58065 F2400
G1 X51.911 Y58.410 E39.59080 F2400
G1 X51.978 Y58.074 E39.60219 F2400
G1 X52.061 Y57.780 E39.61235 F2400
G1 X52.154 Y57.451 E39.62374 F2400
G1 X52.260 Y57.164 E39.63389 F2400
G1 X52.378 Y56.843 E39.64528 F2400
G1 X52.506 Y56.566 E39.65544 F2400
G1 X52.649 Y56.255 E39.66683 F2400
G1 X52.798 Y55.988 E39.67699 F2400
G1 X52.966 Y55.689 E39.68837 F2400
G1 X53.135 Y55.435 E39.69853 F2400
G1 X53.326 Y55.151 E39.70992 F2400
G1 X53.515 Y54.911 E39.72008 F2400
G1 X53.727 Y54.642 E39.73146 F2400
G1 X53.934 Y54.418 E39.74162 F2400
G1 X54.166 Y54.166 E39.75301 F2400
G1 X54.391 Y53.959 E39.76317 F2400
G1 X54.642 Y53.727 E39.77455 F2400
G1 X54.882 Y53.538 E39.78471 F2400
G1 X55.151 Y53.326 E39.79610 F2400
G1 X55.405 Y53.156 E39.80626 F2400
G1 X55.689 Y52.966 E39.81765 F2400
G1 X55.956 Y52.816 E39.82780 F2400
G1 X56.255 Y52.649 E39.83919 F2400
G1 X56.532 Y52.521 E39.84935 F2400
G1 X56.843 Y52.378 E39.86074 F2400
G1 X57.129 Y52.272 E39.87089 F2400
G1 X57.451 Y52.154 E39.88228 F2400
G1 X57.745 Y52.071 E39.89244 F2400
G1 X58.074 Y51.978 E39.90383 F2400
G1 X58.374 Y51.918 E39.91398 F2400
G1 X58.709 Y51.852 E39.92537 F2400
G1 X59.013 Y51.816 E39.93553 F2400
G1 X59.353 Y51.775 E39.94692 F2400
G1 X59.658 Y51.763 E39.95708 F2400
G1 X60.000 Y51.750 E39.96846 F2400
G1 X60.305 Y51.762 E39.97862 F2400
G1 X60.647 Y51.775 E39.99001 F2400
G1 X60.951 Y51.811 E40.00017 F2400
G1 X61.291 Y51.852 E40.01156 F2400
G1 X61.590 Y51.911 E40.02171 F2400
G1 X61.926 Y51.978 E40.03310 F2400
G1 X62.220 Y52.061 E40.04326 F2400
G1 X62.549 Y52.154 E40.05465 F2400
G1 X62.836 Y52.260 E40.06480 F2400
G1 X63.157 Y52.378 E40.07619 F2400
G1 X63.434 Y52.506 E40.08635 F2400
G1 X63.745 Y52.649 E40.09774 F2400
G1 X64.012 Y52.798 E40.10789 F2400
G1 X64.311 Y52.966 E40.11928 F2400
G1 X64.564 Y53.135 E40.12944 F2400
G1 X64.849 Y53.326 E40.14083 F2400
G1 X65.089 Y53.515 E40.15099 F2400
G1 X65.358 Y53.727 E40.16237 F2400
G1 X65.582 Y53.934 E40.17253 F2400
G1 X65.834 Y54.166 E40.18392 F2400
G1 X66.041 Y54.391 E40.19407 F2400
G1 X66.273 Y54.642 E40.20546 F2400
G1 X66.462 Y54.882 E40.21562 F2400
G1 X66.674 Y55.151 E40.22701 F2400
G1 X66.844 Y55.405 E40.23717 F2400
G1 X67.034 Y55.689 E40.24856 F2400
G1 X67.183 Y55.956 E40.25871 F2400
G1 X67.351 Y56.255 E40.27010 F2400
G1 X67.479 Y56.532 E40.28026 F2400
G1 X67.622 Y56.843 E40.29165 F2400
G1 X67.728 Y57.129 E40.30180 F2400
G1 X67.846 Y57.451 E40.31319 F2400
G1 X67.929 Y57.745 E40.32335 F2400
G1 X68.022 Y58.074 E40.33474 F2400
G1 X68.082 Y58.374 E40.34489 F2400
G1 X68.148 Y58.709 E40.35628 F2400
G1 X68.184 Y59.013 E40.36644 F2400
G1 X68.225 Y59.353 E40.37783 F2400
G1 X68.237 Y59.658 E40.38799 F2400
G1 X68.250 Y60.000 E40.39937 F2400
G1 X68.238 Y60.305 E40.40953 F2400
G1 X68.225 Y60.647 E40.42092 F2400
G1 E38.92092 F1500  ; retract
G1 X70.019 Y60.788 F9000
G1 E40.42092 F1500  ; un-retract
G1 X69.970 Y61.203 E40.43479 F2400
G1 X69.926 Y61.572 E40.44717 F2400
G1 X69.845 Y61.981 E40.46104 F2400
G1 X69.772 Y62.346 E40.47341 F2400
G1 X69.659 Y62.748 E40.48729 F2400
G1 X69.558 Y63.106 E40.49966 F2400
G1 X69.414 Y63.497 E40.51353 F2400
G1 X69.285 Y63.846 E40.52591 F2400
G1 X69.110 Y64.225 E40.53978 F2400
G1 X68.955 Y64.563 E40.55215 F2400
G1 X68.751 Y64.927 E40.56602 F2400
G1 X68.569 Y65.251 E40.57840 F2400
G1 X68.337 Y65.598 E40.59227 F2400
G1 X68.131 Y65.907 E40.60464 F2400
G1 X67.872 Y66.235 E40.61852 F2400
G1 X67.642 Y66.527 E40.63089 F2400
G1 X67.359 Y66.833 E40.64476 F2400
G1 X67.106 Y67.106 E40.65714 F2400
G1 X66.800 Y67.390 E40.67101 F2400
G1 X66.527 Y67.642 E40.68338 F2400
G1 X66.199 Y67.900 E40.69725 F2400
G1 X65.907 Y68.131 E40.70963 F2400
G1 X65.560 Y68.362 E40.72350 F2400
G1 X65.251 Y68.569 E40.73587 F2400
G1 X64.887 Y68.773 E40.74975 F2400
G1 X64.563 Y68.955 E40.76212 F2400
G1 X64.184 Y69.129 E40.77599 F2400
G1 X63.846 Y69.285 E40.78837 F2400
G1 X63.455 Y69.429 E40.80224 F2400
G1 X63.106 Y69.558 E40.81461 F2400
G1 X62.704 Y69.671 E40.82849 F2400
G1 X62.346 Y69.772 E40.84086 F2400
G1 X61.937 Y69.854 E40.85473 F2400
G1 X61.572 Y69.926 E40.86711 F2400
G1 X61.158 Y69.975 E40.88098 F2400
G1 X60.788 Y70.019 E40.89335 F2400
G1 X60.372 Y70.035 E40.90723 F2400
G1 X60.000 Y70.050 E40.91960 F2400
G1 X59.583 Y70.034 E40.93347 F2400
G1 X59.212 Y70.019 E40.94584 F2400
G1 X58.797 Y69.970 E40.95972 F2400
G1 X58.428 Y69.926 E40.97209 F2400
G1 X58.019 Y69.845 E40.98597 F2400
G1 X57.654 Y69.772 E40.99834 F2400
G1 X57.252 Y69.659 E41.01221 F2400
G1 X56.894 Y69.558 E41.02458 F2400
G1 X56.503 Y69.414 E41.03846 F2400
G1 X56.154 Y69.285 E41.05083 F2400
G1 X55.775 Y69.110 E41.06470 F2400
G1 X55.437 Y68.955 E41.07708 F2400
G1 X55.074 Y68.751 E41.09095 F2400
G1 X54.749 Y68.569 E41.10332 F2400
G1 X54.402 Y68.337 E41.11720 F2400
G1 X54.093 Y68.131 E41.12957 F2400
G1 X53.765 Y67.872 E41.14344 F2400
G1 X53.473 Y67.642 E41.15582 F2400
G1 X53.167 Y67.359 E41.16969 F2400
G1 X52.894 Y67.106 E41.18206 F2400
G1 X52.610 Y66.800 E41.19594 F2400
G1 X52.358 Y66.527 E41.20831 F2400
G1 X52.100 Y66.199 E41.22218 F2400
G1 X51.869 Y65.907 E41.23456 F2400
G1 X51.638 Y65.560 E41.24843 F2400
G1 X51.431 Y65.251 E41.26080 F2400
G1 X51.227 Y64.887 E41.27467 F2400
G1 X51.045 Y64.563 E41.28705 F2400
G1 X50.871 Y64.184 E41.30092 F2400
G1 X50.715 Y63.846 E41.31329 F2400
G1 X50.571 Y63.455 E41.32717 F2400
G1 X50.442 Y63.106 E41.33954 F2400
G1 X50.329 Y62.704 E41.35341 F2400
G1 X50.228 Y62.346 E41.36579 F2400
G1 X50.146 Y61.937 E41.37966 F2400
G1 X50.074 Y61.572 E41.39203 F2400
G1 X50.025 Y61.158 E41.40590 F2400
G1 X49.981 Y60.788 E41.41828 F2400
G1 X49.965 Y60.372 E41.43215 F2400
G1 X49.950 Y60.000 E41.44452 F2400
G1 X49.966 Y59.583 E41.45840 F2400
G1 X49.981 Y59.212 E41.47077 F2400
G1 X50.030 Y58.797 E41.48464 F2400
G1 X50.074 Y58.428 E41.49702 F2400
G1 X50.155 Y58.019 E41.51089 F2400
G1 X50.228 Y57.654 E41.52326 F2400
G1 X50.341 Y57.252 E41.53714 F2400
G1 X50.442 Y56.894 E41.54951 F2400
G1 X50.586 Y56.503 E41.56338 F2400
G1 X50.715 Y56.154 E41.57576 F2400
G1 X50.890 Y55.775 E41.58963 F2400
G1 X51.045 Y55.437 E41.60200 F2400
G1 X51.249 Y55.074 E41.61587 F2400
G1 X51.431 Y54.749 E41.62825 F2400
G1 X51.663 Y54.402 E41.64212 F2400
G1 X51.869 Y54.093 E41.65449 F2400
G1 X52.128 Y53.765 E41.66837 F2400
G1 X52.358 Y53.473 E41.68074 F2400
G1 X52.641 Y53.167 E41.69461 F2400
G1 X52.894 Y52.894 E41.70699 F2400
G1 X53.200 Y52.610 E41.72086 F2400
G1 X53.473 Y52.358 E41.73323 F2400
G1 X53.801 Y52.100 E41.74711 F2400
G1 X54.093 Y51.869 E41.75948 F2400
G1 X54.440 Y51.638 E41.77336 F2400
G1 X54.749 Y51.431 E41.78573 F2400
G1 X55.113 Y51.227 E41.79960 F2400
G1 X55.437 Y51.045 E41.81197 F2400
G1 X55.816 Y50.871 E41.82585 F2400
G1 X56.154 Y50.715 E41.83822 F2400
G1 X56.545 Y50.571 E41.85209 F2400
G1 X56.894 Y50.442 E41.86447 F2400
G1 X57.296 Y50.329 E41.87834 F2400
G1 X57.654 Y50.228 E41.89071 F2400
G1 X58.063 Y50.146 E41.90459 F2400
G1 X58.428 Y50.074 E41.91696 F2400
G1 X58.842 Y50.025 E41.93083 F2400
G1 X59.212 Y49.981 E41.94320 F2400
G1 X59.628 Y49.965 E41.95708 F2400
G1 X60.000 Y49.950 E41.96945 F2400
G1 X60.417 Y49.966 E41.98332 F2400
G1 X60.788 Y49.981 E41.99570 F2400
G1 X61.203 Y50.030 E42.00957 F2400
G1 X61.572 Y50.074 E42.02194 F2400
G1 X61.981 Y50.155 E42.03582 F2400
G1 X62.346 Y50.228 E42.04819 F2400
G1 X62.748 Y50.341 E42.06206 F2400
G1 X63.106 Y50.442 E42.07444 F2400
G1 X63.497 Y50.586 E42.08831 F2400
G1 X63.846 Y50.715 E42.10068 F2400
G1 X64.225 Y50.890 E42.11456 F2400
G1 X64.563 Y51.045 E42.12693 F2400
G1 X64.927 Y51.249 E42.14080 F2400
G1 X65.251 Y51.431 E42.15318 F2400
G1 X65.598 Y51.663 E42.16705 F2400
G1 X65.907 Y51.869 E42.17942 F2400
G1 X66.235 Y52.128 E42.19329 F2400
G1 X66.527 Y52.358 E42.20567 F2400
G1 X66.833 Y52.641 E42.21954 F2400
G1 X67.106 Y52.894 E42.23191 F2400
G1 X67.390 Y53.200 E42.24579 F2400
G1 X67.642 Y53.473 E42.25816 F2400
G1 X67.900 Y53.801 E42.27203 F2400
G1 X68.131 Y54.093 E42.28441 F2400
G1 X68.362 Y54.440 E42.29828 F2400
G1 X68.569 Y54.749 E42.31065 F2400
G1 X68.773 Y55.113 E42.32452 F2400
G1 X68.955 Y55.437 E42.33690 F2400
G1 X69.129 Y55.816 E42.35077 F2400
G1 X69.285 Y56.154 E42.36314 F2400
G1 X69.429 Y56.545 E42.37702 F2400
G1 X69.558 Y56.894 E42.38939 F2400
G1 X69.671 Y57.296 E42.40326 F2400
G1 X69.772 Y57.654 E42.41564 F2400
G1 X69.854 Y58.063 E42.42951 F2400
G1 X69.926 Y58.428 E42.44188 F2400
G1 X69.975 Y58.842 E42.45576 F2400
G1 X70.019 Y59.212 E42.46813 F2400
G1 X70.035 Y59.628 E42.48200 F2400
G1 X70.050 Y60.000 E42.49438 F2400
G1 X70.034 Y60.417 E42.50825 F2400
G1 X70.019 Y60.788 E42.52062 F2400
G1 E41.02062 F1500  ; retract
G1 X69.338 Y63.461 F9000
G1 E42.52062 F1500  ; un-retract
G1 X63.461 Y69.338 E42.79706 F3600
G1 E41.29706 F1500  ; retract
G1 X69.906 Y60.065 F9000
G1 E42.79706 F1500  ; un-retract
G1 X68.155 Y61.815 E42.87941 F3600
G1 E41.37941 F1500  ; retract
G1 X61.815 Y68.155 F9000
G1 E42.87941 F1500  ; un-retract
G1 X60.065 Y69.906 E42.96176 F3600
G1 E41.46176 F1500  ; retract
G1 X69.568 Y57.573 F9000
G1 E42.96176 F1500  ; un-retract
G1 X68.320 Y58.822 E43.02048 F3600
G1 E41.52048 F1500  ; retract
G1 X58.822 Y68.320 F9000
G1 E43.02048 F1500  ; un-retract
G1 X57.573 Y69.568 E43.07920 F3600
G1 E41.57920 F1500  ; retract
G1 X68.785 Y55.528 F9000
G1 E43.07920 F1500  ; un-retract
G1 X67.716 Y56.598 E43.12950 F3600
G1 E41.62950 F1500  ; retract
G1 X56.598 Y67.716 F9000
G1 E43.12950 F1500  ; un-retract
G1 X55.528 Y68.785 E43.17980 F3600
G1 E41.67980 F1500  ; retract
G1 X67.664 Y53.821 F9000
G1 E43.17980 F1500  ; un-retract
G1 X66.666 Y54.819 E43.22674 F3600
G1 E41.72674 F1500  ; retract
G1 X54.819 Y66.666 F9000
G1 E43.22674 F1500  ; un-retract
G1 X53.821 Y67.664 E43.27367 F3600
G1 E41.77367 F1500  ; retract
G1 X66.258 Y52.399 F9000
G1 E43.27367 F1500  ; un-retract
G1 X65.260 Y53.396 E43.32061 F3600
G1 E41.82061 F1500  ; retract
G1 X53.397 Y65.260 F9000
G1 E43.32061 F1500  ; un-retract
G1 X52.399 Y66.258 E43.36755 F3600
G1 E41.86755 F1500  ; retract
G1 X64.562 Y51.266 F9000
G1 E43.36755 F1500  ; un-retract
G1 X63.499 Y52.329 E43.41755 F3600
G1 E41.91755 F1500  ; retract
G1 X52.329 Y63.499 F9000
G1 E43.41755 F1500  ; un-retract
G1 X51.266 Y64.562 E43.46756 F3600
G1 E41.96756 F1500  ; retract
G1 X62.537 Y50.463 F9000
G1 E43.46756 F1500  ; un-retract
G1 X61.305 Y51.695 E43.52553 F3600
G1 E42.02553 F1500  ; retract
G1 X51.695 Y61.305 F9000
G1 E43.52553 F1500  ; un-retract
G1 X50.463 Y62.537 E43.58349 F3600
G1 E42.08349 F1500  ; retract
G1 X60.071 Y50.100 F9000
G1 E43.58349 F1500  ; un-retract
G1 X58.364 Y51.807 E43.66379 F3600
G1 E42.16379 F1500  ; retract
G1 X51.807 Y58.364 F9000
G1 E43.66379 F1500  ; un-retract
G1 X50.100 Y60.071 E43.74408 F3600
G1 E42.24408 F1500  ; retract
G1 X56.762 Y50.581 F9000
G1 E43.74408 F1500  ; un-retract
G1 X50.581 Y56.762 E44.03483 F3600

; layer 9  z=1.850
G1 Z1.850 F1200
G1 E42.53483 F1500  ; retract
G1 X68.225 Y60.647 F9000
G1 E44.03483 F1500  ; un-retract
G1 X68.184 Y60.987 E44.04622 F2400
G1 X68.148 Y61.291 E44.05637 F2400
G1 X68.082 Y61.626 E44.06776 F2400
G1 X68.022 Y61.926 E44.07792 F2400
G1 X67.929 Y62.255 E44.08931 F2400
G1 X67.846 Y62.549 E44.09946 F2400
G1 X67.728 Y62.871 E44.11085 F2400
G1 X67.622 Y63.157 E44.12101 F2400
G1 X67.479 Y63.468 E44.13240 F2400
G1 X67.351 Y63.745 E44.14255 F2400
G1 X67.183 Y64.044 E44.15394 F2400
G1 X67.034 Y64.311 E44.16410 F2400
G1 X66.844 Y64.595 E44.17549 F2400
G1 X66.674 Y64.849 E44.18564 F2400
G1 X66.462 Y65.118 E44.19703 F2400
G1 X66.273 Y65.358 E44.20719 F2400
G1 X66.041 Y65.609 E44.21858 F2400
G1 X65.834 Y65.834 E44.22874 F2400
G1 X65.582 Y66.066 E44.24013 F2400
G1 X65.358 Y66.273 E44.25028 F2400
G1 X65.089 Y66.485 E44.26167 F2400
G1 X64.849 Y66.674 E44.27183 F2400
G1 X64.564 Y66.865 E44.28322 F2400
G1 X64.311 Y67.034 E44.29337 F2400
G1 X64.012 Y67.202 E44.30476 F2400
G1 X63.745 Y67.351 E44.31492 F2400
G1 X63.434 Y67.494 E44.32631 F2400
G1 X63.157 Y67.622 E44.33646 F2400
G1 X62.836 Y67.740 E44.34785 F2400
G1 X62.549 Y67.846 E44.35801 F2400
G1 X62.220 Y67.939 E44.36940 F2400
G1 X61.926 Y68.022 E44.37956 F2400
G1 X61.590 Y68.089 E44.39094 F2400
G1 X61.291 Y68.148 E44.40110 F2400
G1 X60.951 Y68.189 E44.41249 F2400
G1 X60.647 Y68.225 E44.42265 F2400
G1 X60.305 Y68.238 E44.43404 F2400
G1 X60.000 Y68.250 E44.44419 F2400
G1 X59.658 Y68.237 E44.45558 F2400
G1 X59.353 Y68.225 E44.46574 F2400
G1 X59.013 Y68.184 E44.47712 F2400
G1 X58.709 Y68.148 E44.48728 F2400
G1 X58.374 Y68.082 E44.49867 F2400
G1 X58.074 Y68.022 E44.50883 F2400
G1 X57.745 Y67.929 E44.52022 F2400
G1 X57.451 Y67.846 E44.53037 F2400
G1 X57.129 Y67.728 E44.54176 F2400
G1 X56.843 Y67.622 E44.55192 F2400
G1 X56.532 Y67.479 E44.56331 F2400
G1 X56.255 Y67.351 E44.57346 F2400
G1 X55.956 Y67.183 E44.58485 F2400
G1 X55.689 Y67.034 E44.59501 F2400
G1 X55.405 Y66.844 E44.60640 F2400
G1 X55.151 Y66.674 E44.61655 F2400
G1 X54.882 Y66.462 E44.62794 F2400
G1 X54.642 Y66.273 E44.63810 F2400
G1 X54.391 Y66.041 E44.64949 F2400
G1 X54.166 Y65.834 E44.65965 F2400
G1 X53.934 Y65.582 E44.67103 F2400
G1 X53.727 Y65.358 E44.68119 F2400
G1 X53.515 Y65.089 E44.69258 F2400
G1 X53.326 Y64.849 E44.70274 F2400
G1 X53.135 Y64.564 E44.71413 F2400
G1 X52.966 Y64.311 E44.72428 F2400
G1 X52.798 Y64.012 E44.73567 F2400
G1 X52.649 Y63.745 E44.74583 F2400
G1 X52.506 Y63.434 E44.75722 F2400
G1 X52.378 Y63.157 E44.76737 F2400
G1 X52.260 Y62.836 E44.77876 F2400
G1 X52.154 Y62.549 E44.78892 F2400
G1 X52.061 Y62.220 E44.80031 F2400
G1 X51.978 Y61.926 E44.81046 F2400
G1 X51.911 Y61.590 E44.82185 F2400
G1 X51.852 Y61.291 E44.83201 F2400
G1 X51.811 Y60.951 E44.84340 F2400
G1 X51.775 Y60.647 E44.85355 F2400
G1 X51.762 Y60.305 E44.86494 F2400
G1 X51.750 Y60.000 E44.87510 F2400
G1 X51.763 Y59.658 E44.88649 F2400
G1 X51.775 Y59.353 E44.89665 F2400
G1 X51.816 Y59.013 E44.90803 F2400
G1 X51.852 Y58.709 E44.91819 F2400
G1 X51.918 Y58.374 E44.92958 F2400
G1 X51.978 Y58.074 E44.93974 F2400
G1 X52.071 Y57.745 E44.95113 F2400
G1 X52.154 Y57.451 E44.96128 F2400
G1 X52.272 Y57.129 E44.97267 F2400
G1 X52.378 Y56.843 E44.98283 F2400
G1 X52.521 Y56.532 E44.99422 F2400
G1 X52.649 Y56.255 E45.00437 F2400
G1 X52.816 Y55.956 E45.01576 F2400
G1 X52.966 Y55.689 E45.02592 F2400
G1 X53.156 Y55.405 E45.03731 F2400
G1 X53.326 Y55.151 E45.04746 F2400
G1 X53.538 Y54.882 E45.05885 F2400
G1 X53.727 Y54.642 E45.06901 F2400
G1 X53.959 Y54.391 E45.08040 F2400
G1 X54.166 Y54.166 E45.09055 F2400
G1 X54.418 Y53.934 E45.10194 F2400
G1 X54.642 Y53.727 E45.11210 F2400
G1 X54.911 Y53.515 E45.12349 F2400
G1 X55.151 Y53.326 E45.13365 F2400
G1 X55.435 Y53.135 E45.14503 F2400
G1 X55.689 Y52.966 E45.15519 F2400
G1 X55.988 Y52.798 E45.16658 F2400
G1 X56.255 Y52.649 E45.17674 F2400
G1 X56.566 Y52.506 E45.18812 F2400
G1 X56.843 Y52.378 E45.19828 F2400
G1 X57.164 Y52.260 E45.20967 F2400
G1 X57.451 Y52.154 E45.21983 F2400
G1 X57.780 Y52.061 E45.23122 F2400
G1 X58.074 Y51.978 E45.24137 F2400
G1 X58.410 Y51.911 E45.25276 F2400
G1 X58.709 Y51.852 E45.26292 F2400
G1 X59.049 Y51.811 E45.27431 F2400
G1 X59.353 Y51.775 E45.28446 F2400
G1 X59.695 Y51.762 E45.29585 F2400
G1 X60.000 Y51.750 E45.30601 F2400
G1 X60.342 Y51.763 E45.31740 F2400
G1 X60.647 Y51.775 E45.32756 F2400
G1 X60.987 Y51.816 E45.33894 F2400
G1 X61.291 Y51.852 E45.34910 F2400
G1 X61.626 Y51.918 E45.36049 F2400
G1 X61.926 Y51.978 E45.37064 F2400
G1 X62.255 Y52.071 E45.38204 F2400
G1 X62.549 Y52.154 E45.39219 F2400
G1 X62.871 Y52.272 E45.40358 F2400
G1 X63.157 Y52.378 E45.41374 F2400
G1 X63.468 Y52.521 E45.42512 F2400
G1 X63.745 Y52.649 E45.43528 F2400
G1 X64.044 Y52.816 E45.44667 F2400
G1 X64.311 Y52.966 E45.45683 F2400
G1 X64.595 Y53.156 E45.46821 F2400
G1 X64.849 Y53.326 E45.47837 F2400
G1 X65.118 Y53.538 E45.48976 F2400
G1 X65.358 Y53.727 E45.49992 F2400
G1 X65.609 Y53.959 E45.51131 F2400
G1 X65.834 Y54.166 E45.52146 F2400
G1 X66.066 Y54.418 E45.53285 F2400
G1 X66.273 Y54.642 E45.54301 F2400
G1 X66.485 Y54.911 E45.55440 F2400
G1 X66.674 Y55.151 E45.56456 F2400
G1 X66.865 Y55.435 E45.57594 F2400
G1 X67.034 Y55.689 E45.58610 F2400
G1 X67.202 Y55.988 E45.59749 F2400
G1 X67.351 Y56.255 E45.60765 F2400
G1 X67.494 Y56.566 E45.61903 F2400
G1 X67.622 Y56.843 E45.62919 F2400
G1 X67.740 Y57.164 E45.64058 F2400
G1 X67.846 Y57.451 E45.65074 F2400
G1 X67.939 Y57.780 E45.66213 F2400
G1 X68.022 Y58.074 E45.67228 F2400
G1 X68.089 Y58.410 E45.68367 F2400
G1 X68.148 Y58.709 E45.69383 F2400
G1 X68.189 Y59.049 E45.70521 F2400
G1 X68.225 Y59.353 E45.71537 F2400
G1 X68.238 Y59.695 E45.72676 F2400
G1 X68.250 Y60.000 E45.73692 F2400
G1 X68.237 Y60.342 E45.74831 F2400
G1 X68.225 Y60.647 E45.75846 F2400
G1 E44.25846 F1500  ; retract
G1 X70.019 Y60.788 F9000
G1 E45.75846 F1500  ; un-retract
G1 X69.975 Y61.158 E45.77084 F2400
G1 X69.926 Y61.572 E45.78471 F2400
G1 X69.854 Y61.937 E45.79708 F2400
G1 X69.772 Y62.346 E45.81096 F2400
G1 X69.671 Y62.704 E45.82333 F2400
G1 X69.558 Y63.106 E45.83720 F2400
G1 X69.429 Y63.455 E45.84958 F2400
G1 X69.285 Y63.846 E45.86345 F2400
G1 X69.129 Y64.184 E45.87582 F2400
G1 X68.955 Y64.563 E45.88970 F2400
G1 X68.773 Y64.887 E45.90207 F2400
G1 X68.569 Y65.251 E45.91594 F2400
G1 X68.362 Y65.560 E45.92831 F2400
G1 X68.131 Y65.907 E45.94219 F2400
G1 X67.900 Y66.199 E45.95456 F2400
G1 X67.642 Y66.527 E45.96844 F2400
G1 X67.390 Y66.800 E45.98081 F2400
G1 X67.106 Y67.106 E45.99468 F2400
G1 X66.833 Y67.359 E46.00705 F2400
G1 X66.527 Y67.642 E46.02093 F2400
G1 X66.235 Y67.872 E46.03330 F2400
G1 X65.907 Y68.131 E46.04717 F2400
G1 X65.598 Y68.337 E46.05955 F2400
G1 X65.251 Y68.569 E46.07342 F2400
G1 X64.927 Y68.751 E46.08579 F2400
G1 X64.563 Y68.955 E46.09967 F2400
G1 X64.225 Y69.110 E46.11204 F2400
G1 X63.846 Y69.285 E46.12591 F2400
G1 X63.497 Y69.414 E46.13829 F2400
G1 X63.106 Y69.558 E46.15216 F2400
G1 X62.748 Y69.659 E46.16453 F2400
G1 X62.346 Y69.772 E46.17841 F2400
G1 X61.981 Y69.845 E46.19078 F2400
G1 X61.572 Y69.926 E46.20465 F2400
G1 X61.203 Y69.970 E46.21703 F2400
G1 X60.788 Y70.019 E46.23090 F2400
G1 X60.417 Y70.034 E46.24327 F2400
G1 X60.000 Y70.050 E46.25714 F2400
G1 X59.628 Y70.035 E46.26952 F2400
G1 X59.212 Y70.019 E46.28339 F2400
G1 X58.842 Y69.975 E46.29577 F2400
G1 X58.428 Y69.926 E46.30964 F2400
G1 X58.063 Y69.854 E46.32201 F2400
G1 X57.654 Y69.772 E46.33588 F2400
G1 X57.296 Y69.671 E46.34826 F2400
G1 X56.894 Y69.558 E46.36213 F2400
G1 X56.545 Y69.429 E46.37450 F2400
G1 X56.154 Y69.285 E46.38838 F2400
G1 X55.816 Y69.129 E46.40075 F2400
G1 X55.437 Y68.955 E46.41462 F2400
G1 X55.113 Y68.773 E46.42700 F2400
G1 X54.749 Y68.569 E46.44087 F2400
G1 X54.440 Y68.362 E46.45324 F2400
G1 X54.093 Y68.131 E46.46711 F2400
G1 X53.801 Y67.900 E46.47949 F2400
G1 X53.473 Y67.642 E46.49336 F2400
G1 X53.200 Y67.390 E46.50573 F2400
G1 X52.894 Y67.106 E46.51961 F2400
G1 X52.641 Y66.833 E46.53198 F2400
G1 X52.358 Y66.527 E46.54585 F2400
G1 X52.128 Y66.235 E46.55823 F2400
G1 X51.869 Y65.907 E46.57210 F2400
G1 X51.663 Y65.598 E46.58447 F2400
G1 X51.431 Y65.251 E46.59835 F2400
G1 X51.249 Y64.927 E46.61072 F2400
G1 X51.045 Y64.563 E46.62459 F2400
G1 X50.890 Y64.225 E46.63697 F2400
G1 X50.715 Y63.846 E46.65084 F2400
G1 X50.586 Y63.497 E46.66321 F2400
G1 X50.442 Y63.106 E46.67709 F2400
G1 X50.341 Y62.748 E46.68946 F2400
G1 X50.228 Y62.346 E46.70333 F2400
G1 X50.155 Y61.981 E46.71570 F2400
G1 X50.074 Y61.572 E46.72958 F2400
G1 X50.030 Y61.203 E46.74195 F2400
G1 X49.981 Y60.788 E46.75582 F2400
G1 X49.966 Y60.417 E46.76820 F2400
G1 X49.950 Y60.000 E46.78207 F2400
G1 X49.965 Y59.628 E46.79444 F2400
G1 X49.981 Y59.212 E46.80832 F2400
G1 X50.025 Y58.842 E46.82069 F2400
G1 X50.074 Y58.428 E46.83456 F2400
G1 X50.146 Y58.063 E46.84694 F2400
G1 X50.228 Y57.654 E46.86081 F2400
G1 X50.329 Y57.296 E46.87318 F2400
G1 X50.442 Y56.894 E46.88706 F2400
G1 X50.571 Y56.545 E46.89943 F2400
G1 X50.715 Y56.154 E46.91330 F2400
G1 X50.871 Y55.816 E46.92568 F2400
G1 X51.045 Y55.437 E46.93955 F2400
G1 X51.227 Y55.113 E46.95192 F2400
G1 X51.431 Y54.749 E46.96579 F2400
G1 X51.638 Y54.440 E46.97817 F2400
G1 X51.869 Y54.093 E46.99204 F2400
G1 X52.100 Y53.801 E47.00441 F2400
G1 X52.358 Y53.473 E47.01829 F2400
G1 X52.610 Y53.200 E47.03066 F2400
G1 X52.894 Y52.894 E47.04453 F2400
G1 X53.167 Y52.641 E47.05691 F2400
G1 X53.473 Y52.358 E47.07078 F2400
G1 X53.765 Y52.128 E47.08315 F2400
G1 X54.093 Y51.869 E47.09703 F2400
G1 X54.402 Y51.663 E47.10940 F2400
G1 X54.749 Y51.431 E47.12327 F2400
G1 X55.074 Y51.249 E47.13565 F2400
G1 X55.437 Y51.045 E47.14952 F2400
G1 X55.775 Y50.890 E47.16189 F2400
G1 X56.154 Y50.715 E47.17576 F2400
G1 X56.503 Y50.586 E47.18814 F2400
G1 X56.894 Y50.442 E47.20201 F2400
G1 X57.252 Y50.341 E47.21438 F2400
G1 X57.654 Y50.228 E47.22826 F2400
G1 X58.019 Y50.155 E47.24063 F2400
G1 X58.428 Y50.074 E47.25450 F2400
G1 X58.797 Y50.030 E47.26688 F2400
G1 X59.212 Y49.981 E47.28075 F2400
G1 X59.583 Y49.966 E47.29312 F2400
G1 X60.000 Y49.950 E47.30700 F2400
G1 X60.372 Y49.965 E47.31937 F2400
G1 X60.788 Y49.981 E47.33324 F2400
G1 X61.158 Y50.025 E47.34562 F2400
G1 X61.572 Y50.074 E47.35949 F2400
G1 X61.937 Y50.146 E47.37186 F2400
G1 X62.346 Y50.228 E47.38573 F2400
G1 X62.704 Y50.329 E47.39811 F2400
G1 X63.106 Y50.442 E47.41198 F2400
G1 X63.455 Y50.571 E47.42435 F2400
G1 X63.846 Y50.715 E47.43823 F2400
G1 X64.184 Y50.871 E47.45060 F2400
G1 X64.563 Y51.045 E47.46447 F2400
G1 X64.887 Y51.227 E47.47685 F2400
G1 X65.251 Y51.431 E47.49072 F2400
G1 X65.560 Y51.638 E47.50309 F2400
G1 X65.907 Y51.869 E47.51697 F2400
G1 X66.199 Y52.100 E47.52934 F2400
G1 X66.527 Y52.358 E47.54321 F2400
G1 X66.800 Y52.610 E47.55558 F2400
G1 X67.106 Y52.894 E47.56946 F2400
G1 X67.359 Y53.167 E47.58183 F2400
G1 X67.642 Y53.473 E47.59570 F2400
G1 X67.872 Y53.765 E47.60808 F2400
G1 X68.131 Y54.093 E47.62195 F2400
G1 X68.337 Y54.402 E47.63433 F2400
G1 X68.569 Y54.749 E47.64820 F2400
G1 X68.751 Y55.074 E47.66057 F2400
G1 X68.955 Y55.437 E47.67444 F2400
G1 X69.110 Y55.775 E47.68682 F2400
G1 X69.285 Y56.154 E47.70069 F2400
G1 X69.414 Y56.503 E47.71306 F2400
G1 X69.558 Y56.894 E47.72694 F2400
G1 X69.659 Y57.252 E47.73931 F2400
G1 X69.772 Y57.654 E47.75318 F2400
G1 X69.845 Y58.019 E47.76556 F2400
G1 X69.926 Y58.428 E47.77943 F2400
G1 X69.970 Y58.797 E47.79180 F2400
G1 X70.019 Y59.212 E47.80568 F2400
G1 X70.034 Y59.583 E47.81805 F2400
G1 X70.050 Y60.000 E47.83192 F2400
G1 X70.035 Y60.372 E47.84429 F2400
G1 X70.019 Y60.788 E47.85817 F2400
G1 E46.35817 F1500  ; retract
G1 X63.461 Y50.662 F9000
G1 E47.85817 F1500  ; un-retract
G1 X69.338 Y56.539 E48.13461 F3600
G1 E46.63461 F1500  ; retract
G1 X60.065 Y50.094 F9000
G1 E48.13461 F1500  ; un-retract
G1 X61.815 Y51.845 E48.21696 F3600
G1 E46.71696 F1500  ; retract
G1 X68.155 Y58.185 F9000
G1 E48.21696 F1500  ; un-retract
G1 X69.906 Y59.935 E48.29931 F3600
G1 E46.79931 F1500  ; retract
G1 X57.573 Y50.432 F9000
G1 E48.29931 F1500  ; un-retract
G1 X58.822 Y51.680 E48.35803 F3600
G1 E46.85803 F1500  ; retract
G1 X68.320 Y61.178 F9000
G1 E48.35803 F1500  ; un-retract
G1 X69.568 Y62.427 E48.41675 F3600
G1 E46.91675 F1500  ; retract
G1 X55.528 Y51.215 F9000
G1 E48.41675 F1500  ; un-retract
G1 X56.598 Y52.284 E48.46705 F3600
G1 E46.96705 F1500  ; retract
G1 X67.716 Y63.402 F9000
G1 E48.46705 F1500  ; un-retract
G1 X68.785 Y64.472 E48.51735 F3600
G1 E47.01735 F1500  ; retract
G1 X53.821 Y52.336 F9000
G1 E48.51735 F1500  ; un-retract
G1 X54.819 Y53.334 E48.56428 F3600
G1 E47.06428 F1500  ; retract
G1 X66.666 Y65.181 F9000
G1 E48.56428 F1500  ; un-retract
G1 X67.664 Y66.179 E48.61122 F3600
G1 E47.11122 F1500  ; retract
G1 X52.399 Y53.742 F9000
G1 E48.61122 F1500  ; un-retract
G1 X53.397 Y54.740 E48.65816 F3600
G1 E47.15816 F1500  ; retract
G1 X65.260 Y66.604 F9000
G1 E48.65816 F1500  ; un-retract
G1 X66.258 Y67.601 E48.70509 F3600
G1 E47.20509 F1500  ; retract
G1 X51.266 Y55.438 F9000
G1 E48.70509 F1500  ; un-retract
G1 X52.329 Y56.501 E48.75510 F3600
G1 E47.25510 F1500  ; retract
G1 X63.499 Y67.671 F9000
G1 E48.75510 F1500  ; un-retract
G1 X64.562 Y68.734 E48.80511 F3600
G1 E47.30511 F1500  ; retract
G1 X50.463 Y57.463 F9000
G1 E48.80511 F1500  ; un-retract
G1 X51.695 Y58.695 E48.86307 F3600
G1 E47.36307 F1500  ; retract
G1 X61.305 Y68.305 F9000
G1 E48.86307 F1500  ; un-retract
G1 X62.537 Y69.537 E48.92103 F3600
G1 E47.42103 F1500  ; retract
G1 X50.100 Y59.929 F9000
G1 E48.92103 F1500  ; un-retract
G1 X51.807 Y61.636 E49.00133 F3600
G1 E47.50133 F1500  ; retract
G1 X58.364 Y68.193 F9000
G1 E49.00133 F1500  ; un-retract
G1 X60.071 Y69.900 E49.08163 F3600
G1 E47.58163 F1500  ; retract
G1 X50.581 Y63.238 F9000
G1 E49.08163 F1500  ; un-retract
G1 X56.762 Y69.419 E49.37237 F3600

; layer 10  z=2.050
G1 Z2.050 F1200
G1 E47.87237 F1500  ; retract
G1 X68.225 Y60.647 F9000
G1 E49.37237 F1500  ; un-retract
G1 X68.180 Y61.024 E49.38499 F2400
G1 X68.148 Y61.291 E49.39392 F2400
G1 X68.074 Y61.663 E49.40654 F2400
G1 X68.022 Y61.926 E49.41546 F2400
G1 X67.919 Y62.291 E49.42808 F2400
G1 X67.846 Y62.549 E49.43701 F2400
G1 X67.715 Y62.905 E49.44963 F2400
G1 X67.622 Y63.157 E49.45855 F2400
G1 X67.463 Y63.502 E49.47117 F2400
G1 X67.351 Y63.745 E49.48010 F2400
G1 X67.165 Y64.076 E49.49272 F2400
G1 X67.034 Y64.311 E49.50165 F2400
G1 X66.823 Y64.626 E49.51427 F2400
G1 X66.674 Y64.849 E49.52319 F2400
G1 X66.439 Y65.147 E49.53581 F2400
G1 X66.273 Y65.358 E49.54474 F2400
G1 X66.016 Y65.637 E49.55736 F2400
G1 X65.834 Y65.834 E49.56628 F2400
G1 X65.555 Y66.091 E49.57890 F2400
G1 X65.358 Y66.273 E49.58783 F2400
G1 X65.060 Y66.508 E49.60045 F2400
G1 X64.849 Y66.674 E49.60937 F2400
G1 X64.534 Y66.885 E49.62199 F2400
G1 X64.311 Y67.034 E49.63092 F2400
G1 X63.980 Y67.220 E49.64354 F2400
G1 X63.745 Y67.351 E49.65246 F2400
G1 X63.401 Y67.510 E49.66508 F2400
G1 X63.157 Y67.622 E49.67401 F2400
G1 X62.801 Y67.753 E49.68663 F2400
G1 X62.549 Y67.846 E49.69555 F2400
G1 X62.184 Y67.949 E49.70817 F2400
G1 X61.926 Y68.022 E49.71710 F2400
G1 X61.554 Y68.096 E49.72972 F2400
G1 X61.291 Y68.148 E49.73864 F2400
G1 X60.914 Y68.193 E49.75126 F2400
G1 X60.647 Y68.225 E49.76019 F2400
G1 X60.268 Y68.239 E49.77281 F2400
G1 X60.000 Y68.250 E49.78174 F2400
G1 X59.621 Y68.235 E49.79436 F2400
G1 X59.353 Y68.225 E49.80328 F2400
G1 X58.976 Y68.180 E49.81590 F2400
G1 X58.709 Y68.148 E49.82483 F2400
G1 X58.337 Y68.074 E49.83745 F2400
G1 X58.074 Y68.022 E49.84637 F2400
G1 X57.709 Y67.919 E49.85899 F2400
G1 X57.451 Y67.846 E49.86792 F2400
G1 X57.095 Y67.715 E49.88054 F2400
G1 X56.843 Y67.622 E49.88946 F2400
G1 X56.498 Y67.463 E49.90208 F2400
G1 X56.255 Y67.351 E49.91101 F2400
G1 X55.923 Y67.165 E49.92363 F2400
G1 X55.689 Y67.034 E49.93255 F2400
G1 X55.374 Y66.823 E49.94517 F2400
G1 X55.151 Y66.674 E49.95410 F2400
G1 X54.853 Y66.439 E49.96672 F2400
G1 X54.642 Y66.273 E49.97565 F2400
G1 X54.363 Y66.016 E49.98827 F2400
G1 X54.166 Y65.834 E49.99719 F2400
G1 X53.909 Y65.555 E50.00981 F2400
G1 X53.727 Y65.358 E50.01874 F2400
G1 X53.492 Y65.060 E50.03135 F2400
G1 X53.326 Y64.849 E50.04028 F2400
G1 X53.115 Y64.534 E50.05290 F2400
G1 X52.966 Y64.311 E50.06183 F2400
G1 X52.780 Y63.980 E50.07445 F2400
G1 X52.649 Y63.745 E50.08337 F2400
G1 X52.490 Y63.401 E50.09599 F2400
G1 X52.378 Y63.157 E50.10492 F2400
G1 X52.247 Y62.801 E50.11754 F2400
G1 X52.154 Y62.549 E50.12646 F2400
G1 X52.051 Y62.184 E50.13908 F2400
G1 X51.978 Y61.926 E50.14801 F2400
G1 X51.904 Y61.554 E50.16063 F2400
G1 X51.852 Y61.291 E50.16955 F2400
G1 X51.807 Y60.914 E50.18217 F2400
G1 X51.775 Y60.647 E50.19110 F2400
G1 X51.761 Y60.268 E50.20372 F2400
G1 X51.750 Y60.000 E50.21265 F2400
G1 X51.765 Y59.621 E50.22526 F2400
G1 X51.775 Y59.353 E50.23419 F2400
G1 X51.820 Y58.976 E50.24681 F2400
G1 X51.852 Y58.709 E50.25574 F2400
G1 X51.926 Y58.337 E50.26836 F2400
G1 X51.978 Y58.074 E50.27728 F2400
G1 X52.081 Y57.709 E50.28990 F2400
G1 X52.154 Y57.451 E50.29883 F2400
G1 X52.285 Y57.095 E50.31145 F2400
G1 X52.378 Y56.843 E50.32037 F2400
G1 X52.537 Y56.498 E50.33299 F2400
G1 X52.649 Y56.255 E50.34192 F2400
G1 X52.835 Y55.923 E50.35454 F2400
G1 X52.966 Y55.689 E50.36346 F2400
G1 X53.176 Y55.374 E50.37608 F2400
G1 X53.326 Y55.151 E50.38501 F2400
G1 X53.560 Y54.853 E50.39763 F2400
G1 X53.727 Y54.642 E50.40655 F2400
G1 X53.984 Y54.363 E50.41918 F2400
G1 X54.166 Y54.166 E50.42810 F2400
G1 X54.445 Y53.909 E50.44072 F2400
G1 X54.642 Y53.727 E50.44965 F2400
G1 X54.940 Y53.492 E50.46226 F2400
G1 X55.151 Y53.326 E50.47119 F2400
G1 X55.466 Y53.115 E50.48381 F2400
G1 X55.689 Y52.966 E50.49274 F2400
G1 X56.020 Y52.780 E50.50536 F2400
G1 X56.255 Y52.649 E50.51428 F2400
G1 X56.599 Y52.490 E50.52690 F2400
G1 X56.843 Y52.378 E50.53583 F2400
G1 X57.199 Y52.247 E50.54845 F2400
G1 X57.451 Y52.154 E50.55737 F2400
G1 X57.816 Y52.051 E50.56999 F2400
G1 X58.074 Y51.978 E50.57892 F2400
G1 X58.446 Y51.904 E50.59154 F2400
G1 X58.709 Y51.852 E50.60046 F2400
G1 X59.086 Y51.807 E50.61308 F2400
G1 X59.353 Y51.775 E50.62201 F2400
G1 X59.732 Y51.761 E50.63463 F2400
G1 X60.000 Y51.750 E50.64355 F2400
G1 X60.379 Y51.765 E50.65617 F2400
G1 X60.647 Y51.775 E50.66510 F2400
G1 X61.024 Y51.820 E50.67772 F2400
G1 X61.291 Y51.852 E50.68665 F2400
G1 X61.663 Y51.926 E50.69927 F2400
G1 X61.926 Y51.978 E50.70819 F2400
G1 X62.291 Y52.081 E50.72081 F2400
G1 X62.549 Y52.154 E50.72974 F2400
G1 X62.905 Y52.285 E50.74236 F2400
G1 X63.157 Y52.378 E50.75128 F2400
G1 X63.502 Y52.537 E50.76390 F2400
G1 X63.745 Y52.649 E50.77283 F2400
G1 X64.076 Y52.835 E50.78545 F2400
G1 X64.311 Y52.966 E50.79437 F2400
G1 X64.626 Y53.176 E50.80699 F2400
G1 X64.849 Y53.326 E50.81592 F2400
G1 X65.147 Y53.560 E50.82854 F2400
G1 X65.358 Y53.727 E50.83746 F2400
G1 X65.637 Y53.984 E50.85008 F2400
G1 X65.834 Y54.166 E50.85901 F2400
G1 X66.091 Y54.445 E50.87163 F2400
G1 X66.273 Y54.642 E50.88056 F2400
G1 X66.508 Y54.940 E50.89317 F2400
G1 X66.674 Y55.151 E50.90210 F2400
G1 X66.885 Y55.466 E50.91472 F2400
G1 X67.034 Y55.689 E50.92365 F2400
G1 X67.220 Y56.020 E50.93626 F2400
G1 X67.351 Y56.255 E50.94519 F2400
G1 X67.510 Y56.599 E50.95781 F2400
G1 X67.622 Y56.843 E50.96674 F2400
G1 X67.753 Y57.199 E50.97935 F2400
G1 X67.846 Y57.451 E50.98828 F2400
G1 X67.949 Y57.816 E51.00090 F2400
G1 X68.022 Y58.074 E51.00983 F2400
G1 X68.096 Y58.446 E51.02245 F2400
G1 X68.148 Y58.709 E51.03137 F2400
G1 X68.193 Y59.086 E51.04399 F2400
G1 X68.225 Y59.353 E51.05292 F2400
G1 X68.239 Y59.732 E51.06554 F2400
G1 X68.250 Y60.000 E51.07446 F2400
G1 X68.235 Y60.379 E51.08708 F2400
G1 X68.225 Y60.647 E51.09601 F2400
G1 E49.59601 F1500  ; retract
G1 X70.019 Y60.788 F9000
G1 E51.09601 F1500  ; un-retract
G1 X69.981 Y61.113 E51.10688 F2400
G1 X69.926 Y61.572 E51.12226 F2400
G1 X69.862 Y61.893 E51.13313 F2400
G1 X69.772 Y62.346 E51.14850 F2400
G1 X69.684 Y62.661 E51.15938 F2400
G1 X69.558 Y63.106 E51.17475 F2400
G1 X69.445 Y63.412 E51.18562 F2400
G1 X69.285 Y63.846 E51.20100 F2400
G1 X69.148 Y64.143 E51.21187 F2400
G1 X68.955 Y64.563 E51.22724 F2400
G1 X68.795 Y64.848 E51.23811 F2400
G1 X68.569 Y65.251 E51.25349 F2400
G1 X68.387 Y65.523 E51.26436 F2400
G1 X68.131 Y65.907 E51.27973 F2400
G1 X67.928 Y66.164 E51.29061 F2400
G1 X67.642 Y66.527 E51.30598 F2400
G1 X67.420 Y66.767 E51.31685 F2400
G1 X67.106 Y67.106 E51.33223 F2400
G1 X66.866 Y67.328 E51.34310 F2400
G1 X66.527 Y67.642 E51.35847 F2400
G1 X66.270 Y67.844 E51.36935 F2400
G1 X65.907 Y68.131 E51.38472 F2400
G1 X65.635 Y68.312 E51.39559 F2400
G1 X65.251 Y68.569 E51.41097 F2400
G1 X64.966 Y68.729 E51.42184 F2400
G1 X64.563 Y68.955 E51.43721 F2400
G1 X64.266 Y69.091 E51.44809 F2400
G1 X63.846 Y69.285 E51.46346 F2400
G1 X63.539 Y69.398 E51.47433 F2400
G1 X63.106 Y69.558 E51.48971 F2400
G1 X62.791 Y69.647 E51.50058 F2400
G1 X62.346 Y69.772 E51.51595 F2400
G1 X62.026 Y69.836 E51.52682 F2400
G1 X61.572 Y69.926 E51.54220 F2400
G1 X61.248 Y69.965 E51.55307 F2400
G1 X60.788 Y70.019 E51.56844 F2400
G1 X60.462 Y70.032 E51.57932 F2400
G1 X60.000 Y70.050 E51.59469 F2400
G1 X59.673 Y70.037 E51.60556 F2400
G1 X59.212 Y70.019 E51.62094 F2400
G1 X58.887 Y69.981 E51.63181 F2400
G1 X58.428 Y69.926 E51.64718 F2400
G1 X58.107 Y69.862 E51.65806 F2400
G1 X57.654 Y69.772 E51.67343 F2400
G1 X57.339 Y69.684 E51.68430 F2400
G1 X56.894 Y69.558 E51.69967 F2400
G1 X56.588 Y69.445 E51.71055 F2400
G1 X56.154 Y69.285 E51.72592 F2400
G1 X55.857 Y69.148 E51.73680 F2400
G1 X55.437 Y68.955 E51.75217 F2400
G1 X55.152 Y68.795 E51.76304 F2400
G1 X54.749 Y68.569 E51.77841 F2400
G1 X54.477 Y68.387 E51.78929 F2400
G1 X54.093 Y68.131 E51.80466 F2400
G1 X53.836 Y67.928 E51.81553 F2400
G1 X53.473 Y67.642 E51.83091 F2400
G1 X53.233 Y67.420 E51.84178 F2400
G1 X52.894 Y67.106 E51.85715 F2400
G1 X52.672 Y66.866 E51.86802 F2400
G1 X52.358 Y66.527 E51.88340 F2400
G1 X52.156 Y66.270 E51.89427 F2400
G1 X51.869 Y65.907 E51.90965 F2400
G1 X51.688 Y65.635 E51.92052 F2400
G1 X51.431 Y65.251 E51.93589 F2400
G1 X51.271 Y64.966 E51.94676 F2400
G1 X51.045 Y64.563 E51.96214 F2400
G1 X50.909 Y64.266 E51.97301 F2400
G1 X50.715 Y63.846 E51.98838 F2400
G1 X50.602 Y63.539 E51.99926 F2400
G1 X50.442 Y63.106 E52.01463 F2400
G1 X50.353 Y62.791 E52.02550 F2400
G1 X50.228 Y62.346 E52.04088 F2400
G1 X50.164 Y62.026 E52.05175 F2400
G1 X50.074 Y61.572 E52.06712 F2400
G1 X50.035 Y61.248 E52.07800 F2400
G1 X49.981 Y60.788 E52.09337 F2400
G1 X49.968 Y60.462 E52.10424 F2400
G1 X49.950 Y60.000 E52.11962 F2400
G1 X49.963 Y59.673 E52.13049 F2400
G1 X49.981 Y59.212 E52.14586 F2400
G1 X50.019 Y58.887 E52.15674 F2400
G1 X50.074 Y58.428 E52.17211 F2400
G1 X50.138 Y58.107 E52.18298 F2400
G1 X50.228 Y57.654 E52.19835 F2400
G1 X50.316 Y57.339 E52.20923 F2400
G1 X50.442 Y56.894 E52.22460 F2400
G1 X50.555 Y56.588 E52.23547 F2400
G1 X50.715 Y56.154 E52.25085 F2400
G1 X50.852 Y55.857 E52.26172 F2400
G1 X51.045 Y55.437 E52.27709 F2400
G1 X51.205 Y55.152 E52.28797 F2400
G1 X51.431 Y54.749 E52.30334 F2400
G1 X51.613 Y54.477 E52.31421 F2400
G1 X51.869 Y54.093 E52.32959 F2400
G1 X52.072 Y53.836 E52.34046 F2400
G1 X52.358 Y53.473 E52.35583 F2400
G1 X52.580 Y53.233 E52.36670 F2400
G1 X52.894 Y52.894 E52.38208 F2400
G1 X53.134 Y52.672 E52.39295 F2400
G1 X53.473 Y52.358 E52.40832 F2400
G1 X53.730 Y52.156 E52.41920 F2400
G1 X54.093 Y51.869 E52.43457 F2400
G1 X54.365 Y51.688 E52.44544 F2400
G1 X54.749 Y51.431 E52.46082 F2400
G1 X55.034 Y51.271 E52.47169 F2400
G1 X55.437 Y51.045 E52.48706 F2400
G1 X55.734 Y50.909 E52.49794 F2400
G1 X56.154 Y50.715 E52.51331 F2400
G1 X56.461 Y50.602 E52.52418 F2400
G1 X56.894 Y50.442 E52.53956 F2400
G1 X57.209 Y50.353 E52.55043 F2400
G1 X57.654 Y50.228 E52.56580 F2400
G1 X57.974 Y50.164 E52.57668 F2400
G1 X58.428 Y50.074 E52.59205 F2400
G1 X58.752 Y50.035 E52.60292 F2400
G1 X59.212 Y49.981 E52.61830 F2400
G1 X59.538 Y49.968 E52.62917 F2400
G1 X60.000 Y49.950 E52.64454 F2400
G1 X60.327 Y49.963 E52.65542 F2400
G1 X60.788 Y49.981 E52.67079 F2400
G1 X61.113 Y50.019 E52.68166 F2400
G1 X61.572 Y50.074 E52.69704 F2400
G1 X61.893 Y50.138 E52.70791 F2400
G1 X62.346 Y50.228 E52.72328 F2400
G1 X62.661 Y50.316 E52.73415 F2400
G1 X63.106 Y50.442 E52.74953 F2400
G1 X63.412 Y50.555 E52.76040 F2400
G1 X63.846 Y50.715 E52.77577 F2400
G1 X64.143 Y50.852 E52.78665 F2400
G1 X64.563 Y51.045 E52.80202 F2400
G1 X64.848 Y51.205 E52.81289 F2400
G1 X65.251 Y51.431 E52.82827 F2400
G1 X65.523 Y51.613 E52.83914 F2400
G1 X65.907 Y51.869 E52.85451 F2400
G1 X66.164 Y52.072 E52.86539 F2400
G1 X66.527 Y52.358 E52.88076 F2400
G1 X66.767 Y52.580 E52.89163 F2400
G1 X67.106 Y52.894 E52.90700 F2400
G1 X67.328 Y53.134 E52.91788 F2400
G1 X67.642 Y53.473 E52.93325 F2400
G1 X67.844 Y53.730 E52.94413 F2400
G1 X68.131 Y54.093 E52.95950 F2400
G1 X68.312 Y54.365 E52.97037 F2400
G1 X68.569 Y54.749 E52.98574 F2400
G1 X68.729 Y55.034 E52.99662 F2400
G1 X68.955 Y55.437 E53.01199 F2400
G1 X69.091 Y55.734 E53.02286 F2400
G1 X69.285 Y56.154 E53.03824 F2400
G1 X69.398 Y56.461 E53.04911 F2400
G1 X69.558 Y56.894 E53.06448 F2400
G1 X69.647 Y57.209 E53.07536 F2400
G1 X69.772 Y57.654 E53.09073 F2400
G1 X69.836 Y57.974 E53.10160 F2400
G1 X69.926 Y58.428 E53.11697 F2400
G1 X69.965 Y58.752 E53.12785 F2400
G1 X70.019 Y59.212 E53.14322 F2400
G1 X70.032 Y59.538 E53.15410 F2400
G1 X70.050 Y60.000 E53.16947 F2400
G1 X70.037 Y60.327 E53.18034 F2400
G1 X70.019 Y60.788 E53.19571 F2400
G1 E51.69571 F1500  ; retract
G1 X69.338 Y63.461 F9000
G1 E53.19571 F1500  ; un-retract
G1 X63.461 Y69.338 E53.47216 F3600
G1 E51.97216 F1500  ; retract
G1 X69.906 Y60.065 F9000
G1 E53.47216 F1500  ; un-retract
G1 X68.155 Y61.815 E53.55451 F3600
G1 E52.05451 F1500  ; retract
G1 X61.815 Y68.155 F9000
G1 E53.55451 F1500  ; un-retract
G1 X60.065 Y69.906 E53.63686 F3600
G1 E52.13686 F1500  ; retract
G1 X69.568 Y57.573 F9000
G1 E53.63686 F1500  ; un-retract
G1 X68.320 Y58.822 E53.69558 F3600
G1 E52.19558 F1500  ; retract
G1 X58.822 Y68.320 F9000
G1 E53.69558 F1500  ; un-retract
G1 X57.573 Y69.568 E53.75430 F3600
G1 E52.25430 F1500  ; retract
G1 X68.785 Y55.528 F9000
G1 E53.75430 F1500  ; un-retract
G1 X67.716 Y56.598 E53.80460 F3600
G1 E52.30460 F1500  ; retract
G1 X56.598 Y67.716 F9000
G1 E53.80460 F1500  ; un-retract
G1 X55.528 Y68.785 E53.85490 F3600
G1 E52.35490 F1500  ; retract
G1 X67.664 Y53.821 F9000
G1 E53.85490 F1500  ; un-retract
G1 X66.666 Y54.819 E53.90183 F3600
G1 E52.40183 F1500  ; retract
G1 X54.819 Y66.666 F9000
G1 E53.90183 F1500  ; un-retract
G1 X53.821 Y67.664 E53.94877 F3600
G1 E52.44877 F1500  ; retract
G1 X66.258 Y52.399 F9000
G1 E53.94877 F1500  ; un-retract
G1 X65.260 Y53.396 E53.99571 F3600
G1 E52.49571 F1500  ; retract
G1 X53.397 Y65.260 F9000
G1 E53.99571 F1500  ; un-retract
G1 X52.399 Y66.258 E54.04264 F3600
G1 E52.54264 F1500  ; retract
G1 X64.562 Y51.266 F9000
G1 E54.04264 F1500  ; un-retract
G1 X63.499 Y52.329 E54.09265 F3600
G1 E52.59265 F1500  ; retract
G1 X52.329 Y63.499 F9000
G1 E54.09265 F1500  ; un-retract
G1 X51.266 Y64.562 E54.14266 F3600
G1 E52.64266 F1500  ; retract
G1 X62.537 Y50.463 F9000
G1 E54.14266 F1500  ; un-retract
G1 X61.305 Y51.695 E54.20062 F3600
G1 E52.70062 F1500  ; retract
G1 X51.695 Y61.305 F9000
G1 E54.20062 F1500  ; un-retract
G1 X50.463 Y62.537 E54.25859 F3600
G1 E52.75859 F1500  ; retract
G1 X60.071 Y50.100 F9000
G1 E54.25859 F1500  ; un-retract
G1 X58.364 Y51.807 E54.33889 F3600
G1 E52.83889 F1500  ; retract
G1 X51.807 Y58.364 F9000
G1 E54.33889 F1500  ; un-retract
G1 X50.100 Y60.071 E54.41919 F3600
G1 E52.91919 F1500  ; retract
G1 X56.762 Y50.581 F9000
G1 E54.41919 F1500  ; un-retract
G1 X50.581 Y56.762 E54.70993 F3600

; layer 11  z=2.250
G1 Z2.250 F1200
G1 E53.20993 F1500  ; retract
G1 X68.225 Y60.647 F9000
G1 E54.70993 F1500  ; un-retract
G1 X68.176 Y61.061 E54.72378 F2400
G1 X68.148 Y61.291 E54.73148 F2400
G1 X68.067 Y61.699 E54.74533 F2400
G1 X68.022 Y61.926 E54.75302 F2400
G1 X67.909 Y62.327 E54.76687 F2400
G1 X67.846 Y62.549 E54.77457 F2400
G1 X67.702 Y62.940 E54.78842 F2400
G1 X67.622 Y63.157 E54.79611 F2400
G1 X67.448 Y63.535 E54.80996 F2400
G1 X67.351 Y63.745 E54.81766 F2400
G1 X67.147 Y64.109 E54.83151 F2400
G1 X67.034 Y64.311 E54.83920 F2400
G1 X66.803 Y64.657 E54.85306 F2400
G1 X66.674 Y64.849 E54.86075 F2400
G1 X66.417 Y65.176 E54.87460 F2400
G1 X66.273 Y65.358 E54.88229 F2400
G1 X65.991 Y65.664 E54.89614 F2400
G1 X65.834 Y65.834 E54.90384 F2400
G1 X65.528 Y66.116 E54.91769 F2400
G1 X65.358 Y66.273 E54.92538 F2400
G1 X65.031 Y66.531 E54.93924 F2400
G1 X64.849 Y66.674 E54.94693 F2400
G1 X64.503 Y66.906 E54.96078 F2400
G1 X64.311 Y67.034 E54.96848 F2400
G1 X63.947 Y67.238 E54.98233 F2400
G1 X63.745 Y67.351 E54.99002 F2400
G1 X63.367 Y67.525 E55.00387 F2400
G1 X63.157 Y67.622 E55.01157 F2400
G1 X62.766 Y67.766 E55.02542 F2400
G1 X62.549 Y67.846 E55.03311 F2400
G1 X62.149 Y67.959 E55.04696 F2400
G1 X61.926 Y68.022 E55.05466 F2400
G1 X61.517 Y68.103 E55.06851 F2400
G1 X61.291 Y68.148 E55.07620 F2400
G1 X60.877 Y68.197 E55.09005 F2400
G1 X60.647 Y68.225 E55.09775 F2400
G1 X60.231 Y68.241 E55.11160 F2400
G1 X60.000 Y68.250 E55.11929 F2400
G1 X59.584 Y68.234 E55.13314 F2400
G1 X59.353 Y68.225 E55.14084 F2400
G1 X58.939 Y68.176 E55.15469 F2400
G1 X58.709 Y68.148 E55.16239 F2400
G1 X58.301 Y68.067 E55.17623 F2400
G1 X58.074 Y68.022 E55.18393 F2400
G1 X57.673 Y67.909 E55.19778 F2400
G1 X57.451 Y67.846 E55.20548 F2400
G1 X57.060 Y67.702 E55.21933 F2400
G1 X56.843 Y67.622 E55.22702 F2400
G1 X56.465 Y67.448 E55.24087 F2400
G1 X56.255 Y67.351 E55.24857 F2400
G1 X55.891 Y67.147 E55.26242 F2400
G1 X55.689 Y67.034 E55.27011 F2400
G1 X55.343 Y66.803 E55.28396 F2400
G1 X55.151 Y66.674 E55.29166 F2400
G1 X54.824 Y66.417 E55.30551 F2400
G1 X54.642 Y66.273 E55.31320 F2400
G1 X54.336 Y65.991 E55.32705 F2400
G1 X54.166 Y65.834 E55.33475 F2400
G1 X53.884 Y65.528 E55.34860 F2400
G1 X53.727 Y65.358 E55.35629 F2400
G1 X53.469 Y65.031 E55.37015 F2400
G1 X53.326 Y64.849 E55.37784 F2400
G1 X53.094 Y64.503 E55.39169 F2400
G1 X52.966 Y64.311 E55.39939 F2400
G1 X52.762 Y63.947 E55.41324 F2400
G1 X52.649 Y63.745 E55.42093 F2400
G1 X52.475 Y63.367 E55.43478 F2400
G1 X52.378 Y63.157 E55.44248 F2400
G1 X52.234 Y62.766 E55.45633 F2400
G1 X52.154 Y62.549 E55.46402 F2400
G1 X52.041 Y62.149 E55.47787 F2400
G1 X51.978 Y61.926 E55.48557 F2400
G1 X51.897 Y61.517 E55.49942 F2400
G1 X51.852 Y61.291 E55.50711 F2400
G1 X51.803 Y60.877 E55.52096 F2400
G1 X51.775 Y60.647 E55.52866 F2400
G1 X51.759 Y60.231 E55.54251 F2400
G1 X51.750 Y60.000 E55.55020 F2400
G1 X51.766 Y59.584 E55.56405 F2400
G1 X51.775 Y59.353 E55.57175 F2400
G1 X51.824 Y58.939 E55.58560 F2400
G1 X51.852 Y58.709 E55.59329 F2400
G1 X51.933 Y58.301 E55.60714 F2400
G1 X51.978 Y58.074 E55.61484 F2400
G1 X52.091 Y57.673 E55.62869 F2400
G1 X52.154 Y57.451 E55.63639 F2400
G1 X52.298 Y57.060 E55.65024 F2400
G1 X52.378 Y56.843 E55.65793 F2400
G1 X52.552 Y56.465 E55.67178 F2400
G1 X52.649 Y56.255 E55.67948 F2400
G1 X52.853 Y55.891 E55.69333 F2400
G1 X52.966 Y55.689 E55.70102 F2400
G1 X53.197 Y55.343 E55.71487 F2400
G1 X53.326 Y55.151 E55.72257 F2400
G1 X53.583 Y54.824 E55.73642 F2400
G1 X53.727 Y54.642 E55.74411 F2400
G1 X54.009 Y54.336 E55.75796 F2400
G1 X54.166 Y54.166 E55.76566 F2400
G1 X54.472 Y53.884 E55.77951 F2400
G1 X54.642 Y53.727 E55.78720 F2400
G1 X54.969 Y53.469 E55.80105 F2400
G1 X55.151 Y53.326 E55.80875 F2400
G1 X55.497 Y53.094 E55.82260 F2400
G1 X55.689 Y52.966 E55.83029 F2400
G1 X56.053 Y52.762 E55.84414 F2400
G1 X56.255 Y52.649 E55.85184 F2400
G1 X56.633 Y52.475 E55.86569 F2400
G1 X56.843 Y52.378 E55.87339 F2400
G1 X57.234 Y52.234 E55.88724 F2400
G1 X57.451 Y52.154 E55.89493 F2400
G1 X57.851 Y52.041 E55.90878 F2400
G1 X58.074 Y51.978 E55.91648 F2400
G1 X58.483 Y51.897 E55.93033 F2400
G1 X58.709 Y51.852 E55.93802 F2400
G1 X59.123 Y51.803 E55.95187 F2400
G1 X59.353 Y51.775 E55.95957 F2400
G1 X59.769 Y51.759 E55.97342 F2400
G1 X60.000 Y51.750 E55.98111 F2400
G1 X60.416 Y51.766 E55.99496 F2400
G1 X60.647 Y51.775 E56.00266 F2400
G1 X61.061 Y51.824 E56.01651 F2400
G1 X61.291 Y51.852 E56.02420 F2400
G1 X61.699 Y51.933 E56.03805 F2400
G1 X61.926 Y51.978 E56.04575 F2400
G1 X62.327 Y52.091 E56.05960 F2400
G1 X62.549 Y52.154 E56.06729 F2400
G1 X62.940 Y52.298 E56.08115 F2400
G1 X63.157 Y52.378 E56.08884 F2400
G1 X63.535 Y52.552 E56.10269 F2400
G1 X63.745 Y52.649 E56.11038 F2400
G1 X64.109 Y52.853 E56.12424 F2400
G1 X64.311 Y52.966 E56.13193 F2400
G1 X64.657 Y53.197 E56.14578 F2400
G1 X64.849 Y53.326 E56.15348 F2400
G1 X65.176 Y53.583 E56.16733 F2400
G1 X65.358 Y53.727 E56.17502 F2400
G1 X65.664 Y54.009 E56.18887 F2400
G1 X65.834 Y54.166 E56.19657 F2400
G1 X66.116 Y54.472 E56.21042 F2400
G1 X66.273 Y54.642 E56.21811 F2400
G1 X66.531 Y54.969 E56.23196 F2400
G1 X66.674 Y55.151 E56.23966 F2400
G1 X66.906 Y55.497 E56.25351 F2400
G1 X67.034 Y55.689 E56.26120 F2400
G1 X67.238 Y56.053 E56.27505 F2400
G1 X67.351 Y56.255 E56.28275 F2400
G1 X67.525 Y56.633 E56.29660 F2400
G1 X67.622 Y56.843 E56.30430 F2400
G1 X67.766 Y57.234 E56.31815 F2400
G1 X67.846 Y57.451 E56.32584 F2400
G1 X67.959 Y57.851 E56.33969 F2400
G1 X68.022 Y58.074 E56.34739 F2400
G1 X68.103 Y58.483 E56.36124 F2400
G1 X68.148 Y58.709 E56.36893 F2400
G1 X68.197 Y59.123 E56.38278 F2400
G1 X68.225 Y59.353 E56.39048 F2400
G1 X68.241 Y59.769 E56.40433 F2400
G1 X68.250 Y60.000 E56.41202 F2400
G1 X68.234 Y60.416 E56.42587 F2400
G1 X68.225 Y60.647 E56.43357 F2400
G1 E54.93357 F1500  ; retract
G1 X70.019 Y60.788 F9000
G1 E56.43357 F1500  ; un-retract
G1 X69.986 Y61.068 E56.44294 F2400
G1 X69.926 Y61.572 E56.45981 F2400
G1 X69.871 Y61.849 E56.46919 F2400
G1 X69.772 Y62.346 E56.48606 F2400
G1 X69.696 Y62.617 E56.49543 F2400
G1 X69.558 Y63.106 E56.51231 F2400
G1 X69.461 Y63.370 E56.52168 F2400
G1 X69.285 Y63.846 E56.53855 F2400
G1 X69.167 Y64.102 E56.54793 F2400
G1 X68.955 Y64.563 E56.56480 F2400
G1 X68.817 Y64.808 E56.57417 F2400
G1 X68.569 Y65.251 E56.59105 F2400
G1 X68.412 Y65.485 E56.60042 F2400
G1 X68.131 Y65.907 E56.61729 F2400
G1 X67.956 Y66.129 E56.62667 F2400
G1 X67.642 Y66.527 E56.64354 F2400
G1 X67.451 Y66.734 E56.65291 F2400
G1 X67.106 Y67.106 E56.66978 F2400
G1 X66.900 Y67.298 E56.67916 F2400
G1 X66.527 Y67.642 E56.69603 F2400
G1 X66.306 Y67.817 E56.70541 F2400
G1 X65.907 Y68.131 E56.72228 F2400
G1 X65.673 Y68.287 E56.73165 F2400
G1 X65.251 Y68.569 E56.74852 F2400
G1 X65.005 Y68.707 E56.75790 F2400
G1 X64.563 Y68.955 E56.77477 F2400
G1 X64.307 Y69.073 E56.78414 F2400
G1 X63.846 Y69.285 E56.80101 F2400
G1 X63.582 Y69.382 E56.81039 F2400
G1 X63.106 Y69.558 E56.82726 F2400
G1 X62.834 Y69.635 E56.83663 F2400
G1 X62.346 Y69.772 E56.85351 F2400
G1 X62.070 Y69.827 E56.86288 F2400
G1 X61.572 Y69.926 E56.87975 F2400
G1 X61.292 Y69.959 E56.88913 F2400
G1 X60.788 Y70.019 E56.90600 F2400
G1 X60.507 Y70.030 E56.91537 F2400
G1 X60.000 Y70.050 E56.93225 F2400
G1 X59.718 Y70.039 E56.94162 F2400
G1 X59.212 Y70.019 E56.95849 F2400
G1 X58.932 Y69.986 E56.96787 F2400
G1 X58.428 Y69.926 E56.98474 F2400
G1 X58.151 Y69.871 E56.99411 F2400
G1 X57.654 Y69.772 E57.01099 F2400
G1 X57.383 Y69.696 E57.02036 F2400
G1 X56.894 Y69.558 E57.03723 F2400
G1 X56.630 Y69.461 E57.04660 F2400
G1 X56.154 Y69.285 E57.06348 F2400
G1 X55.898 Y69.167 E57.07285 F2400
G1 X55.437 Y68.955 E57.08973 F2400
G1 X55.191 Y68.817 E57.09910 F2400
G1 X54.749 Y68.569 E57.11597 F2400
G1 X54.515 Y68.412 E57.12534 F2400
G1 X54.093 Y68.131 E57.14222 F2400
G1 X53.871 Y67.956 E57.15159 F2400
G1 X53.473 Y67.642 E57.16846 F2400
G1 X53.266 Y67.451 E57.17784 F2400
G1 X52.894 Y67.106 E57.19471 F2400
G1 X52.702 Y66.900 E57.20408 F2400
G1 X52.358 Y66.527 E57.22096 F2400
G1 X52.183 Y66.306 E57.23033 F2400
G1 X51.869 Y65.907 E57.24720 F2400
G1 X51.713 Y65.673 E57.25658 F2400
G1 X51.431 Y65.251 E57.27345 F2400
G1 X51.293 Y65.005 E57.28282 F2400
G1 X51.045 Y64.563 E57.29970 F2400
G1 X50.927 Y64.307 E57.30907 F2400
G1 X50.715 Y63.846 E57.32594 F2400
G1 X50.617 Y63.582 E57.33531 F2400
G1 X50.442 Y63.106 E57.35219 F2400
G1 X50.365 Y62.834 E57.36156 F2400
G1 X50.228 Y62.346 E57.37843 F2400
G1 X50.173 Y62.070 E57.38781 F2400
G1 X50.074 Y61.572 E57.40468 F2400
G1 X50.041 Y61.292 E57.41405 F2400
G1 X49.981 Y60.788 E57.43093 F2400
G1 X49.970 Y60.507 E57.44030 F2400
G1 X49.950 Y60.000 E57.45717 F2400
G1 X49.961 Y59.718 E57.46655 F2400
G1 X49.981 Y59.212 E57.48342 F2400
G1 X50.014 Y58.932 E57.49279 F2400
G1 X50.074 Y58.428 E57.50967 F2400
G1 X50.129 Y58.151 E57.51904 F2400
G1 X50.228 Y57.654 E57.53591 F2400
G1 X50.304 Y57.383 E57.54529 F2400
G1 X50.442 Y56.894 E57.56216 F2400
G1 X50.539 Y56.630 E57.57153 F2400
G1 X50.715 Y56.154 E57.58841 F2400
G1 X50.833 Y55.898 E57.59778 F2400
G1 X51.045 Y55.437 E57.61465 F2400
G1 X51.183 Y55.191 E57.62402 F2400
G1 X51.431 Y54.749 E57.64090 F2400
G1 X51.587 Y54.515 E57.65027 F2400
G1 X51.869 Y54.093 E57.66714 F2400
G1 X52.044 Y53.871 E57.67652 F2400
G1 X52.358 Y53.473 E57.69339 F2400
G1 X52.549 Y53.266 E57.70276 F2400
G1 X52.894 Y52.894 E57.71964 F2400
G1 X53.100 Y52.702 E57.72901 F2400
G1 X53.473 Y52.358 E57.74588 F2400
G1 X53.694 Y52.183 E57.75526 F2400
G1 X54.093 Y51.869 E57.77213 F2400
G1 X54.327 Y51.713 E57.78150 F2400
G1 X54.749 Y51.431 E57.79837 F2400
G1 X54.995 Y51.293 E57.80775 F2400
G1 X55.437 Y51.045 E57.82462 F2400
G1 X55.693 Y50.927 E57.83399 F2400
G1 X56.154 Y50.715 E57.85087 F2400
G1 X56.418 Y50.617 E57.86024 F2400
G1 X56.894 Y50.442 E57.87711 F2400
G1 X57.166 Y50.365 E57.88649 F2400
G1 X57.654 Y50.228 E57.90336 F2400
G1 X57.930 Y50.173 E57.91273 F2400
G1 X58.428 Y50.074 E57.92961 F2400
G1 X58.708 Y50.041 E57.93898 F2400
G1 X59.212 Y49.981 E57.95585 F2400
G1 X59.493 Y49.970 E57.96523 F2400
G1 X60.000 Y49.950 E57.98210 F2400
G1 X60.282 Y49.961 E57.99147 F2400
G1 X60.788 Y49.981 E58.00835 F2400
G1 X61.068 Y50.014 E58.01772 F2400
G1 X61.572 Y50.074 E58.03459 F2400
G1 X61.849 Y50.129 E58.04397 F2400
G1 X62.346 Y50.228 E58.06084 F2400
G1 X62.617 Y50.304 E58.07021 F2400
G1 X63.106 Y50.442 E58.08708 F2400
G1 X63.370 Y50.539 E58.09646 F2400
G1 X63.846 Y50.715 E58.11333 F2400
G1 X64.102 Y50.833 E58.12270 F2400
G1 X64.563 Y51.045 E58.13958 F2400
G1 X64.808 Y51.183 E58.14895 F2400
G1 X65.251 Y51.431 E58.16582 F2400
G1 X65.485 Y51.587 E58.17519 F2400
G1 X65.907 Y51.869 E58.19207 F2400
G1 X66.129 Y52.044 E58.20144 F2400
G1 X66.527 Y52.358 E58.21832 F2400
G1 X66.734 Y52.549 E58.22769 F2400
G1 X67.106 Y52.894 E58.24456 F2400
G1 X67.298 Y53.100 E58.25393 F2400
G1 X67.642 Y53.473 E58.27081 F2400
G1 X67.817 Y53.694 E58.28018 F2400
G1 X68.131 Y54.093 E58.29706 F2400
G1 X68.287 Y54.327 E58.30643 F2400
G1 X68.569 Y54.749 E58.32330 F2400
G1 X68.707 Y54.995 E58.33267 F2400
G1 X68.955 Y55.437 E58.34955 F2400
G1 X69.073 Y55.693 E58.35892 F2400
G1 X69.285 Y56.154 E58.37579 F2400
G1 X69.382 Y56.418 E58.38517 F2400
G1 X69.558 Y56.894 E58.40204 F2400
G1 X69.635 Y57.166 E58.41141 F2400
G1 X69.772 Y57.654 E58.42829 F2400
G1 X69.827 Y57.930 E58.43766 F2400
G1 X69.926 Y58.428 E58.45453 F2400
G1 X69.959 Y58.708 E58.46391 F2400
G1 X70.019 Y59.212 E58.48078 F2400
G1 X70.030 Y59.493 E58.49015 F2400
G1 X70.050 Y60.000 E58.50703 F2400
G1 X70.039 Y60.282 E58.51640 F2400
G1 X70.019 Y60.788 E58.53327 F2400
G1 E57.03327 F1500  ; retract
G1 X63.461 Y50.662 F9000
G1 E58.53327 F1500  ; un-retract
G1 X69.338 Y56.539 E58.80971 F3600
G1 E57.30971 F1500  ; retract
G1 X60.065 Y50.094 F9000
G1 E58.80971 F1500  ; un-retract
G1 X61.815 Y51.845 E58.89206 F3600
G1 E57.39206 F1500  ; retract
G1 X68.155 Y58.185 F9000
G1 E58.89206 F1500  ; un-retract
G1 X69.906 Y59.935 E58.97441 F3600
G1 E57.47441 F1500  ; retract
G1 X57.573 Y50.432 F9000
G1 E58.97441 F1500  ; un-retract
G1 X58.822 Y51.680 E59.03313 F3600
G1 E57.53313 F1500  ; retract
G1 X68.320 Y61.178 F9000
G1 E59.03313 F1500  ; un-retract
G1 X69.568 Y62.427 E59.09186 F3600
G1 E57.59186 F1500  ; retract
G1 X55.528 Y51.215 F9000
G1 E59.09186 F1500  ; un-retract
G1 X56.598 Y52.284 E59.14215 F3600
G1 E57.64215 F1500  ; retract
G1 X67.716 Y63.402 F9000
G1 E59.14215 F1500  ; un-retract
G1 X68.785 Y64.472 E59.19245 F3600
G1 E57.69245 F1500  ; retract
G1 X53.821 Y52.336 F9000
G1 E59.19245 F1500  ; un-retract
G1 X54.819 Y53.334 E59.23939 F3600
G1 E57.73939 F1500  ; retract
G1 X66.666 Y65.181 F9000
G1 E59.23939 F1500  ; un-retract
G1 X67.664 Y66.179 E59.28632 F3600
G1 E57.78632 F1500  ; retract
G1 X52.399 Y53.742 F9000
G1 E59.28632 F1500  ; un-retract
G1 X53.396 Y54.740 E59.33326 F3600
G1 E57.83326 F1500  ; retract
G1 X65.260 Y66.604 F9000
G1 E59.33326 F1500  ; un-retract
G1 X66.258 Y67.601 E59.38020 F3600
G1 E57.88020 F1500  ; retract
G1 X51.266 Y55.438 F9000
G1 E59.38020 F1500  ; un-retract
G1 X52.329 Y56.501 E59.43020 F3600
G1 E57.93020 F1500  ; retract
G1 X63.499 Y67.671 F9000
G1 E59.43020 F1500  ; un-retract
G1 X64.562 Y68.734 E59.48022 F3600
G1 E57.98022 F1500  ; retract
G1 X50.463 Y57.463 F9000
G1 E59.48022 F1500  ; un-retract
G1 X51.695 Y58.695 E59.53818 F3600
G1 E58.03818 F1500  ; retract
G1 X61.305 Y68.305 F9000
G1 E59.53818 F1500  ; un-retract
G1 X62.537 Y69.537 E59.59614 F3600
G1 E58.09614 F1500  ; retract
G1 X50.100 Y59.929 F9000
G1 E59.59614 F1500  ; un-retract
G1 X51.807 Y61.636 E59.67644 F3600
G1 E58.17644 F1500  ; retract
G1 X58.364 Y68.193 F9000
G1 E59.67644 F1500  ; un-retract
G1 X60.071 Y69.900 E59.75674 F3600
G1 E58.25674 F1500  ; retract
G1 X50.581 Y63.238 F9000
G1 E59.75674 F1500  ; un-retract
G1 X56.762 Y69.419 E60.04748 F3600

; layer 12  z=2.450
G1 Z2.450 F1200
G1 E58.54748 F1500  ; retract
G1 X68.225 Y60.647 F9000
G1 E60.04748 F1500  ; un-retract
G1 X68.171 Y61.098 E60.06256 F2400
G1 X68.148 Y61.291 E60.06903 F2400
G1 X68.060 Y61.735 E60.08411 F2400
G1 X68.022 Y61.926 E60.09057 F2400
G1 X67.899 Y62.362 E60.10565 F2400
G1 X67.846 Y62.549 E60.11212 F2400
G1 X67.689 Y62.975 E60.12720 F2400
G1 X67.622 Y63.157 E60.13366 F2400
G1 X67.432 Y63.569 E60.14874 F2400
G1 X67.351 Y63.745 E60.15521 F2400
G1 X67.129 Y64.141 E60.17029 F2400
G1 X67.034 Y64.311 E60.17675 F2400
G1 X66.782 Y64.688 E60.19183 F2400
G1 X66.674 Y64.849 E60.19830 F2400
G1 X66.394 Y65.205 E60.21338 F2400
G1 X66.273 Y65.358 E60.21984 F2400
G1 X65.966 Y65.691 E60.23493 F2400
G1 X65.834 Y65.834 E60.24139 F2400
G1 X65.501 Y66.141 E60.25647 F2400
G1 X65.358 Y66.273 E60.26293 F2400
G1 X65.002 Y66.554 E60.27802 F2400
G1 X64.849 Y66.674 E60.28448 F2400
G1 X64.472 Y66.926 E60.29956 F2400
G1 X64.311 Y67.034 E60.30603 F2400
G1 X63.915 Y67.256 E60.32111 F2400
G1 X63.745 Y67.351 E60.32757 F2400
G1 X63.334 Y67.541 E60.34265 F2400
G1 X63.157 Y67.622 E60.34912 F2400
G1 X62.732 Y67.779 E60.36420 F2400
G1 X62.549 Y67.846 E60.37066 F2400
G1 X62.113 Y67.969 E60.38574 F2400
G1 X61.926 Y68.022 E60.39221 F2400
G1 X61.481 Y68.111 E60.40729 F2400
G1 X61.291 Y68.148 E60.41375 F2400
G1 X60.840 Y68.202 E60.42883 F2400
G1 X60.647 Y68.225 E60.43530 F2400
G1 X60.194 Y68.242 E60.45038 F2400
G1 X60.000 Y68.250 E60.45684 F2400
G1 X59.547 Y68.232 E60.47193 F2400
G1 X59.353 Y68.225 E60.47839 F2400
G1 X58.902 Y68.171 E60.49347 F2400
G1 X58.709 Y68.148 E60.49994 F2400
G1 X58.265 Y68.060 E60.51502 F2400
G1 X58.074 Y68.022 E60.52148 F2400
G1 X57.638 Y67.899 E60.53656 F2400
G1 X57.451 Y67.846 E60.54303 F2400
G1 X57.025 Y67.689 E60.55811 F2400
G1 X56.843 Y67.622 E60.56457 F2400
G1 X56.431 Y67.432 E60.57965 F2400
G1 X56.255 Y67.351 E60.58612 F2400
G1 X55.859 Y67.129 E60.60120 F2400
G1 X55.689 Y67.034 E60.60766 F2400
G1 X55.312 Y66.782 E60.62274 F2400
G1 X55.151 Y66.674 E60.62921 F2400
G1 X54.795 Y66.394 E60.64429 F2400
G1 X54.642 Y66.273 E60.65075 F2400
G1 X54.309 Y65.966 E60.66584 F2400
G1 X54.166 Y65.834 E60.67230 F2400
G1 X53.859 Y65.501 E60.68738 F2400
G1 X53.727 Y65.358 E60.69384 F2400
G1 X53.446 Y65.002 E60.70893 F2400
G1 X53.326 Y64.849 E60.71539 F2400
G1 X53.074 Y64.472 E60.73047 F2400
G1 X52.966 Y64.311 E60.73694 F2400
G1 X52.744 Y63.915 E60.75202 F2400
G1 X52.649 Y63.745 E60.75848 F2400
G1 X52.459 Y63.334 E60.77356 F2400
G1 X52.378 Y63.157 E60.78003 F2400
G1 X52.221 Y62.732 E60.79511 F2400
G1 X52.154 Y62.549 E60.80157 F2400
G1 X52.031 Y62.113 E60.81665 F2400
G1 X51.978 Y61.926 E60.82312 F2400
G1 X51.889 Y61.481 E60.83820 F2400
G1 X51.852 Y61.291 E60.84466 F2400
G1 X51.798 Y60.840 E60.85974 F2400
G1 X51.775 Y60.647 E60.86621 F2400
G1 X51.758 Y60.194 E60.88129 F2400
G1 X51.750 Y60.000 E60.88775 F2400
G1 X51.768 Y59.547 E60.90284 F2400
G1 X51.775 Y59.353 E60.90930 F2400
G1 X51.829 Y58.902 E60.92438 F2400
G1 X51.852 Y58.709 E60.93084 F2400
G1 X51.940 Y58.265 E60.94593 F2400
G1 X51.978 Y58.074 E60.95239 F2400
G1 X52.101 Y57.638 E60.96747 F2400
G1 X52.154 Y57.451 E60.97394 F2400
G1 X52.311 Y57.025 E60.98902 F2400
G1 X52.378 Y56.843 E60.99548 F2400
G1 X52.568 Y56.431 E61.01056 F2400
G1 X52.649 Y56.255 E61.01703 F2400
G1 X52.871 Y55.859 E61.03211 F2400
G1 X52.966 Y55.689 E61.03857 F2400
G1 X53.218 Y55.312 E61.05365 F2400
G1 X53.326 Y55.151 E61.06012 F2400
G1 X53.606 Y54.795 E61.07520 F2400
G1 X53.727 Y54.642 E61.08166 F2400
G1 X54.035 Y54.309 E61.09674 F2400
G1 X54.166 Y54.166 E61.10321 F2400
G1 X54.499 Y53.859 E61.11829 F2400
G1 X54.642 Y53.727 E61.12475 F2400
G1 X54.998 Y53.446 E61.13984 F2400
G1 X55.151 Y53.326 E61.14630 F2400
G1 X55.528 Y53.074 E61.16138 F2400
G1 X55.689 Y52.966 E61.16784 F2400
G1 X56.085 Y52.744 E61.18292 F2400
G1 X56.255 Y52.649 E61.18939 F2400
G1 X56.666 Y52.459 E61.20447 F2400
G1 X56.843 Y52.378 E61.21094 F2400
G1 X57.268 Y52.221 E61.22602 F2400
G1 X57.451 Y52.154 E61.23248 F2400
G1 X57.887 Y52.031 E61.24756 F2400
G1 X58.074 Y51.978 E61.25403 F2400
G1 X58.519 Y51.889 E61.26911 F2400
G1 X58.709 Y51.852 E61.27557 F2400
G1 X59.160 Y51.798 E61.29065 F2400
G1 X59.353 Y51.775 E61.29712 F2400
G1 X59.806 Y51.758 E61.31220 F2400
G1 X60.000 Y51.750 E61.31866 F2400
G1 X60.453 Y51.768 E61.33374 F2400
G1 X60.647 Y51.775 E61.34021 F2400
G1 X61.098 Y51.829 E61.35529 F2400
G1 X61.291 Y51.852 E61.36175 F2400
G1 X61.735 Y51.940 E61.37683 F2400
G1 X61.926 Y51.978 E61.38330 F2400
G1 X62.362 Y52.101 E61.39838 F2400
G1 X62.549 Y52.154 E61.40484 F2400
G1 X62.975 Y52.311 E61.41993 F2400
G1 X63.157 Y52.378 E61.42639 F2400
G1 X63.569 Y52.568 E61.44147 F2400
G1 X63.745 Y52.649 E61.44793 F2400
G1 X64.141 Y52.871 E61.46302 F2400
G1 X64.311 Y52.966 E61.46948 F2400
G1 X64.688 Y53.218 E61.48456 F2400
G1 X64.849 Y53.326 E61.49103 F2400
G1 X65.205 Y53.606 E61.50611 F2400
G1 X65.358 Y53.727 E61.51257 F2400
G1 X65.691 Y54.035 E61.52765 F2400
G1 X65.834 Y54.166 E61.53412 F2400
G1 X66.141 Y54.499 E61.54920 F2400
G1 X66.273 Y54.642 E61.55566 F2400
G1 X66.554 Y54.998 E61.57075 F2400
G1 X66.674 Y55.151 E61.57721 F2400
G1 X66.926 Y55.528 E61.59229 F2400
G1 X67.034 Y55.689 E61.59875 F2400
G1 X67.256 Y56.085 E61.61383 F2400
G1 X67.351 Y56.255 E61.62030 F2400
G1 X67.541 Y56.666 E61.63538 F2400
G1 X67.622 Y56.843 E61.64185 F2400
G1 X67.779 Y57.268 E61.65693 F2400
G1 X67.846 Y57.451 E61.66339 F2400
G1 X67.969 Y57.887 E61.67847 F2400
G1 X68.022 Y58.074 E61.68494 F2400
G1 X68.111 Y58.519 E61.70002 F2400
G1 X68.148 Y58.709 E61.70648 F2400
G1 X68.202 Y59.160 E61.72156 F2400
G1 X68.225 Y59.353 E61.72803 F2400
G1 X68.242 Y59.806 E61.74311 F2400
G1 X68.250 Y60.000 E61.74957 F2400
G1 X68.232 Y60.453 E61.76465 F2400
G1 X68.225 Y60.647 E61.77112 F2400
G1 E60.27112 F1500  ; retract
G1 X70.019 Y60.788 F9000
G1 E61.77112 F1500  ; un-retract
G1 X69.991 Y61.024 E61.77899 F2400
G1 X69.926 Y61.572 E61.79737 F2400
G1 X69.880 Y61.804 E61.80524 F2400
G1 X69.772 Y62.346 E61.82361 F2400
G1 X69.708 Y62.574 E61.83148 F2400
G1 X69.558 Y63.106 E61.84986 F2400
G1 X69.476 Y63.328 E61.85773 F2400
G1 X69.285 Y63.846 E61.87610 F2400
G1 X69.186 Y64.061 E61.88398 F2400
G1 X68.955 Y64.563 E61.90235 F2400
G1 X68.839 Y64.769 E61.91023 F2400
G1 X68.569 Y65.251 E61.92860 F2400
G1 X68.438 Y65.448 E61.93647 F2400
G1 X68.131 Y65.907 E61.95484 F2400
G1 X67.984 Y66.093 E61.96272 F2400
G1 X67.642 Y66.527 E61.98109 F2400
G1 X67.481 Y66.701 E61.98896 F2400
G1 X67.106 Y67.106 E62.00733 F2400
G1 X66.933 Y67.267 E62.01521 F2400
G1 X66.527 Y67.642 E62.03358 F2400
G1 X66.341 Y67.789 E62.04146 F2400
G1 X65.907 Y68.131 E62.05983 F2400
G1 X65.710 Y68.262 E62.06770 F2400
G1 X65.251 Y68.569 E62.08607 F2400
G1 X65.045 Y68.685 E62.09395 F2400
G1 X64.563 Y68.955 E62.11232 F2400
G1 X64.348 Y69.054 E62.12019 F2400
G1 X63.846 Y69.285 E62.13857 F2400
G1 X63.624 Y69.367 E62.14644 F2400
G1 X63.106 Y69.558 E62.16481 F2400
G1 X62.878 Y69.622 E62.17269 F2400
G1 X62.346 Y69.772 E62.19106 F2400
G1 X62.114 Y69.819 E62.19893 F2400
G1 X61.572 Y69.926 E62.21730 F2400
G1 X61.337 Y69.954 E62.22518 F2400
G1 X60.788 Y70.019 E62.24355 F2400
G1 X60.552 Y70.028 E62.25142 F2400
G1 X60.000 Y70.050 E62.26980 F2400
G1 X59.763 Y70.041 E62.27767 F2400
G1 X59.212 Y70.019 E62.29604 F2400
G1 X58.976 Y69.991 E62.30392 F2400
G1 X58.428 Y69.926 E62.32229 F2400
G1 X58.196 Y69.880 E62.33017 F2400
G1 X57.654 Y69.772 E62.34854 F2400
G1 X57.426 Y69.708 E62.35641 F2400
G1 X56.894 Y69.558 E62.37478 F2400
G1 X56.672 Y69.476 E62.38266 F2400
G1 X56.154 Y69.285 E62.40103 F2400
G1 X55.939 Y69.186 E62.40890 F2400
G1 X55.437 Y68.955 E62.42728 F2400
G1 X55.231 Y68.839 E62.43515 F2400
G1 X54.749 Y68.569 E62.45352 F2400
G1 X54.552 Y68.438 E62.46139 F2400
G1 X54.093 Y68.131 E62.47977 F2400
G1 X53.907 Y67.984 E62.48764 F2400
G1 X53.473 Y67.642 E62.50601 F2400
G1 X53.299 Y67.481 E62.51389 F2400
G1 X52.894 Y67.106 E62.53226 F2400
G1 X52.733 Y66.933 E62.54013 F2400
G1 X52.358 Y66.527 E62.55851 F2400
G1 X52.211 Y66.341 E62.56638 F2400
G1 X51.869 Y65.907 E62.58475 F2400
G1 X51.738 Y65.710 E62.59263 F2400
G1 X51.431 Y65.251 E62.61100 F2400
G1 X51.315 Y65.045 E62.61887 F2400
G1 X51.045 Y64.563 E62.63725 F2400
G1 X50.946 Y64.348 E62.64512 F2400
G1 X50.715 Y63.846 E62.66349 F2400
G1 X50.633 Y63.624 E62.67136 F2400
G1 X50.442 Y63.106 E62.68974 F2400
G1 X50.378 Y62.878 E62.69761 F2400
G1 X50.228 Y62.346 E62.71599 F2400
G1 X50.181 Y62.114 E62.72386 F2400
G1 X50.074 Y61.572 E62.74223 F2400
G1 X50.046 Y61.337 E62.75010 F2400
G1 X49.981 Y60.788 E62.76848 F2400
G1 X49.972 Y60.552 E62.77635 F2400
G1 X49.950 Y60.000 E62.79472 F2400
G1 X49.959 Y59.763 E62.80260 F2400
G1 X49.981 Y59.212 E62.82097 F2400
G1 X50.009 Y58.976 E62.82884 F2400
G1 X50.074 Y58.428 E62.84722 F2400
G1 X50.120 Y58.196 E62.85509 F2400
G1 X50.228 Y57.654 E62.87346 F2400
G1 X50.292 Y57.426 E62.88134 F2400
G1 X50.442 Y56.894 E62.89971 F2400
G1 X50.524 Y56.672 E62.90758 F2400
G1 X50.715 Y56.154 E62.92596 F2400
G1 X50.814 Y55.939 E62.93383 F2400
G1 X51.045 Y55.437 E62.95220 F2400
G1 X51.161 Y55.231 E62.96008 F2400
G1 X51.431 Y54.749 E62.97845 F2400
G1 X51.562 Y54.552 E62.98632 F2400
G1 X51.869 Y54.093 E63.00469 F2400
G1 X52.016 Y53.907 E63.01257 F2400
G1 X52.358 Y53.473 E63.03094 F2400
G1 X52.519 Y53.299 E63.03881 F2400
G1 X52.894 Y52.894 E63.05719 F2400
G1 X53.067 Y52.733 E63.06506 F2400
G1 X53.473 Y52.358 E63.08343 F2400
G1 X53.659 Y52.211 E63.09131 F2400
G1 X54.093 Y51.869 E63.10968 F2400
G1 X54.290 Y51.738 E63.11755 F2400
G1 X54.749 Y51.431 E63.13593 F2400
G1 X54.955 Y51.315 E63.14380 F2400
G1 X55.437 Y51.045 E63.16217 F2400
G1 X55.652 Y50.946 E63.17005 F2400
G1 X56.154 Y50.715 E63.18842 F2400
G1 X56.376 Y50.633 E63.19629 F2400
G1 X56.894 Y50.442 E63.21466 F2400
G1 X57.122 Y50.378 E63.22254 F2400
G1 X57.654 Y50.228 E63.24091 F2400
G1 X57.886 Y50.181 E63.24879 F2400
G1 X58.428 Y50.074 E63.26716 F2400
G1 X58.663 Y50.046 E63.27503 F2400
G1 X59.212 Y49.981 E63.29340 F2400
G1 X59.448 Y49.972 E63.30128 F2400
G1 X60.000 Y49.950 E63.31965 F2400
G1 X60.237 Y49.959 E63.32752 F2400
G1 X60.788 Y49.981 E63.34590 F2400
G1 X61.024 Y50.009 E63.35377 F2400
G1 X61.572 Y50.074 E63.37214 F2400
G1 X61.804 Y50.120 E63.38002 F2400
G1 X62.346 Y50.228 E63.39839 F2400
G1 X62.574 Y50.292 E63.40626 F2400
G1 X63.106 Y50.442 E63.42463 F2400
G1 X63.328 Y50.524 E63.43251 F2400
G1 X63.846 Y50.715 E63.45088 F2400
G1 X64.061 Y50.814 E63.45876 F2400
G1 X64.563 Y51.045 E63.47713 F2400
G1 X64.769 Y51.161 E63.48500 F2400
G1 X65.251 Y51.431 E63.50337 F2400
G1 X65.448 Y51.562 E63.51125 F2400
G1 X65.907 Y51.869 E63.52962 F2400
G1 X66.093 Y52.016 E63.53749 F2400
G1 X66.527 Y52.358 E63.55587 F2400
G1 X66.701 Y52.519 E63.56374 F2400
G1 X67.106 Y52.894 E63.58211 F2400
G1 X67.267 Y53.067 E63.58999 F2400
G1 X67.642 Y53.473 E63.60836 F2400
G1 X67.789 Y53.659 E63.61623 F2400
G1 X68.131 Y54.093 E63.63461 F2400
G1 X68.262 Y54.290 E63.64248 F2400
G1 X68.569 Y54.749 E63.66085 F2400
G1 X68.685 Y54.955 E63.66872 F2400
G1 X68.955 Y55.437 E63.68710 F2400
G1 X69.054 Y55.652 E63.69497 F2400
G1 X69.285 Y56.154 E63.71334 F2400
G1 X69.367 Y56.376 E63.72122 F2400
G1 X69.558 Y56.894 E63.73959 F2400
G1 X69.622 Y57.122 E63.74746 F2400
G1 X69.772 Y57.654 E63.76584 F2400
G1 X69.819 Y57.886 E63.77371 F2400
G1 X69.926 Y58.428 E63.79208 F2400
G1 X69.954 Y58.663 E63.79996 F2400
G1 X70.019 Y59.212 E63.81833 F2400
G1 X70.028 Y59.448 E63.82620 F2400
G1 X70.050 Y60.000 E63.84458 F2400
G1 X70.041 Y60.237 E63.85245 F2400
G1 X70.019 Y60.788 E63.87082 F2400
G1 E62.37082 F1500  ; retract
G1 X69.338 Y63.461 F9000
G1 E63.87082 F1500  ; un-retract
G1 X63.461 Y69.338 E64.14726 F3600
G1 E62.64726 F1500  ; retract
G1 X69.906 Y60.065 F9000
G1 E64.14726 F1500  ; un-retract
G1 X68.155 Y61.815 E64.22961 F3600
G1 E62.72961 F1500  ; retract
G1 X61.815 Y68.155 F9000
G1 E64.22961 F1500  ; un-retract
G1 X60.065 Y69.906 E64.31196 F3600
G1 E62.81196 F1500  ; retract
G1 X69.568 Y57.573 F9000
G1 E64.31196 F1500  ; un-retract
G1 X68.320 Y58.822 E64.37069 F3600
G1 E62.87069 F1500  ; retract
G1 X58.822 Y68.320 F9000
G1 E64.37069 F1500  ; un-retract
G1 X57.573 Y69.568 E64.42941 F3600
G1 E62.92941 F1500  ; retract
G1 X68.785 Y55.528 F9000
G1 E64.42941 F1500  ; un-retract
G1 X67.716 Y56.598 E64.47971 F3600
G1 E62.97971 F1500  ; retract
G1 X56.598 Y67.716 F9000
G1 E64.47971 F1500  ; un-retract
G1 X55.528 Y68.785 E64.53001 F3600
G1 E63.03001 F1500  ; retract
G1 X67.664 Y53.821 F9000
G1 E64.53001 F1500  ; un-retract
G1 X66.666 Y54.819 E64.57694 F3600
G1 E63.07694 F1500  ; retract
G1 X54.819 Y66.666 F9000
G1 E64.57694 F1500  ; un-retract
G1 X53.821 Y67.664 E64.62388 F3600
G1 E63.12388 F1500  ; retract
G1 X66.258 Y52.399 F9000
G1 E64.62388 F1500  ; un-retract
G1 X65.260 Y53.396 E64.67081 F3600
G1 E63.17081 F1500  ; retract
G1 X53.397 Y65.260 F9000
G1 E64.67081 F1500  ; un-retract
G1 X52.399 Y66.258 E64.71775 F3600
G1 E63.21775 F1500  ; retract
G1 X64.562 Y51.266 F9000
G1 E64.71775 F1500  ; un-retract
G1 X63.499 Y52.329 E64.76776 F3600
G1 E63.26776 F1500  ; retract
G1 X52.329 Y63.499 F9000
G1 E64.76776 F1500  ; un-retract
G1 X51.266 Y64.562 E64.81777 F3600
G1 E63.31777 F1500  ; retract
G1 X62.537 Y50.463 F9000
G1 E64.81777 F1500  ; un-retract
G1 X61.305 Y51.695 E64.87573 F3600
G1 E63.37573 F1500  ; retract
G1 X51.695 Y61.305 F9000
G1 E64.87573 F1500  ; un-retract
G1 X50.463 Y62.537 E64.93370 F3600
G1 E63.43370 F1500  ; retract
G1 X60.071 Y50.100 F9000
G1 E64.93370 F1500  ; un-retract
G1 X58.364 Y51.807 E65.01400 F3600
G1 E63.51400 F1500  ; retract
G1 X51.807 Y58.364 F9000
G1 E65.01400 F1500  ; un-retract
G1 X50.100 Y60.071 E65.09429 F3600
G1 E63.59429 F1500  ; retract
G1 X56.762 Y50.581 F9000
G1 E65.09429 F1500  ; un-retract
G1 X50.581 Y56.762 E65.38504 F3600

; layer 13  z=2.650
G1 Z2.650 F1200
G1 E63.88504 F1500  ; retract
G1 X68.225 Y60.647 F9000
G1 E65.38504 F1500  ; un-retract
G1 X68.167 Y61.134 E65.40135 F2400
G1 X68.148 Y61.291 E65.40658 F2400
G1 X68.053 Y61.772 E65.42289 F2400
G1 X68.022 Y61.926 E65.42813 F2400
G1 X67.889 Y62.398 E65.44444 F2400
G1 X67.846 Y62.549 E65.44967 F2400
G1 X67.677 Y63.010 E65.46598 F2400
G1 X67.622 Y63.157 E65.47122 F2400
G1 X67.417 Y63.603 E65.48753 F2400
G1 X67.351 Y63.745 E65.49276 F2400
G1 X67.111 Y64.173 E65.50908 F2400
G1 X67.034 Y64.311 E65.51431 F2400
G1 X66.762 Y64.718 E65.53062 F2400
G1 X66.674 Y64.849 E65.53585 F2400
G1 X66.371 Y65.234 E65.55217 F2400
G1 X66.273 Y65.358 E65.55740 F2400
G1 X65.940 Y65.718 E65.57371 F2400
G1 X65.834 Y65.834 E65.57895 F2400
G1 X65.474 Y66.167 E65.59526 F2400
G1 X65.358 Y66.273 E65.60049 F2400
G1 X64.973 Y66.577 E65.61680 F2400
G1 X64.849 Y66.674 E65.62204 F2400
G1 X64.441 Y66.947 E65.63835 F2400
G1 X64.311 Y67.034 E65.64358 F2400
G1 X63.883 Y67.274 E65.65989 F2400
G1 X63.745 Y67.351 E65.66513 F2400
G1 X63.300 Y67.556 E65.68144 F2400
G1 X63.157 Y67.622 E65.68667 F2400
G1 X62.697 Y67.792 E65.70299 F2400
G1 X62.549 Y67.846 E65.70822 F2400
G1 X62.077 Y67.979 E65.72453 F2400
G1 X61.926 Y68.022 E65.72977 F2400
G1 X61.445 Y68.118 E65.74608 F2400
G1 X61.291 Y68.148 E65.75131 F2400
G1 X60.803 Y68.206 E65.76762 F2400
G1 X60.647 Y68.225 E65.77285 F2400
G1 X60.157 Y68.244 E65.78917 F2400
G1 X60.000 Y68.250 E65.79440 F2400
G1 X59.510 Y68.231 E65.81071 F2400
G1 X59.353 Y68.225 E65.81595 F2400
G1 X58.866 Y68.167 E65.83226 F2400
G1 X58.709 Y68.148 E65.83749 F2400
G1 X58.228 Y68.053 E65.85380 F2400
G1 X58.074 Y68.022 E65.85904 F2400
G1 X57.602 Y67.889 E65.87535 F2400
G1 X57.451 Y67.846 E65.88058 F2400
G1 X56.990 Y67.677 E65.89689 F2400
G1 X56.843 Y67.622 E65.90213 F2400
G1 X56.397 Y67.417 E65.91844 F2400
G1 X56.255 Y67.351 E65.92367 F2400
G1 X55.827 Y67.111 E65.93999 F2400
G1 X55.689 Y67.034 E65.94522 F2400
G1 X55.282 Y66.762 E65.96153 F2400
G1 X55.151 Y66.674 E65.96676 F2400
G1 X54.766 Y66.371 E65.98308 F2400
G1 X54.642 Y66.273 E65.98831 F2400
G1 X54.282 Y65.940 E66.00462 F2400
G1 X54.166 Y65.834 E66.00986 F2400
G1 X53.833 Y65.474 E66.02617 F2400
G1 X53.727 Y65.358 E66.03140 F2400
G1 X53.423 Y64.973 E66.04771 F2400
G1 X53.326 Y64.849 E66.05295 F2400
G1 X53.053 Y64.441 E66.06926 F2400
G1 X52.966 Y64.311 E66.07449 F2400
G1 X52.726 Y63.883 E66.09080 F2400
G1 X52.649 Y63.745 E66.09604 F2400
G1 X52.444 Y63.300 E66.11235 F2400
G1 X52.378 Y63.157 E66.11758 F2400
G1 X52.208 Y62.697 E66.13390 F2400
G1 X52.154 Y62.549 E66.13913 F2400
G1 X52.021 Y62.077 E66.15544 F2400
G1 X51.978 Y61.926 E66.16067 F2400
G1 X51.882 Y61.445 E66.17699 F2400
G1 X51.852 Y61.291 E66.18222 F2400
G1 X51.794 Y60.803 E66.19853 F2400
G1 X51.775 Y60.647 E66.20376 F2400
G1 X51.756 Y60.157 E66.22008 F2400
G1 X51.750 Y60.000 E66.22531 F2400
G1 X51.769 Y59.510 E66.24162 F2400
G1 X51.775 Y59.353 E66.24686 F2400
G1 X51.833 Y58.866 E66.26317 F2400
G1 X51.852 Y58.709 E66.26840 F2400
G1 X51.947 Y58.228 E66.28471 F2400
G1 X51.978 Y58.074 E66.28995 F2400
G1 X52.111 Y57.602 E66.30626 F2400
G1 X52.154 Y57.451 E66.31149 F2400
G1 X52.324 Y56.990 E66.32780 F2400
G1 X52.378 Y56.843 E66.33304 F2400
G1 X52.583 Y56.397 E66.34935 F2400
G1 X52.649 Y56.255 E66.35458 F2400
G1 X52.889 Y55.827 E66.37090 F2400
G1 X52.966 Y55.689 E66.37613 F2400
G1 X53.238 Y55.282 E66.39244 F2400
G1 X53.326 Y55.151 E66.39767 F2400
G1 X53.629 Y54.766 E66.41399 F2400
G1 X53.727 Y54.642 E66.41922 F2400
G1 X54.060 Y54.282 E66.43553 F2400
G1 X54.166 Y54.166 E66.44076 F2400
G1 X54.526 Y53.833 E66.45708 F2400
G1 X54.642 Y53.727 E66.46231 F2400
G1 X55.027 Y53.423 E66.47862 F2400
G1 X55.151 Y53.326 E66.48386 F2400
G1 X55.559 Y53.053 E66.50017 F2400
G1 X55.689 Y52.966 E66.50540 F2400
G1 X56.117 Y52.726 E66.52171 F2400
G1 X56.255 Y52.649 E66.52695 F2400
G1 X56.700 Y52.444 E66.54326 F2400
G1 X56.843 Y52.378 E66.54849 F2400
G1 X57.303 Y52.208 E66.56480 F2400
G1 X57.451 Y52.154 E66.57004 F2400
G1 X57.923 Y52.021 E66.58635 F2400
G1 X58.074 Y51.978 E66.59158 F2400
G1 X58.555 Y51.882 E66.60789 F2400
G1 X58.709 Y51.852 E66.61313 F2400
G1 X59.197 Y51.794 E66.62944 F2400
G1 X59.353 Y51.775 E66.63467 F2400
G1 X59.843 Y51.756 E66.65099 F2400
G1 X60.000 Y51.750 E66.65622 F2400
G1 X60.490 Y51.769 E66.67253 F2400
G1 X60.647 Y51.775 E66.67776 F2400
G1 X61.134 Y51.833 E66.69408 F2400
G1 X61.291 Y51.852 E66.69931 F2400
G1 X61.772 Y51.947 E66.71562 F2400
G1 X61.926 Y51.978 E66.72085 F2400
G1 X62.398 Y52.111 E66.73717 F2400
G1 X62.549 Y52.154 E66.74240 F2400
G1 X63.010 Y52.324 E66.75871 F2400
G1 X63.157 Y52.378 E66.76395 F2400
G1 X63.603 Y52.583 E66.78026 F2400
G1 X63.745 Y52.649 E66.78549 F2400
G1 X64.173 Y52.889 E66.80181 F2400
G1 X64.311 Y52.966 E66.80704 F2400
G1 X64.718 Y53.238 E66.82335 F2400
G1 X64.849 Y53.326 E66.82858 F2400
G1 X65.234 Y53.629 E66.84490 F2400
G1 X65.358 Y53.727 E66.85013 F2400
G1 X65.718 Y54.060 E66.86644 F2400
G1 X65.834 Y54.166 E66.87167 F2400
G1 X66.167 Y54.526 E66.88799 F2400
G1 X66.273 Y54.642 E66.89322 F2400
G1 X66.577 Y55.027 E66.90953 F2400
G1 X66.674 Y55.151 E66.91477 F2400
G1 X66.947 Y55.559 E66.93108 F2400
G1 X67.034 Y55.689 E66.93631 F2400
G1 X67.274 Y56.117 E66.95262 F2400
G1 X67.351 Y56.255 E66.95786 F2400
G1 X67.556 Y56.700 E66.97417 F2400
G1 X67.622 Y56.843 E66.97940 F2400
G1 X67.792 Y57.303 E66.99571 F2400
G1 X67.846 Y57.451 E67.00095 F2400
G1 X67.979 Y57.923 E67.01726 F2400
G1 X68.022 Y58.074 E67.02249 F2400
G1 X68.118 Y58.555 E67.03880 F2400
G1 X68.148 Y58.709 E67.04404 F2400
G1 X68.206 Y59.197 E67.06035 F2400
G1 X68.225 Y59.353 E67.06558 F2400
G1 X68.244 Y59.843 E67.08190 F2400
G1 X68.250 Y60.000 E67.08713 F2400
G1 X68.231 Y60.490 E67.10344 F2400
G1 X68.225 Y60.647 E67.10867 F2400
G1 E65.60867 F1500  ; retract
G1 X70.019 Y60.788 F9000
G1 E67.10867 F1500  ; un-retract
G1 X69.996 Y60.979 E67.11505 F2400
G1 X69.926 Y61.572 E67.13492 F2400
G1 X69.889 Y61.760 E67.14129 F2400
G1 X69.772 Y62.346 E67.16117 F2400
G1 X69.720 Y62.531 E67.16754 F2400
G1 X69.558 Y63.106 E67.18741 F2400
G1 X69.492 Y63.285 E67.19379 F2400
G1 X69.285 Y63.846 E67.21366 F2400
G1 X69.205 Y64.020 E67.22003 F2400
G1 X68.955 Y64.563 E67.23991 F2400
G1 X68.861 Y64.730 E67.24628 F2400
G1 X68.569 Y65.251 E67.26615 F2400
G1 X68.463 Y65.410 E67.27253 F2400
G1 X68.131 Y65.907 E67.29240 F2400
G1 X68.012 Y66.058 E67.29877 F2400
G1 X67.642 Y66.527 E67.31865 F2400
G1 X67.512 Y66.668 E67.32502 F2400
G1 X67.106 Y67.106 E67.34489 F2400
G1 X66.966 Y67.237 E67.35126 F2400
G1 X66.527 Y67.642 E67.37114 F2400
G1 X66.376 Y67.761 E67.37751 F2400
G1 X65.907 Y68.131 E67.39738 F2400
G1 X65.748 Y68.237 E67.40376 F2400
G1 X65.251 Y68.569 E67.42363 F2400
G1 X65.084 Y68.663 E67.43000 F2400
G1 X64.563 Y68.955 E67.44988 F2400
G1 X64.389 Y69.035 E67.45625 F2400
G1 X63.846 Y69.285 E67.47612 F2400
G1 X63.666 Y69.351 E67.48250 F2400
G1 X63.106 Y69.558 E67.50237 F2400
G1 X62.921 Y69.610 E67.50874 F2400
G1 X62.346 Y69.772 E67.52862 F2400
G1 X62.158 Y69.810 E67.53499 F2400
G1 X61.572 Y69.926 E67.55486 F2400
G1 X61.382 Y69.949 E67.56123 F2400
G1 X60.788 Y70.019 E67.58111 F2400
G1 X60.597 Y70.026 E67.58748 F2400
G1 X60.000 Y70.050 E67.60735 F2400
G1 X59.809 Y70.043 E67.61373 F2400
G1 X59.212 Y70.019 E67.63360 F2400
G1 X59.021 Y69.996 E67.63997 F2400
G1 X58.428 Y69.926 E67.65985 F2400
G1 X58.240 Y69.889 E67.66622 F2400
G1 X57.654 Y69.772 E67.68609 F2400
G1 X57.469 Y69.720 E67.69247 F2400
G1 X56.894 Y69.558 E67.71234 F2400
G1 X56.715 Y69.492 E67.71871 F2400
G1 X56.154 Y69.285 E67.73859 F2400
G1 X55.980 Y69.205 E67.74496 F2400
G1 X55.437 Y68.955 E67.76483 F2400
G1 X55.270 Y68.861 E67.77121 F2400
G1 X54.749 Y68.569 E67.79108 F2400
G1 X54.590 Y68.463 E67.79745 F2400
G1 X54.093 Y68.131 E67.81732 F2400
G1 X53.942 Y68.012 E67.82370 F2400
G1 X53.473 Y67.642 E67.84357 F2400
G1 X53.332 Y67.512 E67.84995 F2400
G1 X52.894 Y67.106 E67.86982 F2400
G1 X52.764 Y66.966 E67.87619 F2400
G1 X52.358 Y66.527 E67.89606 F2400
G1 X52.239 Y66.376 E67.90244 F2400
G1 X51.869 Y65.907 E67.92231 F2400
G1 X51.763 Y65.748 E67.92868 F2400
G1 X51.431 Y65.251 E67.94856 F2400
G1 X51.337 Y65.084 E67.95493 F2400
G1 X51.045 Y64.563 E67.97480 F2400
G1 X50.965 Y64.389 E67.98117 F2400
G1 X50.715 Y63.846 E68.00105 F2400
G1 X50.649 Y63.666 E68.00742 F2400
G1 X50.442 Y63.106 E68.02730 F2400
G1 X50.390 Y62.921 E68.03367 F2400
G1 X50.228 Y62.346 E68.05354 F2400
G1 X50.190 Y62.158 E68.05991 F2400
G1 X50.074 Y61.572 E68.07979 F2400
G1 X50.051 Y61.382 E68.08616 F2400
G1 X49.981 Y60.788 E68.10603 F2400
G1 X49.974 Y60.597 E68.11241 F2400
G1 X49.950 Y60.000 E68.13228 F2400
G1 X49.957 Y59.809 E68.13865 F2400
G1 X49.981 Y59.212 E68.15853 F2400
G1 X50.004 Y59.021 E68.16490 F2400
G1 X50.074 Y58.428 E68.18477 F2400
G1 X50.111 Y58.240 E68.19115 F2400
G1 X50.228 Y57.654 E68.21102 F2400
G1 X50.280 Y57.469 E68.21739 F2400
G1 X50.442 Y56.894 E68.23726 F2400
G1 X50.508 Y56.715 E68.24364 F2400
G1 X50.715 Y56.154 E68.26351 F2400
G1 X50.795 Y55.980 E68.26988 F2400
G1 X51.045 Y55.437 E68.28976 F2400
G1 X51.139 Y55.270 E68.29613 F2400
G1 X51.431 Y54.749 E68.31600 F2400
G1 X51.537 Y54.590 E68.32238 F2400
G1 X51.869 Y54.093 E68.34225 F2400
G1 X51.988 Y53.942 E68.34862 F2400
G1 X52.358 Y53.473 E68.36850 F2400
G1 X52.488 Y53.332 E68.37487 F2400
G1 X52.894 Y52.894 E68.39474 F2400
G1 X53.034 Y52.764 E68.40112 F2400
G1 X53.473 Y52.358 E68.42099 F2400
G1 X53.623 Y52.239 E68.42736 F2400
G1 X54.093 Y51.869 E68.44724 F2400
G1 X54.252 Y51.763 E68.45361 F2400
G1 X54.749 Y51.431 E68.47348 F2400
G1 X54.916 Y51.337 E68.47986 F2400
G1 X55.437 Y51.045 E68.49973 F2400
G1 X55.611 Y50.965 E68.50610 F2400
G1 X56.154 Y50.715 E68.52597 F2400
G1 X56.334 Y50.649 E68.53235 F2400
G1 X56.894 Y50.442 E68.55222 F2400
G1 X57.079 Y50.390 E68.55859 F2400
G1 X57.654 Y50.228 E68.57847 F2400
G1 X57.842 Y50.190 E68.58484 F2400
G1 X58.428 Y50.074 E68.60471 F2400
G1 X58.618 Y50.051 E68.61109 F2400
G1 X59.212 Y49.981 E68.63096 F2400
G1 X59.403 Y49.974 E68.63733 F2400
G1 X60.000 Y49.950 E68.65721 F2400
G1 X60.191 Y49.957 E68.66358 F2400
G1 X60.788 Y49.981 E68.68345 F2400
G1 X60.979 Y50.004 E68.68983 F2400
G1 X61.572 Y50.074 E68.70970 F2400
G1 X61.760 Y50.111 E68.71607 F2400
G1 X62.346 Y50.228 E68.73594 F2400
G1 X62.531 Y50.280 E68.74232 F2400
G1 X63.106 Y50.442 E68.76219 F2400
G1 X63.285 Y50.508 E68.76856 F2400
G1 X63.846 Y50.715 E68.78844 F2400
G1 X64.020 Y50.795 E68.79481 F2400
G1 X64.563 Y51.045 E68.81468 F2400
G1 X64.730 Y51.139 E68.82106 F2400
G1 X65.251 Y51.431 E68.84093 F2400
G1 X65.410 Y51.537 E68.84730 F2400
G1 X65.907 Y51.869 E68.86718 F2400
G1 X66.058 Y51.988 E68.87355 F2400
G1 X66.527 Y52.358 E68.89342 F2400
G1 X66.668 Y52.488 E68.89980 F2400
G1 X67.106 Y52.894 E68.91967 F2400
G1 X67.237 Y53.034 E68.92604 F2400
G1 X67.642 Y53.473 E68.94591 F2400
G1 X67.761 Y53.623 E68.95229 F2400
G1 X68.131 Y54.093 E68.97216 F2400
G1 X68.237 Y54.252 E68.97854 F2400
G1 X68.569 Y54.749 E68.99841 F2400
G1 X68.663 Y54.916 E69.00478 F2400
G1 X68.955 Y55.437 E69.02465 F2400
G1 X69.035 Y55.611 E69.03103 F2400
G1 X69.285 Y56.154 E69.05090 F2400
G1 X69.351 Y56.334 E69.05727 F2400
G1 X69.558 Y56.894 E69.07715 F2400
G1 X69.610 Y57.079 E69.08352 F2400
G1 X69.772 Y57.654 E69.10339 F2400
G1 X69.810 Y57.842 E69.10977 F2400
G1 X69.926 Y58.428 E69.12964 F2400
G1 X69.949 Y58.618 E69.13601 F2400
G1 X70.019 Y59.212 E69.15589 F2400
G1 X70.026 Y59.403 E69.16226 F2400
G1 X70.050 Y60.000 E69.18213 F2400
G1 X70.043 Y60.191 E69.18851 F2400
G1 X70.019 Y60.788 E69.20838 F2400
G1 E67.70838 F1500  ; retract
G1 X63.461 Y50.662 F9000
G1 E69.20838 F1500  ; un-retract
G1 X69.338 Y56.539 E69.48482 F3600
G1 E67.98482 F1500  ; retract
G1 X60.065 Y50.094 F9000
G1 E69.48482 F1500  ; un-retract
G1 X61.815 Y51.845 E69.56717 F3600
G1 E68.06717 F1500  ; retract
G1 X68.155 Y58.185 F9000
G1 E69.56717 F1500  ; un-retract
G1 X69.906 Y59.935 E69.64952 F3600
G1 E68.14952 F1500  ; retract
G1 X57.573 Y50.432 F9000
G1 E69.64952 F1500  ; un-retract
G1 X58.822 Y51.680 E69.70824 F3600
G1 E68.20824 F1500  ; retract
G1 X68.320 Y61.178 F9000
G1 E69.70824 F1500  ; un-retract
G1 X69.568 Y62.427 E69.76696 F3600
G1 E68.26696 F1500  ; retract
G1 X55.528 Y51.215 F9000
G1 E69.76696 F1500  ; un-retract
G1 X56.598 Y52.284 E69.81726 F3600
G1 E68.31726 F1500  ; retract
G1 X67.716 Y63.402 F9000
G1 E69.81726 F1500  ; un-retract
G1 X68.785 Y64.472 E69.86756 F3600
G1 E68.36756 F1500  ; retract
G1 X53.821 Y52.336 F9000
G1 E69.86756 F1500  ; un-retract
G1 X54.819 Y53.334 E69.91450 F3600
G1 E68.41450 F1500  ; retract
G1 X66.666 Y65.181 F9000
G1 E69.91450 F1500  ; un-retract
G1 X67.664 Y66.179 E69.96143 F3600
G1 E68.46143 F1500  ; retract
G1 X52.399 Y53.742 F9000
G1 E69.96143 F1500  ; un-retract
G1 X53.397 Y54.740 E70.00837 F3600
G1 E68.50837 F1500  ; retract
G1 X65.260 Y66.603 F9000
G1 E70.00837 F1500  ; un-retract
G1 X66.258 Y67.601 E70.05531 F3600
G1 E68.55531 F1500  ; retract
G1 X51.266 Y55.438 F9000
G1 E70.05531 F1500  ; un-retract
G1 X52.329 Y56.501 E70.10532 F3600
G1 E68.60532 F1500  ; retract
G1 X63.499 Y67.671 F9000
G1 E70.10532 F1500  ; un-retract
G1 X64.562 Y68.734 E70.15533 F3600
G1 E68.65533 F1500  ; retract
G1 X50.463 Y57.463 F9000
G1 E70.15533 F1500  ; un-retract
G1 X51.695 Y58.695 E70.21329 F3600
G1 E68.71329 F1500  ; retract
G1 X61.305 Y68.305 F9000
G1 E70.21329 F1500  ; un-retract
G1 X62.537 Y69.537 E70.27126 F3600
G1 E68.77126 F1500  ; retract
G1 X50.100 Y59.929 F9000
G1 E70.27126 F1500  ; un-retract
G1 X51.807 Y61.636 E70.35155 F3600
G1 E68.85155 F1500  ; retract
G1 X58.364 Y68.193 F9000
G1 E70.35155 F1500  ; un-retract
G1 X60.071 Y69.900 E70.43186 F3600
G1 E68.93186 F1500  ; retract
G1 X50.581 Y63.238 F9000
G1 E70.43186 F1500  ; un-retract
G1 X56.762 Y69.419 E70.72260 F3600

; layer 14  z=2.850
G1 Z2.850 F1200
G1 E69.22260 F1500  ; retract
G1 X68.225 Y60.647 F9000
G1 E70.72260 F1500  ; un-retract
G1 X68.163 Y61.171 E70.74014 F2400
G1 X68.148 Y61.291 E70.74415 F2400
G1 X68.046 Y61.808 E70.76169 F2400
G1 X68.022 Y61.926 E70.76569 F2400
G1 X67.879 Y62.434 E70.78323 F2400
G1 X67.846 Y62.549 E70.78724 F2400
G1 X67.664 Y63.044 E70.80478 F2400
G1 X67.622 Y63.157 E70.80878 F2400
G1 X67.401 Y63.636 E70.82633 F2400
G1 X67.351 Y63.745 E70.83033 F2400
G1 X67.093 Y64.206 E70.84787 F2400
G1 X67.034 Y64.311 E70.85187 F2400
G1 X66.741 Y64.749 E70.86942 F2400
G1 X66.674 Y64.849 E70.87342 F2400
G1 X66.348 Y65.263 E70.89096 F2400
G1 X66.273 Y65.358 E70.89496 F2400
G1 X65.915 Y65.745 E70.91251 F2400
G1 X65.834 Y65.834 E70.91651 F2400
G1 X65.446 Y66.192 E70.93405 F2400
G1 X65.358 Y66.273 E70.93805 F2400
G1 X64.944 Y66.600 E70.95560 F2400
G1 X64.849 Y66.674 E70.95960 F2400
G1 X64.411 Y66.967 E70.97714 F2400
G1 X64.311 Y67.034 E70.98114 F2400
G1 X63.850 Y67.292 E70.99869 F2400
G1 X63.745 Y67.351 E71.00269 F2400
G1 X63.266 Y67.572 E71.02023 F2400
G1 X63.157 Y67.622 E71.02424 F2400
G1 X62.662 Y67.805 E71.04178 F2400
G1 X62.549 Y67.846 E71.04578 F2400
G1 X62.042 Y67.989 E71.06333 F2400
G1 X61.926 Y68.022 E71.06733 F2400
G1 X61.409 Y68.125 E71.08487 F2400
G1 X61.291 Y68.148 E71.08887 F2400
G1 X60.767 Y68.210 E71.10641 F2400
G1 X60.647 Y68.225 E71.11042 F2400
G1 X60.120 Y68.245 E71.12796 F2400
G1 X60.000 Y68.250 E71.13196 F2400
G1 X59.473 Y68.229 E71.14951 F2400
G1 X59.353 Y68.225 E71.15351 F2400
G1 X58.829 Y68.163 E71.17105 F2400
G1 X58.709 Y68.148 E71.17505 F2400
G1 X58.192 Y68.046 E71.19260 F2400
G1 X58.074 Y68.022 E71.19660 F2400
G1 X57.566 Y67.879 E71.21414 F2400
G1 X57.451 Y67.846 E71.21815 F2400
G1 X56.956 Y67.664 E71.23569 F2400
G1 X56.843 Y67.622 E71.23969 F2400
G1 X56.364 Y67.401 E71.25723 F2400
G1 X56.255 Y67.351 E71.26123 F2400
G1 X55.794 Y67.093 E71.27878 F2400
G1 X55.689 Y67.034 E71.28278 F2400
G1 X55.251 Y66.741 E71.30033 F2400
G1 X55.151 Y66.674 E71.30433 F2400
G1 X54.736 Y66.348 E71.32187 F2400
G1 X54.642 Y66.273 E71.32587 F2400
G1 X54.255 Y65.915 E71.34342 F2400
G1 X54.166 Y65.834 E71.34742 F2400
G1 X53.808 Y65.446 E71.36496 F2400
G1 X53.727 Y65.358 E71.36896 F2400
G1 X53.400 Y64.944 E71.38651 F2400
G1 X53.326 Y64.849 E71.39051 F2400
G1 X53.033 Y64.411 E71.40805 F2400
G1 X52.966 Y64.311 E71.41205 F2400
G1 X52.708 Y63.850 E71.42960 F2400
G1 X52.649 Y63.745 E71.43360 F2400
G1 X52.428 Y63.266 E71.45114 F2400
G1 X52.378 Y63.157 E71.45515 F2400
G1 X52.195 Y62.662 E71.47269 F2400
G1 X52.154 Y62.549 E71.47669 F2400
G1 X52.011 Y62.042 E71.49423 F2400
G1 X51.978 Y61.926 E71.49824 F2400
G1 X51.875 Y61.409 E71.51578 F2400
G1 X51.852 Y61.291 E71.51978 F2400
G1 X51.790 Y60.767 E71.53732 F2400
G1 X51.775 Y60.647 E71.54133 F2400
G1 X51.755 Y60.120 E71.55887 F2400
G1 X51.750 Y60.000 E71.56287 F2400
G1 X51.771 Y59.473 E71.58042 F2400
G1 X51.775 Y59.353 E71.58442 F2400
G1 X51.837 Y58.829 E71.60196 F2400
G1 X51.852 Y58.709 E71.60596 F2400
G1 X51.954 Y58.192 E71.62351 F2400
G1 X51.978 Y58.074 E71.62751 F2400
G1 X52.121 Y57.566 E71.64505 F2400
G1 X52.154 Y57.451 E71.64905 F2400
G1 X52.336 Y56.956 E71.66660 F2400
G1 X52.378 Y56.843 E71.67060 F2400
G1 X52.599 Y56.364 E71.68814 F2400
G1 X52.649 Y56.255 E71.69214 F2400
G1 X52.907 Y55.794 E71.70969 F2400
G1 X52.966 Y55.689 E71.71369 F2400
G1 X53.259 Y55.251 E71.73123 F2400
G1 X53.326 Y55.151 E71.73523 F2400
G1 X53.652 Y54.736 E71.75278 F2400
G1 X53.727 Y54.642 E71.75678 F2400
G1 X54.085 Y54.255 E71.77433 F2400
G1 X54.166 Y54.166 E71.77833 F2400
G1 X54.554 Y53.808 E71.79587 F2400
G1 X54.642 Y53.727 E71.79987 F2400
G1 X55.056 Y53.400 E71.81742 F2400
G1 X55.151 Y53.326 E71.82142 F2400
G1 X55.589 Y53.033 E71.83896 F2400
G1 X55.689 Y52.966 E71.84296 F2400
G1 X56.150 Y52.708 E71.86051 F2400
G1 X56.255 Y52.649 E71.86451 F2400
G1 X56.734 Y52.428 E71.88205 F2400
G1 X56.843 Y52.378 E71.88605 F2400
G1 X57.338 Y52.195 E71.90360 F2400
G1 X57.451 Y52.154 E71.90760 F2400
G1 X57.958 Y52.011 E71.92514 F2400
G1 X58.074 Y51.978 E71.92915 F2400
G1 X58.591 Y51.875 E71.94669 F2400
G1 X58.709 Y51.852 E71.95069 F2400
G1 X59.233 Y51.790 E71.96823 F2400
G1 X59.353 Y51.775 E71.97224 F2400
G1 X59.880 Y51.755 E71.98978 F2400
G1 X60.000 Y51.750 E71.99378 F2400
G1 X60.527 Y51.771 E72.01133 F2400
G1 X60.647 Y51.775 E72.01533 F2400
G1 X61.171 Y51.837 E72.03287 F2400
G1 X61.291 Y51.852 E72.03687 F2400
G1 X61.808 Y51.954 E72.05442 F2400
G1 X61.926 Y51.978 E72.05842 F2400
G1 X62.434 Y52.121 E72.07596 F2400
G1 X62.549 Y52.154 E72.07996 F2400
G1 X63.044 Y52.336 E72.09751 F2400
G1 X63.157 Y52.378 E72.10151 F2400
G1 X63.636 Y52.599 E72.11905 F2400
G1 X63.745 Y52.649 E72.12305 F2400
G1 X64.206 Y52.907 E72.14060 F2400
G1 X64.311 Y52.966 E72.14460 F2400
G1 X64.749 Y53.259 E72.16214 F2400
G1 X64.849 Y53.326 E72.16614 F2400
G1 X65.263 Y53.652 E72.18369 F2400
G1 X65.358 Y53.727 E72.18769 F2400
G1 X65.745 Y54.085 E72.20523 F2400
G1 X65.834 Y54.166 E72.20924 F2400
G1 X66.192 Y54.554 E72.22678 F2400
G1 X66.273 Y54.642 E72.23078 F2400
G1 X66.600 Y55.056 E72.24832 F2400
G1 X66.674 Y55.151 E72.25233 F2400
G1 X66.967 Y55.589 E72.26987 F2400
G1 X67.034 Y55.689 E72.27387 F2400
G1 X67.292 Y56.150 E72.29142 F2400
G1 X67.351 Y56.255 E72.29542 F2400
G1 X67.572 Y56.734 E72.31296 F2400
G1 X67.622 Y56.843 E72.31696 F2400
G1 X67.805 Y57.338 E72.33451 F2400
G1 X67.846 Y57.451 E72.33851 F2400
G1 X67.989 Y57.958 E72.35605 F2400
G1 X68.022 Y58.074 E72.36005 F2400
G1 X68.125 Y58.591 E72.37760 F2400
G1 X68.148 Y58.709 E72.38160 F2400
G1 X68.210 Y59.233 E72.39914 F2400
G1 X68.225 Y59.353 E72.40314 F2400
G1 X68.245 Y59.880 E72.42069 F2400
G1 X68.250 Y60.000 E72.42469 F2400
G1 X68.229 Y60.527 E72.44224 F2400
G1 X68.225 Y60.647 E72.44624 F2400
G1 E70.94624 F1500  ; retract
G1 X70.019 Y60.788 F9000
G1 E72.44624 F1500  ; un-retract
G1 X70.002 Y60.934 E72.45111 F2400
G1 X69.926 Y61.572 E72.47248 F2400
G1 X69.898 Y61.716 E72.47736 F2400
G1 X69.772 Y62.346 E72.49873 F2400
G1 X69.733 Y62.487 E72.50360 F2400
G1 X69.558 Y63.106 E72.52497 F2400
G1 X69.507 Y63.243 E72.52985 F2400
G1 X69.285 Y63.846 E72.55122 F2400
G1 X69.224 Y63.979 E72.55610 F2400
G1 X68.955 Y64.563 E72.57747 F2400
G1 X68.883 Y64.691 E72.58234 F2400
G1 X68.569 Y65.251 E72.60371 F2400
G1 X68.488 Y65.373 E72.60859 F2400
G1 X68.131 Y65.907 E72.62996 F2400
G1 X68.040 Y66.022 E72.63483 F2400
G1 X67.642 Y66.527 E72.65621 F2400
G1 X67.543 Y66.635 E72.66108 F2400
G1 X67.106 Y67.106 E72.68245 F2400
G1 X66.999 Y67.206 E72.68733 F2400
G1 X66.527 Y67.642 E72.70870 F2400
G1 X66.412 Y67.733 E72.71357 F2400
G1 X65.907 Y68.131 E72.73495 F2400
G1 X65.785 Y68.212 E72.73982 F2400
G1 X65.251 Y68.569 E72.76119 F2400
G1 X65.123 Y68.641 E72.76607 F2400
G1 X64.563 Y68.955 E72.78744 F2400
G1 X64.430 Y69.016 E72.79231 F2400
G1 X63.846 Y69.285 E72.81368 F2400
G1 X63.709 Y69.336 E72.81856 F2400
G1 X63.106 Y69.558 E72.83993 F2400
G1 X62.965 Y69.598 E72.84480 F2400
G1 X62.346 Y69.772 E72.86618 F2400
G1 X62.202 Y69.801 E72.87105 F2400
G1 X61.572 Y69.926 E72.89242 F2400
G1 X61.427 Y69.944 E72.89730 F2400
G1 X60.788 Y70.019 E72.91867 F2400
G1 X60.642 Y70.025 E72.92354 F2400
G1 X60.000 Y70.050 E72.94492 F2400
G1 X59.854 Y70.044 E72.94979 F2400
G1 X59.212 Y70.019 E72.97116 F2400
G1 X59.066 Y70.002 E72.97603 F2400
G1 X58.428 Y69.926 E72.99741 F2400
G1 X58.284 Y69.898 E73.00228 F2400
G1 X57.654 Y69.772 E73.02365 F2400
G1 X57.513 Y69.733 E73.02853 F2400
G1 X56.894 Y69.558 E73.04990 F2400
G1 X56.757 Y69.507 E73.05477 F2400
G1 X56.154 Y69.285 E73.07615 F2400
G1 X56.021 Y69.224 E73.08102 F2400
G1 X55.437 Y68.955 E73.10239 F2400
G1 X55.309 Y68.883 E73.10727 F2400
G1 X54.749 Y68.569 E73.12864 F2400
G1 X54.627 Y68.488 E73.13352 F2400
G1 X54.093 Y68.131 E73.15489 F2400
G1 X53.978 Y68.040 E73.15976 F2400
G1 X53.473 Y67.642 E73.18113 F2400
G1 X53.365 Y67.543 E73.18601 F2400
G1 X52.894 Y67.106 E73.20738 F2400
G1 X52.794 Y66.999 E73.21225 F2400
G1 X52.358 Y66.527 E73.23362 F2400
G1 X52.267 Y66.412 E73.23850 F2400
G1 X51.869 Y65.907 E73.25987 F2400
G1 X51.788 Y65.785 E73.26474 F2400
G1 X51.431 Y65.251 E73.28612 F2400
G1 X51.359 Y65.123 E73.29099 F2400
G1 X51.045 Y64.563 E73.31236 F2400
G1 X50.984 Y64.430 E73.31724 F2400
G1 X50.715 Y63.846 E73.33861 F2400
G1 X50.664 Y63.709 E73.34348 F2400
G1 X50.442 Y63.106 E73.36486 F2400
G1 X50.402 Y62.965 E73.36973 F2400
G1 X50.228 Y62.346 E73.39110 F2400
G1 X50.199 Y62.202 E73.39598 F2400
G1 X50.074 Y61.572 E73.41735 F2400
G1 X50.056 Y61.427 E73.42222 F2400
G1 X49.981 Y60.788 E73.44360 F2400
G1 X49.975 Y60.642 E73.44847 F2400
G1 X49.950 Y60.000 E73.46984 F2400
G1 X49.956 Y59.854 E73.47472 F2400
G1 X49.981 Y59.212 E73.49609 F2400
G1 X49.998 Y59.066 E73.50096 F2400
G1 X50.074 Y58.428 E73.52234 F2400
G1 X50.102 Y58.284 E73.52721 F2400
G1 X50.228 Y57.654 E73.54858 F2400
G1 X50.267 Y57.513 E73.55346 F2400
G1 X50.442 Y56.894 E73.57483 F2400
G1 X50.493 Y56.757 E73.57970 F2400
G1 X50.715 Y56.154 E73.60107 F2400
G1 X50.776 Y56.021 E73.60595 F2400
G1 X51.045 Y55.437 E73.62732 F2400
G1 X51.117 Y55.309 E73.63220 F2400
G1 X51.431 Y54.749 E73.65357 F2400
G1 X51.512 Y54.627 E73.65844 F2400
G1 X51.869 Y54.093 E73.67981 F2400
G1 X51.960 Y53.978 E73.68469 F2400
G1 X52.358 Y53.473 E73.70606 F2400
G1 X52.457 Y53.365 E73.71093 F2400
G1 X52.894 Y52.894 E73.73230 F2400
G1 X53.001 Y52.794 E73.73718 F2400
G1 X53.473 Y52.358 E73.75855 F2400
G1 X53.588 Y52.267 E73.76342 F2400
G1 X54.093 Y51.869 E73.78480 F2400
G1 X54.215 Y51.788 E73.78967 F2400
G1 X54.749 Y51.431 E73.81104 F2400
G1 X54.877 Y51.359 E73.81592 F2400
G1 X55.437 Y51.045 E73.83729 F2400
G1 X55.571 Y50.984 E73.84217 F2400
G1 X56.154 Y50.715 E73.86354 F2400
G1 X56.291 Y50.664 E73.86841 F2400
G1 X56.894 Y50.442 E73.88978 F2400
G1 X57.035 Y50.402 E73.89466 F2400
G1 X57.654 Y50.228 E73.91603 F2400
G1 X57.798 Y50.199 E73.92090 F2400
G1 X58.428 Y50.074 E73.94227 F2400
G1 X58.573 Y50.056 E73.94715 F2400
G1 X59.212 Y49.981 E73.96852 F2400
G1 X59.358 Y49.975 E73.97340 F2400
G1 X60.000 Y49.950 E73.99477 F2400
G1 X60.146 Y49.956 E73.99964 F2400
G1 X60.788 Y49.981 E74.02101 F2400
G1 X60.934 Y49.998 E74.02589 F2400
G1 X61.572 Y50.074 E74.04726 F2400
G1 X61.716 Y50.102 E74.05213 F2400
G1 X62.346 Y50.228 E74.07351 F2400
G1 X62.487 Y50.267 E74.07838 F2400
G1 X63.106 Y50.442 E74.09975 F2400
G1 X63.243 Y50.493 E74.10463 F2400
G1 X63.846 Y50.715 E74.12600 F2400
G1 X63.979 Y50.776 E74.13088 F2400
G1 X64.563 Y51.045 E74.15225 F2400
G1 X64.691 Y51.117 E74.15712 F2400
G1 X65.251 Y51.431 E74.17849 F2400
G1 X65.373 Y51.512 E74.18337 F2400
G1 X65.907 Y51.869 E74.20474 F2400
G1 X66.022 Y51.960 E74.20961 F2400
G1 X66.527 Y52.358 E74.23099 F2400
G1 X66.635 Y52.457 E74.23586 F2400
G1 X67.106 Y52.894 E74.25723 F2400
G1 X67.206 Y53.001 E74.26211 F2400
G1 X67.642 Y53.473 E74.28348 F2400
G1 X67.733 Y53.588 E74.28835 F2400
G1 X68.131 Y54.093 E74.30972 F2400
G1 X68.212 Y54.215 E74.31460 F2400
G1 X68.569 Y54.749 E74.33597 F2400
G1 X68.641 Y54.877 E74.34084 F2400
G1 X68.955 Y55.437 E74.36222 F2400
G1 X69.016 Y55.571 E74.36709 F2400
G1 X69.285 Y56.154 E74.38846 F2400
G1 X69.336 Y56.291 E74.39334 F2400
G1 X69.558 Y56.894 E74.41471 F2400
G1 X69.598 Y57.035 E74.41958 F2400
G1 X69.772 Y57.654 E74.44096 F2400
G1 X69.801 Y57.798 E74.44583 F2400
G1 X69.926 Y58.428 E74.46720 F2400
G1 X69.944 Y58.573 E74.47208 F2400
G1 X70.019 Y59.212 E74.49345 F2400
G1 X70.025 Y59.358 E74.49832 F2400
G1 X70.050 Y60.000 E74.51969 F2400
G1 X70.044 Y60.146 E74.52457 F2400
G1 X70.019 Y60.788 E74.54594 F2400
G1 E73.04594 F1500  ; retract
G1 X69.338 Y63.461 F9000
G1 E74.54594 F1500  ; un-retract
G1 X63.461 Y69.338 E74.82238 F3600
G1 E73.32238 F1500  ; retract
G1 X69.906 Y60.065 F9000
G1 E74.82238 F1500  ; un-retract
G1 X68.155 Y61.815 E74.90473 F3600
G1 E73.40473 F1500  ; retract
G1 X61.815 Y68.155 F9000
G1 E74.90473 F1500  ; un-retract
G1 X60.065 Y69.906 E74.98708 F3600
G1 E73.48708 F1500  ; retract
G1 X69.568 Y57.573 F9000
G1 E74.98708 F1500  ; un-retract
G1 X68.320 Y58.822 E75.04580 F3600
G1 E73.54580 F1500  ; retract
G1 X58.822 Y68.320 F9000
G1 E75.04580 F1500  ; un-retract
G1 X57.573 Y69.568 E75.10452 F3600
G1 E73.60452 F1500  ; retract
G1 X68.785 Y55.528 F9000
G1 E75.10452 F1500  ; un-retract
G1 X67.716 Y56.598 E75.15482 F3600
G1 E73.65482 F1500  ; retract
G1 X56.598 Y67.716 F9000
G1 E75.15482 F1500  ; un-retract
G1 X55.528 Y68.785 E75.20512 F3600
G1 E73.70512 F1500  ; retract
G1 X67.664 Y53.821 F9000
G1 E75.20512 F1500  ; un-retract
G1 X66.666 Y54.819 E75.25206 F3600
G1 E73.75206 F1500  ; retract
G1 X54.819 Y66.666 F9000
G1 E75.25206 F1500  ; un-retract
G1 X53.821 Y67.664 E75.29899 F3600
G1 E73.79899 F1500  ; retract
G1 X66.258 Y52.399 F9000
G1 E75.29899 F1500  ; un-retract
G1 X65.260 Y53.396 E75.34593 F3600
G1 E73.84593 F1500  ; retract
G1 X53.397 Y65.260 F9000
G1 E75.34593 F1500  ; un-retract
G1 X52.399 Y66.258 E75.39287 F3600
G1 E73.89287 F1500  ; retract
G1 X64.562 Y51.266 F9000
G1 E75.39287 F1500  ; un-retract
G1 X63.499 Y52.329 E75.44288 F3600
G1 E73.94288 F1500  ; retract
G1 X52.329 Y63.499 F9000
G1 E75.44288 F1500  ; un-retract
G1 X51.266 Y64.562 E75.49289 F3600
G1 E73.99289 F1500  ; retract
G1 X62.537 Y50.463 F9000
G1 E75.49289 F1500  ; un-retract
G1 X61.305 Y51.695 E75.55085 F3600
G1 E74.05085 F1500  ; retract
G1 X51.695 Y61.305 F9000
G1 E75.55085 F1500  ; un-retract
G1 X50.463 Y62.537 E75.60881 F3600
G1 E74.10881 F1500  ; retract
G1 X60.071 Y50.100 F9000
G1 E75.60881 F1500  ; un-retract
G1 X58.364 Y51.807 E75.68911 F3600
G1 E74.18911 F1500  ; retract
G1 X51.807 Y58.364 F9000
G1 E75.68911 F1500  ; un-retract
G1 X50.100 Y60.071 E75.76941 F3600
G1 E74.26941 F1500  ; retract
G1 X56.762 Y50.581 F9000
G1 E75.76941 F1500  ; un-retract
G1 X50.581 Y56.762 E76.06015 F3600

; layer 15  z=3.050
G1 Z3.050 F1200
G1 E74.56015 F1500  ; retract
G1 X68.225 Y60.647 F9000
G1 E76.06015 F1500  ; un-retract
G1 X68.158 Y61.208 E76.07893 F2400
G1 X68.148 Y61.291 E76.08170 F2400
G1 X68.038 Y61.844 E76.10047 F2400
G1 X68.022 Y61.926 E76.10324 F2400
G1 X67.869 Y62.469 E76.12202 F2400
G1 X67.846 Y62.549 E76.12479 F2400
G1 X67.651 Y63.079 E76.14356 F2400
G1 X67.622 Y63.157 E76.14633 F2400
G1 X67.386 Y63.670 E76.16511 F2400
G1 X67.351 Y63.745 E76.16788 F2400
G1 X67.075 Y64.238 E76.18665 F2400
G1 X67.034 Y64.311 E76.18942 F2400
G1 X66.721 Y64.780 E76.20820 F2400
G1 X66.674 Y64.849 E76.21097 F2400
G1 X66.325 Y65.293 E76.22974 F2400
G1 X66.273 Y65.358 E76.23251 F2400
G1 X65.890 Y65.772 E76.25129 F2400
G1 X65.834 Y65.834 E76.25406 F2400
G1 X65.419 Y66.217 E76.27283 F2400
G1 X65.358 Y66.273 E76.27561 F2400
G1 X64.915 Y66.623 E76.29438 F2400
G1 X64.849 Y66.674 E76.29715 F2400
G1 X64.380 Y66.988 E76.31592 F2400
G1 X64.311 Y67.034 E76.31870 F2400
G1 X63.818 Y67.310 E76.33747 F2400
G1 X63.745 Y67.351 E76.34024 F2400
G1 X63.233 Y67.587 E76.35902 F2400
G1 X63.157 Y67.622 E76.36179 F2400
G1 X62.627 Y67.817 E76.38056 F2400
G1 X62.549 Y67.846 E76.38333 F2400
G1 X62.006 Y67.999 E76.40211 F2400
G1 X61.926 Y68.022 E76.40488 F2400
G1 X61.372 Y68.132 E76.42365 F2400
G1 X61.291 Y68.148 E76.42642 F2400
G1 X60.730 Y68.215 E76.44520 F2400
G1 X60.647 Y68.225 E76.44797 F2400
G1 X60.083 Y68.247 E76.46674 F2400
G1 X60.000 Y68.250 E76.46951 F2400
G1 X59.436 Y68.228 E76.48829 F2400
G1 X59.353 Y68.225 E76.49106 F2400
G1 X58.792 Y68.158 E76.50984 F2400
G1 X58.709 Y68.148 E76.51261 F2400
G1 X58.156 Y68.038 E76.53138 F2400
G1 X58.074 Y68.022 E76.53415 F2400
G1 X57.531 Y67.869 E76.55293 F2400
G1 X57.451 Y67.846 E76.55570 F2400
G1 X56.921 Y67.651 E76.57447 F2400
G1 X56.843 Y67.622 E76.57724 F2400
G1 X56.330 Y67.386 E76.59602 F2400
G1 X56.255 Y67.351 E76.59879 F2400
G1 X55.762 Y67.075 E76.61756 F2400
G1 X55.689 Y67.034 E76.62033 F2400
G1 X55.220 Y66.721 E76.63911 F2400
G1 X55.151 Y66.674 E76.64188 F2400
G1 X54.707 Y66.325 E76.66065 F2400
G1 X54.642 Y66.273 E76.66342 F2400
G1 X54.227 Y65.890 E76.68220 F2400
G1 X54.166 Y65.834 E76.68497 F2400
G1 X53.783 Y65.419 E76.70374 F2400
G1 X53.727 Y65.358 E76.70651 F2400
G1 X53.377 Y64.915 E76.72529 F2400
G1 X53.326 Y64.849 E76.72806 F2400
G1 X53.012 Y64.380 E76.74683 F2400
G1 X52.966 Y64.311 E76.74961 F2400
G1 X52.690 Y63.818 E76.76838 F2400
G1 X52.649 Y63.745 E76.77115 F2400
G1 X52.413 Y63.233 E76.78992 F2400
G1 X52.378 Y63.157 E76.79270 F2400
G1 X52.183 Y62.627 E76.81147 F2400
G1 X52.154 Y62.549 E76.81424 F2400
G1 X52.001 Y62.006 E76.83302 F2400
G1 X51.978 Y61.926 E76.83579 F2400
G1 X51.868 Y61.372 E76.85456 F2400
G1 X51.852 Y61.291 E76.85733 F2400
G1 X51.785 Y60.730 E76.87611 F2400
G1 X51.775 Y60.647 E76.87888 F2400
G1 X51.753 Y60.083 E76.89765 F2400
G1 X51.750 Y60.000 E76.90042 F2400
G1 X51.772 Y59.436 E76.91920 F2400
G1 X51.775 Y59.353 E76.92197 F2400
G1 X51.842 Y58.792 E76.94075 F2400
G1 X51.852 Y58.709 E76.94352 F2400
G1 X51.962 Y58.156 E76.96229 F2400
G1 X51.978 Y58.074 E76.96506 F2400
G1 X52.131 Y57.531 E76.98383 F2400
G1 X52.154 Y57.451 E76.98661 F2400
G1 X52.349 Y56.921 E77.00538 F2400
G1 X52.378 Y56.843 E77.00815 F2400
G1 X52.614 Y56.330 E77.02693 F2400
G1 X52.649 Y56.255 E77.02970 F2400
G1 X52.925 Y55.762 E77.04847 F2400
G1 X52.966 Y55.689 E77.05124 F2400
G1 X53.279 Y55.220 E77.07002 F2400
G1 X53.326 Y55.151 E77.07279 F2400
G1 X53.675 Y54.707 E77.09156 F2400
G1 X53.727 Y54.642 E77.09433 F2400
G1 X54.110 Y54.227 E77.11311 F2400
G1 X54.166 Y54.166 E77.11588 F2400
G1 X54.581 Y53.783 E77.13465 F2400
G1 X54.642 Y53.727 E77.13742 F2400
G1 X55.085 Y53.377 E77.15620 F2400
G1 X55.151 Y53.326 E77.15897 F2400
G1 X55.620 Y53.012 E77.17774 F2400
G1 X55.689 Y52.966 E77.18051 F2400
G1 X56.182 Y52.690 E77.19929 F2400
G1 X56.255 Y52.649 E77.20206 F2400
G1 X56.767 Y52.413 E77.22083 F2400
G1 X56.843 Y52.378 E77.22361 F2400
G1 X57.373 Y52.183 E77.24238 F2400
G1 X57.451 Y52.154 E77.24515 F2400
G1 X57.994 Y52.001 E77.26393 F2400
G1 X58.074 Y51.978 E77.26670 F2400
G1 X58.628 Y51.868 E77.28547 F2400
G1 X58.709 Y51.852 E77.28824 F2400
G1 X59.270 Y51.785 E77.30702 F2400
G1 X59.353 Y51.775 E77.30979 F2400
G1 X59.917 Y51.753 E77.32856 F2400
G1 X60.000 Y51.750 E77.33133 F2400
G1 X60.564 Y51.772 E77.35011 F2400
G1 X60.647 Y51.775 E77.35288 F2400
G1 X61.208 Y51.842 E77.37165 F2400
G1 X61.291 Y51.852 E77.37442 F2400
G1 X61.844 Y51.962 E77.39320 F2400
G1 X61.926 Y51.978 E77.39597 F2400
G1 X62.469 Y52.131 E77.41474 F2400
G1 X62.549 Y52.154 E77.41752 F2400
G1 X63.079 Y52.349 E77.43629 F2400
G1 X63.157 Y52.378 E77.43906 F2400
G1 X63.670 Y52.614 E77.45784 F2400
G1 X63.745 Y52.649 E77.46061 F2400
G1 X64.238 Y52.925 E77.47938 F2400
G1 X64.311 Y52.966 E77.48215 F2400
G1 X64.780 Y53.279 E77.50093 F2400
G1 X64.849 Y53.326 E77.50370 F2400
G1 X65.293 Y53.675 E77.52247 F2400
G1 X65.358 Y53.727 E77.52524 F2400
G1 X65.772 Y54.110 E77.54402 F2400
G1 X65.834 Y54.166 E77.54679 F2400
G1 X66.217 Y54.581 E77.56556 F2400
G1 X66.273 Y54.642 E77.56833 F2400
G1 X66.623 Y55.085 E77.58711 F2400
G1 X66.674 Y55.151 E77.58988 F2400
G1 X66.988 Y55.620 E77.60865 F2400
G1 X67.034 Y55.689 E77.61142 F2400
G1 X67.310 Y56.182 E77.63020 F2400
G1 X67.351 Y56.255 E77.63297 F2400
G1 X67.587 Y56.767 E77.65174 F2400
G1 X67.622 Y56.843 E77.65452 F2400
G1 X67.817 Y57.373 E77.67329 F2400
G1 X67.846 Y57.451 E77.67606 F2400
G1 X67.999 Y57.994 E77.69483 F2400
G1 X68.022 Y58.074 E77.69761 F2400
G1 X68.132 Y58.628 E77.71638 F2400
G1 X68.148 Y58.709 E77.71915 F2400
G1 X68.215 Y59.270 E77.73793 F2400
G1 X68.225 Y59.353 E77.74070 F2400
G1 X68.247 Y59.917 E77.75947 F2400
G1 X68.250 Y60.000 E77.76224 F2400
G1 X68.228 Y60.564 E77.78102 F2400
G1 X68.225 Y60.647 E77.78379 F2400
G1 E76.28379 F1500  ; retract
G1 X70.019 Y60.788 F9000
G1 E77.78379 F1500  ; un-retract
G1 X70.007 Y60.889 E77.78716 F2400
G1 X69.926 Y61.572 E77.81004 F2400
G1 X69.906 Y61.672 E77.81341 F2400
G1 X69.772 Y62.346 E77.83628 F2400
G1 X69.745 Y62.444 E77.83966 F2400
G1 X69.558 Y63.106 E77.86253 F2400
G1 X69.523 Y63.201 E77.86590 F2400
G1 X69.285 Y63.846 E77.88877 F2400
G1 X69.243 Y63.938 E77.89215 F2400
G1 X68.955 Y64.563 E77.91502 F2400
G1 X68.905 Y64.651 E77.91839 F2400
G1 X68.569 Y65.251 E77.94127 F2400
G1 X68.513 Y65.335 E77.94464 F2400
G1 X68.131 Y65.907 E77.96751 F2400
G1 X68.068 Y65.987 E77.97089 F2400
G1 X67.642 Y66.527 E77.99376 F2400
G1 X67.573 Y66.602 E77.99713 F2400
G1 X67.106 Y67.106 E78.02000 F2400
G1 X67.032 Y67.175 E78.02338 F2400
G1 X66.527 Y67.642 E78.04625 F2400
G1 X66.447 Y67.705 E78.04963 F2400
G1 X65.907 Y68.131 E78.07250 F2400
G1 X65.823 Y68.187 E78.07587 F2400
G1 X65.251 Y68.569 E78.09874 F2400
G1 X65.163 Y68.619 E78.10212 F2400
G1 X64.563 Y68.955 E78.12499 F2400
G1 X64.471 Y68.997 E78.12836 F2400
G1 X63.846 Y69.285 E78.15124 F2400
G1 X63.751 Y69.320 E78.15461 F2400
G1 X63.106 Y69.558 E78.17748 F2400
G1 X63.008 Y69.586 E78.18086 F2400
G1 X62.346 Y69.772 E78.20373 F2400
G1 X62.247 Y69.792 E78.20710 F2400
G1 X61.572 Y69.926 E78.22997 F2400
G1 X61.471 Y69.938 E78.23335 F2400
G1 X60.788 Y70.019 E78.25622 F2400
G1 X60.687 Y70.023 E78.25960 F2400
G1 X60.000 Y70.050 E78.28247 F2400
G1 X59.899 Y70.046 E78.28584 F2400
G1 X59.212 Y70.019 E78.30871 F2400
G1 X59.111 Y70.007 E78.31209 F2400
G1 X58.428 Y69.926 E78.33496 F2400
G1 X58.328 Y69.906 E78.33834 F2400
G1 X57.654 Y69.772 E78.36121 F2400
G1 X57.556 Y69.745 E78.36458 F2400
G1 X56.894 Y69.558 E78.38745 F2400
G1 X56.799 Y69.523 E78.39083 F2400
G1 X56.154 Y69.285 E78.41370 F2400
G1 X56.062 Y69.243 E78.41707 F2400
G1 X55.437 Y68.955 E78.43995 F2400
G1 X55.349 Y68.905 E78.44332 F2400
G1 X54.749 Y68.569 E78.46619 F2400
G1 X54.665 Y68.513 E78.46957 F2400
G1 X54.093 Y68.131 E78.49244 F2400
G1 X54.013 Y68.068 E78.49581 F2400
G1 X53.473 Y67.642 E78.51869 F2400
G1 X53.398 Y67.573 E78.52206 F2400
G1 X52.894 Y67.106 E78.54493 F2400
G1 X52.825 Y67.032 E78.54831 F2400
G1 X52.358 Y66.527 E78.57118 F2400
G1 X52.295 Y66.447 E78.57455 F2400
G1 X51.869 Y65.907 E78.59742 F2400
G1 X51.813 Y65.823 E78.60080 F2400
G1 X51.431 Y65.251 E78.62367 F2400
G1 X51.381 Y65.163 E78.62704 F2400
G1 X51.045 Y64.563 E78.64992 F2400
G1 X51.003 Y64.471 E78.65329 F2400
G1 X50.715 Y63.846 E78.67616 F2400
G1 X50.680 Y63.751 E78.67954 F2400
G1 X50.442 Y63.106 E78.70241 F2400
G1 X50.414 Y63.008 E78.70578 F2400
G1 X50.228 Y62.346 E78.72866 F2400
G1 X50.208 Y62.247 E78.73203 F2400
G1 X50.074 Y61.572 E78.75490 F2400
G1 X50.062 Y61.471 E78.75828 F2400
G1 X49.981 Y60.788 E78.78115 F2400
G1 X49.977 Y60.687 E78.78452 F2400
G1 X49.950 Y60.000 E78.80739 F2400
G1 X49.954 Y59.899 E78.81077 F2400
G1 X49.981 Y59.212 E78.83364 F2400
G1 X49.993 Y59.111 E78.83702 F2400
G1 X50.074 Y58.428 E78.85989 F2400
G1 X50.093 Y58.328 E78.86326 F2400
G1 X50.228 Y57.654 E78.88613 F2400
G1 X50.255 Y57.556 E78.88951 F2400
G1 X50.442 Y56.894 E78.91238 F2400
G1 X50.477 Y56.799 E78.91575 F2400
G1 X50.715 Y56.154 E78.93863 F2400
G1 X50.758 Y56.062 E78.94200 F2400
G1 X51.045 Y55.437 E78.96487 F2400
G1 X51.095 Y55.349 E78.96825 F2400
G1 X51.431 Y54.749 E78.99112 F2400
G1 X51.487 Y54.665 E78.99449 F2400
G1 X51.869 Y54.093 E79.01736 F2400
G1 X51.932 Y54.013 E79.02074 F2400
G1 X52.358 Y53.473 E79.04361 F2400
G1 X52.427 Y53.398 E79.04699 F2400
G1 X52.894 Y52.894 E79.06986 F2400
G1 X52.968 Y52.825 E79.07323 F2400
G1 X53.473 Y52.358 E79.09610 F2400
G1 X53.553 Y52.295 E79.09948 F2400
G1 X54.093 Y51.869 E79.12235 F2400
G1 X54.177 Y51.813 E79.12572 F2400
G1 X54.749 Y51.431 E79.14860 F2400
G1 X54.837 Y51.381 E79.15197 F2400
G1 X55.437 Y51.045 E79.17484 F2400
G1 X55.529 Y51.003 E79.17822 F2400
G1 X56.154 Y50.715 E79.20109 F2400
G1 X56.249 Y50.680 E79.20446 F2400
G1 X56.894 Y50.442 E79.22733 F2400
G1 X56.992 Y50.414 E79.23071 F2400
G1 X57.654 Y50.228 E79.25358 F2400
G1 X57.753 Y50.208 E79.25696 F2400
G1 X58.428 Y50.074 E79.27983 F2400
G1 X58.529 Y50.062 E79.28320 F2400
G1 X59.212 Y49.981 E79.30607 F2400
G1 X59.313 Y49.977 E79.30945 F2400
G1 X60.000 Y49.950 E79.33232 F2400
G1 X60.101 Y49.954 E79.33569 F2400
G1 X60.788 Y49.981 E79.35857 F2400
G1 X60.889 Y49.993 E79.36194 F2400
G1 X61.572 Y50.074 E79.38481 F2400
G1 X61.672 Y50.093 E79.38819 F2400
G1 X62.346 Y50.228 E79.41106 F2400
G1 X62.444 Y50.255 E79.41443 F2400
G1 X63.106 Y50.442 E79.43730 F2400
G1 X63.201 Y50.477 E79.44068 F2400
G1 X63.846 Y50.715 E79.46355 F2400
G1 X63.938 Y50.758 E79.46693 F2400
G1 X64.563 Y51.045 E79.48980 F2400
G1 X64.651 Y51.095 E79.49317 F2400
G1 X65.251 Y51.431 E79.51604 F2400
G1 X65.335 Y51.487 E79.51942 F2400
G1 X65.907 Y51.869 E79.54229 F2400
G1 X65.987 Y51.932 E79.54566 F2400
G1 X66.527 Y52.358 E79.56854 F2400
G1 X66.602 Y52.427 E79.57191 F2400
G1 X67.106 Y52.894 E79.59478 F2400
G1 X67.175 Y52.968 E79.59816 F2400
G1 X67.642 Y53.473 E79.62103 F2400
G1 X67.705 Y53.553 E79.62440 F2400
G1 X68.131 Y54.093 E79.64728 F2400
G1 X68.187 Y54.177 E79.65065 F2400
G1 X68.569 Y54.749 E79.67352 F2400
G1 X68.619 Y54.837 E79.67690 F2400
G1 X68.955 Y55.437 E79.69977 F2400
G1 X68.997 Y55.529 E79.70314 F2400
G1 X69.285 Y56.154 E79.72601 F2400
G1 X69.320 Y56.249 E79.72939 F2400
G1 X69.558 Y56.894 E79.75226 F2400
G1 X69.586 Y56.992 E79.75563 F2400
G1 X69.772 Y57.654 E79.77851 F2400
G1 X69.792 Y57.753 E79.78188 F2400
G1 X69.926 Y58.428 E79.80475 F2400
G1 X69.938 Y58.529 E79.80813 F2400
G1 X70.019 Y59.212 E79.83100 F2400
G1 X70.023 Y59.313 E79.83437 F2400
G1 X70.050 Y60.000 E79.85725 F2400
G1 X70.046 Y60.101 E79.86062 F2400
G1 X70.019 Y60.788 E79.88349 F2400
G1 E78.38349 F1500  ; retract
G1 X63.461 Y50.662 F9000
G1 E79.88349 F1500  ; un-retract
G1 X69.338 Y56.539 E80.15993 F3600
G1 E78.65993 F1500  ; retract
G1 X60.065 Y50.094 F9000
G1 E80.15993 F1500  ; un-retract
G1 X61.815 Y51.845 E80.24228 F3600
G1 E78.74228 F1500  ; retract
G1 X68.155 Y58.185 F9000
G1 E80.24228 F1500  ; un-retract
G1 X69.906 Y59.935 E80.32463 F3600
G1 E78.82463 F1500  ; retract
G1 X57.573 Y50.432 F9000
G1 E80.32463 F1500  ; un-retract
G1 X58.822 Y51.680 E80.38336 F3600
G1 E78.88336 F1500  ; retract
G1 X68.320 Y61.178 F9000
G1 E80.38336 F1500  ; un-retract
G1 X69.568 Y62.427 E80.44208 F3600
G1 E78.94208 F1500  ; retract
G1 X55.528 Y51.215 F9000
G1 E80.44208 F1500  ; un-retract
G1 X56.598 Y52.284 E80.49238 F3600
G1 E78.99238 F1500  ; retract
G1 X67.716 Y63.402 F9000
G1 E80.49238 F1500  ; un-retract
G1 X68.785 Y64.472 E80.54268 F3600
G1 E79.04268 F1500  ; retract
G1 X53.821 Y52.336 F9000
G1 E80.54268 F1500  ; un-retract
G1 X54.819 Y53.334 E80.58961 F3600
G1 E79.08961 F1500  ; retract
G1 X66.666 Y65.181 F9000
G1 E80.58961 F1500  ; un-retract
G1 X67.664 Y66.179 E80.63655 F3600
G1 E79.13655 F1500  ; retract
G1 X52.399 Y53.742 F9000
G1 E80.63655 F1500  ; un-retract
G1 X53.397 Y54.740 E80.68349 F3600
G1 E79.18349 F1500  ; retract
G1 X65.260 Y66.603 F9000
G1 E80.68349 F1500  ; un-retract
G1 X66.258 Y67.601 E80.73043 F3600
G1 E79.23043 F1500  ; retract
G1 X51.266 Y55.438 F9000
G1 E80.73043 F1500  ; un-retract
G1 X52.329 Y56.501 E80.78043 F3600
G1 E79.28043 F1500  ; retract
G1 X63.499 Y67.671 F9000
G1 E80.78043 F1500  ; un-retract
G1 X64.562 Y68.734 E80.83044 F3600
G1 E79.33044 F1500  ; retract
G1 X50.463 Y57.463 F9000
G1 E80.83044 F1500  ; un-retract
G1 X51.695 Y58.695 E80.88841 F3600
G1 E79.38841 F1500  ; retract
G1 X61.305 Y68.305 F9000
G1 E80.88841 F1500  ; un-retract
G1 X62.537 Y69.537 E80.94637 F3600
G1 E79.44637 F1500  ; retract
G1 X50.100 Y59.929 F9000
G1 E80.94637 F1500  ; un-retract
G1 X51.807 Y61.636 E81.02667 F3600
G1 E79.52667 F1500  ; retract
G1 X58.364 Y68.193 F9000
G1 E81.02667 F1500  ; un-retract
G1 X60.071 Y69.900 E81.10697 F3600
G1 E79.60697 F1500  ; retract
G1 X50.581 Y63.238 F9000
G1 E81.10697 F1500  ; un-retract
G1 X56.762 Y69.419 E81.39771 F3600

; layer 16  z=3.250
G1 Z3.250 F1200
G1 E79.89771 F1500  ; retract
G1 X68.225 Y60.647 F9000
G1 E81.39771 F1500  ; un-retract
G1 X68.154 Y61.245 E81.41772 F2400
G1 X68.148 Y61.291 E81.41926 F2400
G1 X68.031 Y61.880 E81.43926 F2400
G1 X68.022 Y61.926 E81.44080 F2400
G1 X67.859 Y62.505 E81.46081 F2400
G1 X67.846 Y62.549 E81.46235 F2400
G1 X67.638 Y63.114 E81.48235 F2400
G1 X67.622 Y63.157 E81.48389 F2400
G1 X67.370 Y63.703 E81.50390 F2400
G1 X67.351 Y63.745 E81.50544 F2400
G1 X67.057 Y64.270 E81.52544 F2400
G1 X67.034 Y64.311 E81.52698 F2400
G1 X66.700 Y64.811 E81.54699 F2400
G1 X66.674 Y64.849 E81.54853 F2400
G1 X66.302 Y65.322 E81.56854 F2400
G1 X66.273 Y65.358 E81.57007 F2400
G1 X65.865 Y65.800 E81.59008 F2400
G1 X65.834 Y65.834 E81.59162 F2400
G1 X65.392 Y66.242 E81.61163 F2400
G1 X65.358 Y66.273 E81.61317 F2400
G1 X64.886 Y66.646 E81.63317 F2400
G1 X64.849 Y66.674 E81.63471 F2400
G1 X64.349 Y67.009 E81.65472 F2400
G1 X64.311 Y67.034 E81.65626 F2400
G1 X63.786 Y67.328 E81.67626 F2400
G1 X63.745 Y67.351 E81.67780 F2400
G1 X63.199 Y67.603 E81.69781 F2400
G1 X63.157 Y67.622 E81.69935 F2400
G1 X62.593 Y67.830 E81.71935 F2400
G1 X62.549 Y67.846 E81.72089 F2400
G1 X61.971 Y68.010 E81.74090 F2400
G1 X61.926 Y68.022 E81.74244 F2400
G1 X61.336 Y68.139 E81.76244 F2400
G1 X61.291 Y68.148 E81.76398 F2400
G1 X60.693 Y68.219 E81.78399 F2400
G1 X60.647 Y68.225 E81.78553 F2400
G1 X60.046 Y68.248 E81.80554 F2400
G1 X60.000 Y68.250 E81.80707 F2400
G1 X59.399 Y68.226 E81.82708 F2400
G1 X59.353 Y68.225 E81.82862 F2400
G1 X58.755 Y68.154 E81.84863 F2400
G1 X58.709 Y68.148 E81.85017 F2400
G1 X58.120 Y68.031 E81.87017 F2400
G1 X58.074 Y68.022 E81.87171 F2400
G1 X57.495 Y67.859 E81.89172 F2400
G1 X57.451 Y67.846 E81.89326 F2400
G1 X56.886 Y67.638 E81.91326 F2400
G1 X56.843 Y67.622 E81.91480 F2400
G1 X56.297 Y67.370 E81.93481 F2400
G1 X56.255 Y67.351 E81.93635 F2400
G1 X55.730 Y67.057 E81.95635 F2400
G1 X55.689 Y67.034 E81.95789 F2400
G1 X55.189 Y66.700 E81.97790 F2400
G1 X55.151 Y66.674 E81.97944 F2400
G1 X54.678 Y66.302 E81.99944 F2400
G1 X54.642 Y66.273 E82.00098 F2400
G1 X54.200 Y65.865 E82.02099 F2400
G1 X54.166 Y65.834 E82.02253 F2400
G1 X53.758 Y65.392 E82.04254 F2400
G1 X53.727 Y65.358 E82.04407 F2400
G1 X53.354 Y64.886 E82.06408 F2400
G1 X53.326 Y64.849 E82.06562 F2400
G1 X52.991 Y64.349 E82.08563 F2400
G1 X52.966 Y64.311 E82.08717 F2400
G1 X52.672 Y63.786 E82.10717 F2400
G1 X52.649 Y63.745 E82.10871 F2400
G1 X52.397 Y63.199 E82.12872 F2400
G1 X52.378 Y63.157 E82.13026 F2400
G1 X52.170 Y62.593 E82.15026 F2400
G1 X52.154 Y62.549 E82.15180 F2400
G1 X51.990 Y61.971 E82.17181 F2400
G1 X51.978 Y61.926 E82.17335 F2400
G1 X51.861 Y61.336 E82.19335 F2400
G1 X51.852 Y61.291 E82.19489 F2400
G1 X51.781 Y60.693 E82.21490 F2400
G1 X51.775 Y60.647 E82.21644 F2400
G1 X51.752 Y60.046 E82.23645 F2400
G1 X51.750 Y60.000 E82.23798 F2400
G1 X51.774 Y59.399 E82.25799 F2400
G1 X51.775 Y59.353 E82.25953 F2400
G1 X51.846 Y58.755 E82.27953 F2400
G1 X51.852 Y58.709 E82.28108 F2400
G1 X51.969 Y58.120 E82.30108 F2400
G1 X51.978 Y58.074 E82.30262 F2400
G1 X52.141 Y57.495 E82.32263 F2400
G1 X52.154 Y57.451 E82.32417 F2400
G1 X52.362 Y56.886 E82.34417 F2400
G1 X52.378 Y56.843 E82.34571 F2400
G1 X52.630 Y56.297 E82.36572 F2400
G1 X52.649 Y56.255 E82.36726 F2400
G1 X52.943 Y55.730 E82.38726 F2400
G1 X52.966 Y55.689 E82.38880 F2400
G1 X53.300 Y55.189 E82.40881 F2400
G1 X53.326 Y55.151 E82.41035 F2400
G1 X53.698 Y54.678 E82.43035 F2400
G1 X53.727 Y54.642 E82.43189 F2400
G1 X54.135 Y54.200 E82.45190 F2400
G1 X54.166 Y54.166 E82.45344 F2400
G1 X54.608 Y53.758 E82.47344 F2400
G1 X54.642 Y53.727 E82.47498 F2400
G1 X55.114 Y53.354 E82.49499 F2400
G1 X55.151 Y53.326 E82.49653 F2400
G1 X55.651 Y52.991 E82.51654 F2400
G1 X55.689 Y52.966 E82.51808 F2400
G1 X56.214 Y52.672 E82.53808 F2400
G1 X56.255 Y52.649 E82.53962 F2400
G1 X56.801 Y52.397 E82.55962 F2400
G1 X56.843 Y52.378 E82.56117 F2400
G1 X57.407 Y52.170 E82.58117 F2400
G1 X57.451 Y52.154 E82.58271 F2400
G1 X58.029 Y51.990 E82.60272 F2400
G1 X58.074 Y51.978 E82.60426 F2400
G1 X58.664 Y51.861 E82.62426 F2400
G1 X58.709 Y51.852 E82.62580 F2400
G1 X59.307 Y51.781 E82.64581 F2400
G1 X59.353 Y51.775 E82.64735 F2400
G1 X59.954 Y51.752 E82.66736 F2400
G1 X60.000 Y51.750 E82.66889 F2400
G1 X60.601 Y51.774 E82.68890 F2400
G1 X60.647 Y51.775 E82.69044 F2400
G1 X61.245 Y51.846 E82.71044 F2400
G1 X61.291 Y51.852 E82.71198 F2400
G1 X61.880 Y51.969 E82.73199 F2400
G1 X61.926 Y51.978 E82.73353 F2400
G1 X62.505 Y52.141 E82.75354 F2400
G1 X62.549 Y52.154 E82.75508 F2400
G1 X63.114 Y52.362 E82.77508 F2400
G1 X63.157 Y52.378 E82.77662 F2400
G1 X63.703 Y52.630 E82.79663 F2400
G1 X63.745 Y52.649 E82.79817 F2400
G1 X64.270 Y52.943 E82.81817 F2400
G1 X64.311 Y52.966 E82.81971 F2400
G1 X64.811 Y53.300 E82.83972 F2400
G1 X64.849 Y53.326 E82.84126 F2400
G1 X65.322 Y53.698 E82.86126 F2400
G1 X65.358 Y53.727 E82.86280 F2400
G1 X65.800 Y54.135 E82.88281 F2400
G1 X65.834 Y54.166 E82.88435 F2400
G1 X66.242 Y54.608 E82.90435 F2400
G1 X66.273 Y54.642 E82.90589 F2400
G1 X66.646 Y55.114 E82.92590 F2400
G1 X66.674 Y55.151 E82.92744 F2400
G1 X67.009 Y55.651 E82.94744 F2400
G1 X67.034 Y55.689 E82.94898 F2400
G1 X67.328 Y56.214 E82.96899 F2400
G1 X67.351 Y56.255 E82.97053 F2400
G1 X67.603 Y56.801 E82.99053 F2400
G1 X67.622 Y56.843 E82.99208 F2400
G1 X67.830 Y57.407 E83.01208 F2400
G1 X67.846 Y57.451 E83.01362 F2400
G1 X68.010 Y58.029 E83.03363 F2400
G1 X68.022 Y58.074 E83.03517 F2400
G1 X68.139 Y58.664 E83.05517 F2400
G1 X68.148 Y58.709 E83.05671 F2400
G1 X68.219 Y59.307 E83.07672 F2400
G1 X68.225 Y59.353 E83.07826 F2400
G1 X68.248 Y59.954 E83.09826 F2400
G1 X68.250 Y60.000 E83.09980 F2400
G1 X68.226 Y60.601 E83.11981 F2400
G1 X68.225 Y60.647 E83.12135 F2400
G1 E81.62135 F1500  ; retract
G1 X70.019 Y60.788 F9000
G1 E83.12135 F1500  ; un-retract
G1 X70.012 Y60.844 E83.12322 F2400
G1 X69.926 Y61.572 E83.14760 F2400
G1 X69.915 Y61.627 E83.14947 F2400
G1 X69.772 Y62.346 E83.17384 F2400
G1 X69.757 Y62.400 E83.17572 F2400
G1 X69.558 Y63.106 E83.20009 F2400
G1 X69.539 Y63.159 E83.20196 F2400
G1 X69.285 Y63.846 E83.22633 F2400
G1 X69.261 Y63.897 E83.22821 F2400
G1 X68.955 Y64.563 E83.25258 F2400
G1 X68.927 Y64.612 E83.25445 F2400
G1 X68.569 Y65.251 E83.27883 F2400
G1 X68.538 Y65.298 E83.28070 F2400
G1 X68.131 Y65.907 E83.30507 F2400
G1 X68.096 Y65.951 E83.30695 F2400
G1 X67.642 Y66.527 E83.33132 F2400
G1 X67.604 Y66.568 E83.33319 F2400
G1 X67.106 Y67.106 E83.35757 F2400
G1 X67.065 Y67.145 E83.35944 F2400
G1 X66.527 Y67.642 E83.38381 F2400
G1 X66.483 Y67.677 E83.38569 F2400
G1 X65.907 Y68.131 E83.41006 F2400
G1 X65.860 Y68.162 E83.41193 F2400
G1 X65.251 Y68.569 E83.43630 F2400
G1 X65.202 Y68.597 E83.43818 F2400
G1 X64.563 Y68.955 E83.46255 F2400
G1 X64.511 Y68.978 E83.46443 F2400
G1 X63.846 Y69.285 E83.48880 F2400
G1 X63.793 Y69.305 E83.49067 F2400
G1 X63.106 Y69.558 E83.51504 F2400
G1 X63.051 Y69.573 E83.51692 F2400
G1 X62.346 Y69.772 E83.54129 F2400
G1 X62.291 Y69.783 E83.54317 F2400
G1 X61.572 Y69.926 E83.56753 F2400
G1 X61.516 Y69.933 E83.56941 F2400
G1 X60.788 Y70.019 E83.59378 F2400
G1 X60.732 Y70.021 E83.59566 F2400
G1 X60.000 Y70.050 E83.62003 F2400
G1 X59.944 Y70.048 E83.62190 F2400
G1 X59.212 Y70.019 E83.64627 F2400
G1 X59.156 Y70.012 E83.64815 F2400
G1 X58.428 Y69.926 E83.67252 F2400
G1 X58.373 Y69.915 E83.67439 F2400
G1 X57.654 Y69.772 E83.69877 F2400
G1 X57.600 Y69.757 E83.70064 F2400
G1 X56.894 Y69.558 E83.72501 F2400
G1 X56.841 Y69.539 E83.72689 F2400
G1 X56.154 Y69.285 E83.75126 F2400
G1 X56.103 Y69.261 E83.75314 F2400
G1 X55.437 Y68.955 E83.77751 F2400
G1 X55.388 Y68.927 E83.77938 F2400
G1 X54.749 Y68.569 E83.80375 F2400
G1 X54.702 Y68.538 E83.80563 F2400
G1 X54.093 Y68.131 E83.83000 F2400
G1 X54.048 Y68.096 E83.83187 F2400
G1 X53.473 Y67.642 E83.85625 F2400
G1 X53.432 Y67.604 E83.85812 F2400
G1 X52.894 Y67.106 E83.88249 F2400
G1 X52.855 Y67.065 E83.88437 F2400
G1 X52.358 Y66.527 E83.90874 F2400
G1 X52.323 Y66.483 E83.91061 F2400
G1 X51.869 Y65.907 E83.93498 F2400
G1 X51.838 Y65.860 E83.93686 F2400
G1 X51.431 Y65.251 E83.96123 F2400
G1 X51.403 Y65.202 E83.96311 F2400
G1 X51.045 Y64.563 E83.98748 F2400
G1 X51.022 Y64.511 E83.98935 F2400
G1 X50.715 Y63.846 E84.01372 F2400
G1 X50.695 Y63.793 E84.01560 F2400
G1 X50.442 Y63.106 E84.03997 F2400
G1 X50.427 Y63.051 E84.04184 F2400
G1 X50.228 Y62.346 E84.06622 F2400
G1 X50.217 Y62.291 E84.06809 F2400
G1 X50.074 Y61.572 E84.09246 F2400
G1 X50.067 Y61.516 E84.09434 F2400
G1 X49.981 Y60.788 E84.11871 F2400
G1 X49.979 Y60.732 E84.12058 F2400
G1 X49.950 Y60.000 E84.14495 F2400
G1 X49.952 Y59.944 E84.14683 F2400
G1 X49.981 Y59.212 E84.17120 F2400
G1 X49.988 Y59.156 E84.17308 F2400
G1 X50.074 Y58.428 E84.19745 F2400
G1 X50.085 Y58.373 E84.19932 F2400
G1 X50.228 Y57.654 E84.22369 F2400
G1 X50.243 Y57.600 E84.22557 F2400
G1 X50.442 Y56.894 E84.24994 F2400
G1 X50.461 Y56.841 E84.25181 F2400
G1 X50.715 Y56.154 E84.27619 F2400
G1 X50.739 Y56.103 E84.27806 F2400
G1 X51.045 Y55.437 E84.30243 F2400
G1 X51.073 Y55.388 E84.30431 F2400
G1 X51.431 Y54.749 E84.32868 F2400
G1 X51.462 Y54.702 E84.33055 F2400
G1 X51.869 Y54.093 E84.35492 F2400
G1 X51.904 Y54.048 E84.35680 F2400
G1 X52.358 Y53.473 E84.38117 F2400
G1 X52.396 Y53.432 E84.38304 F2400
G1 X52.894 Y52.894 E84.40742 F2400
G1 X52.935 Y52.855 E84.40929 F2400
G1 X53.473 Y52.358 E84.43366 F2400
G1 X53.517 Y52.323 E84.43554 F2400
G1 X54.093 Y51.869 E84.45991 F2400
G1 X54.140 Y51.838 E84.46178 F2400
G1 X54.749 Y51.431 E84.48616 F2400
G1 X54.798 Y51.403 E84.48803 F2400
G1 X55.437 Y51.045 E84.51240 F2400
G1 X55.489 Y51.022 E84.51428 F2400
G1 X56.154 Y50.715 E84.53865 F2400
G1 X56.207 Y50.695 E84.54052 F2400
G1 X56.894 Y50.442 E84.56490 F2400
G1 X56.949 Y50.427 E84.56677 F2400
G1 X57.654 Y50.228 E84.59114 F2400
G1 X57.709 Y50.217 E84.59302 F2400
G1 X58.428 Y50.074 E84.61739 F2400
G1 X58.484 Y50.067 E84.61926 F2400
G1 X59.212 Y49.981 E84.64363 F2400
G1 X59.268 Y49.979 E84.64551 F2400
G1 X60.000 Y49.950 E84.66988 F2400
G1 X60.056 Y49.952 E84.67175 F2400
G1 X60.788 Y49.981 E84.69613 F2400
G1 X60.844 Y49.988 E84.69800 F2400
G1 X61.572 Y50.074 E84.72237 F2400
G1 X61.627 Y50.085 E84.72425 F2400
G1 X62.346 Y50.228 E84.74862 F2400
G1 X62.400 Y50.243 E84.75049 F2400
G1 X63.106 Y50.442 E84.77486 F2400
G1 X63.159 Y50.461 E84.77674 F2400
G1 X63.846 Y50.715 E84.80111 F2400
G1 X63.897 Y50.739 E84.80299 F2400
G1 X64.563 Y51.045 E84.82736 F2400
G1 X64.612 Y51.073 E84.82923 F2400
G1 X65.251 Y51.431 E84.85360 F2400
G1 X65.298 Y51.462 E84.85548 F2400
G1 X65.907 Y51.869 E84.87985 F2400
G1 X65.951 Y51.904 E84.88173 F2400
G1 X66.527 Y52.358 E84.90610 F2400
G1 X66.568 Y52.396 E84.90797 F2400
G1 X67.106 Y52.894 E84.93234 F2400
G1 X67.145 Y52.935 E84.93422 F2400
G1 X67.642 Y53.473 E84.95859 F2400
G1 X67.677 Y53.517 E84.96046 F2400
G1 X68.131 Y54.093 E84.98484 F2400
G1 X68.162 Y54.140 E84.98671 F2400
G1 X68.569 Y54.749 E85.01108 F2400
G1 X68.597 Y54.798 E85.01296 F2400
G1 X68.955 Y55.437 E85.03733 F2400
G1 X68.978 Y55.489 E85.03920 F2400
G1 X69.285 Y56.154 E85.06357 F2400
G1 X69.305 Y56.207 E85.06545 F2400
G1 X69.558 Y56.894 E85.08982 F2400
G1 X69.573 Y56.949 E85.09169 F2400
G1 X69.772 Y57.654 E85.11607 F2400
G1 X69.783 Y57.709 E85.11794 F2400
G1 X69.926 Y58.428 E85.14231 F2400
G1 X69.933 Y58.484 E85.14419 F2400
G1 X70.019 Y59.212 E85.16856 F2400
G1 X70.021 Y59.268 E85.17043 F2400
G1 X70.050 Y60.000 E85.19481 F2400
G1 X70.048 Y60.056 E85.19668 F2400
G1 X70.019 Y60.788 E85.22105 F2400
G1 E83.72105 F1500  ; retract
G1 X69.338 Y63.461 F9000
G1 E85.22105 F1500  ; un-retract
G1 X63.461 Y69.338 E85.49749 F3600
G1 E83.99749 F1500  ; retract
G1 X69.906 Y60.065 F9000
G1 E85.49749 F1500  ; un-retract
G1 X68.155 Y61.815 E85.57984 F3600
G1 E84.07984 F1500  ; retract
G1 X61.815 Y68.155 F9000
G1 E85.57984 F1500  ; un-retract
G1 X60.065 Y69.906 E85.66219 F3600
G1 E84.16219 F1500  ; retract
G1 X69.568 Y57.573 F9000
G1 E85.66219 F1500  ; un-retract
G1 X68.320 Y58.822 E85.72092 F3600
G1 E84.22092 F1500  ; retract
G1 X58.822 Y68.320 F9000
G1 E85.72092 F1500  ; un-retract
G1 X57.573 Y69.568 E85.77964 F3600
G1 E84.27964 F1500  ; retract
G1 X68.785 Y55.528 F9000
G1 E85.77964 F1500  ; un-retract
G1 X67.716 Y56.598 E85.82994 F3600
G1 E84.32994 F1500  ; retract
G1 X56.598 Y67.716 F9000
G1 E85.82994 F1500  ; un-retract
G1 X55.528 Y68.785 E85.88023 F3600
G1 E84.38023 F1500  ; retract
G1 X67.664 Y53.821 F9000
G1 E85.88023 F1500  ; un-retract
G1 X66.666 Y54.819 E85.92717 F3600
G1 E84.42717 F1500  ; retract
G1 X54.819 Y66.666 F9000
G1 E85.92717 F1500  ; un-retract
G1 X53.821 Y67.664 E85.97411 F3600
G1 E84.47411 F1500  ; retract
G1 X66.258 Y52.399 F9000
G1 E85.97411 F1500  ; un-retract
G1 X65.260 Y53.396 E86.02104 F3600
G1 E84.52104 F1500  ; retract
G1 X53.397 Y65.260 F9000
G1 E86.02104 F1500  ; un-retract
G1 X52.399 Y66.258 E86.06798 F3600
G1 E84.56798 F1500  ; retract
G1 X64.562 Y51.266 F9000
G1 E86.06798 F1500  ; un-retract
G1 X63.499 Y52.329 E86.11799 F3600
G1 E84.61799 F1500  ; retract
G1 X52.329 Y63.499 F9000
G1 E86.11799 F1500  ; un-retract
G1 X51.266 Y64.562 E86.16800 F3600
G1 E84.66800 F1500  ; retract
G1 X62.537 Y50.463 F9000
G1 E86.16800 F1500  ; un-retract
G1 X61.305 Y51.695 E86.22596 F3600
G1 E84.72596 F1500  ; retract
G1 X51.695 Y61.305 F9000
G1 E86.22596 F1500  ; un-retract
G1 X50.463 Y62.537 E86.28393 F3600
G1 E84.78393 F1500  ; retract
G1 X60.071 Y50.100 F9000
G1 E86.28393 F1500  ; un-retract
G1 X58.364 Y51.807 E86.36423 F3600
G1 E84.86423 F1500  ; retract
G1 X51.807 Y58.364 F9000
G1 E86.36423 F1500  ; un-retract
G1 X50.100 Y60.071 E86.44452 F3600
G1 E84.94452 F1500  ; retract
G1 X56.762 Y50.581 F9000
G1 E86.44452 F1500  ; un-retract
G1 X50.581 Y56.762 E86.73527 F3600

; layer 17  z=3.450
G1 Z3.450 F1200
G1 E85.23527 F1500  ; retract
G1 X68.225 Y60.647 F9000
G1 E86.73527 F1500  ; un-retract
G1 X68.150 Y61.281 E86.75650 F2400
G1 X68.024 Y61.917 E86.77805 F2400
G1 X67.849 Y62.541 E86.79959 F2400
G1 X67.625 Y63.148 E86.82114 F2400
G1 X67.355 Y63.737 E86.84268 F2400
G1 X67.039 Y64.302 E86.86423 F2400
G1 X66.680 Y64.841 E86.88577 F2400
G1 X66.279 Y65.351 E86.90732 F2400
G1 X65.840 Y65.827 E86.92886 F2400
G1 X65.365 Y66.267 E86.95041 F2400
G1 X64.856 Y66.669 E86.97195 F2400
G1 X64.318 Y67.029 E86.99349 F2400
G1 X63.754 Y67.346 E87.01504 F2400
G1 X63.166 Y67.618 E87.03658 F2400
G1 X62.558 Y67.843 E87.05813 F2400
G1 X61.935 Y68.019 E87.07967 F2400
G1 X61.300 Y68.147 E87.10122 F2400
G1 X60.657 Y68.224 E87.12276 F2400
G1 X60.009 Y68.250 E87.14431 F2400
G1 X59.362 Y68.225 E87.16585 F2400
G1 X58.719 Y68.150 E87.18740 F2400
G1 X58.083 Y68.024 E87.20894 F2400
G1 X57.459 Y67.849 E87.23048 F2400
G1 X56.852 Y67.625 E87.25203 F2400
G1 X56.263 Y67.355 E87.27357 F2400
G1 X55.697 Y67.039 E87.29512 F2400
G1 X55.159 Y66.680 E87.31666 F2400
G1 X54.649 Y66.279 E87.33821 F2400
G1 X54.173 Y65.840 E87.35975 F2400
G1 X53.733 Y65.365 E87.38130 F2400
G1 X53.331 Y64.856 E87.40284 F2400
G1 X52.971 Y64.318 E87.42438 F2400
G1 X52.654 Y63.754 E87.44593 F2400
G1 X52.382 Y63.166 E87.46747 F2400
G1 X52.157 Y62.558 E87.48902 F2400
G1 X51.980 Y61.935 E87.51056 F2400
G1 X51.853 Y61.300 E87.53211 F2400
G1 X51.776 Y60.657 E87.55365 F2400
G1 X51.750 Y60.009 E87.57520 F2400
G1 X51.775 Y59.362 E87.59674 F2400
G1 X51.850 Y58.719 E87.61829 F2400
G1 X51.976 Y58.083 E87.63983 F2400
G1 X52.151 Y57.459 E87.66138 F2400
G1 X52.375 Y56.852 E87.68292 F2400
G1 X52.645 Y56.263 E87.70446 F2400
G1 X52.961 Y55.697 E87.72601 F2400
G1 X53.321 Y55.159 E87.74755 F2400
G1 X53.721 Y54.649 E87.76910 F2400
G1 X54.160 Y54.173 E87.79064 F2400
G1 X54.635 Y53.733 E87.81219 F2400
G1 X55.144 Y53.331 E87.83373 F2400
G1 X55.682 Y52.971 E87.85527 F2400
G1 X56.246 Y52.654 E87.87682 F2400
G1 X56.834 Y52.382 E87.89837 F2400
G1 X57.442 Y52.157 E87.91991 F2400
G1 X58.065 Y51.980 E87.94145 F2400
G1 X58.700 Y51.853 E87.96300 F2400
G1 X59.343 Y51.776 E87.98454 F2400
G1 X59.991 Y51.750 E88.00609 F2400
G1 X60.638 Y51.775 E88.02763 F2400
G1 X61.281 Y51.850 E88.04918 F2400
G1 X61.917 Y51.976 E88.07072 F2400
G1 X62.541 Y52.151 E88.09227 F2400
G1 X63.148 Y52.375 E88.11381 F2400
G1 X63.737 Y52.645 E88.13535 F2400
G1 X64.302 Y52.961 E88.15690 F2400
G1 X64.841 Y53.321 E88.17844 F2400
G1 X65.351 Y53.721 E88.19999 F2400
G1 X65.827 Y54.160 E88.22153 F2400
G1 X66.267 Y54.635 E88.24308 F2400
G1 X66.669 Y55.144 E88.26462 F2400
G1 X67.029 Y55.682 E88.28617 F2400
G1 X67.346 Y56.246 E88.30771 F2400
G1 X67.618 Y56.834 E88.32926 F2400
G1 X67.843 Y57.442 E88.35080 F2400
G1 X68.019 Y58.065 E88.37234 F2400
G1 X68.147 Y58.700 E88.39389 F2400
G1 X68.224 Y59.343 E88.41543 F2400
G1 X68.250 Y59.991 E88.43698 F2400
G1 X68.225 Y60.638 E88.45852 F2400
G1 E86.95852 F1500  ; retract
G1 X70.019 Y60.788 F9000
G1 E88.45852 F1500  ; un-retract
G1 X70.018 Y60.800 E88.45890 F2400
G1 X69.926 Y61.572 E88.48477 F2400
G1 X69.924 Y61.583 E88.48514 F2400
G1 X69.772 Y62.346 E88.51101 F2400
G1 X69.558 Y63.106 E88.53726 F2400
G1 X69.285 Y63.846 E88.56351 F2400
G1 X68.955 Y64.563 E88.58975 F2400
G1 X68.569 Y65.251 E88.61600 F2400
G1 X68.131 Y65.907 E88.64224 F2400
G1 X68.124 Y65.916 E88.64262 F2400
G1 X67.642 Y66.527 E88.66849 F2400
G1 X67.106 Y67.106 E88.69474 F2400
G1 X66.527 Y67.642 E88.72098 F2400
G1 X66.518 Y67.649 E88.72136 F2400
G1 X65.907 Y68.131 E88.74723 F2400
G1 X65.251 Y68.569 E88.77348 F2400
G1 X64.563 Y68.955 E88.79972 F2400
G1 X63.846 Y69.285 E88.82597 F2400
G1 X63.106 Y69.558 E88.85222 F2400
G1 X62.346 Y69.772 E88.87846 F2400
G1 X61.572 Y69.926 E88.90471 F2400
G1 X60.788 Y70.019 E88.93095 F2400
G1 X60.000 Y70.050 E88.95720 F2400
G1 X59.212 Y70.019 E88.98345 F2400
G1 X58.428 Y69.926 E89.00969 F2400
G1 X58.417 Y69.924 E89.01007 F2400
G1 X57.654 Y69.772 E89.03594 F2400
G1 X56.894 Y69.558 E89.06219 F2400
G1 X56.154 Y69.285 E89.08843 F2400
G1 X55.437 Y68.955 E89.11468 F2400
G1 X54.749 Y68.569 E89.14092 F2400
G1 X54.093 Y68.131 E89.16717 F2400
G1 X54.084 Y68.124 E89.16755 F2400
G1 X53.473 Y67.642 E89.19342 F2400
G1 X52.894 Y67.106 E89.21966 F2400
G1 X52.358 Y66.527 E89.24591 F2400
G1 X52.351 Y66.518 E89.24629 F2400
G1 X51.869 Y65.907 E89.27216 F2400
G1 X51.431 Y65.251 E89.29840 F2400
G1 X51.045 Y64.563 E89.32465 F2400
G1 X50.715 Y63.846 E89.35089 F2400
G1 X50.442 Y63.106 E89.37714 F2400
G1 X50.228 Y62.346 E89.40339 F2400
G1 X50.074 Y61.572 E89.42963 F2400
G1 X49.981 Y60.788 E89.45588 F2400
G1 X49.950 Y60.000 E89.48213 F2400
G1 X49.981 Y59.212 E89.50837 F2400
G1 X50.074 Y58.428 E89.53462 F2400
G1 X50.076 Y58.417 E89.53499 F2400
G1 X50.228 Y57.654 E89.56086 F2400
G1 X50.442 Y56.894 E89.58711 F2400
G1 X50.715 Y56.154 E89.61336 F2400
G1 X51.045 Y55.437 E89.63960 F2400
G1 X51.431 Y54.749 E89.66585 F2400
G1 X51.869 Y54.093 E89.69210 F2400
G1 X51.876 Y54.084 E89.69247 F2400
G1 X52.358 Y53.473 E89.71834 F2400
G1 X52.894 Y52.894 E89.74459 F2400
G1 X53.473 Y52.358 E89.77083 F2400
G1 X53.482 Y52.351 E89.77121 F2400
G1 X54.093 Y51.869 E89.79708 F2400
G1 X54.749 Y51.431 E89.82333 F2400
G1 X55.437 Y51.045 E89.84957 F2400
G1 X56.154 Y50.715 E89.87582 F2400
G1 X56.894 Y50.442 E89.90207 F2400
G1 X57.654 Y50.228 E89.92831 F2400
G1 X58.428 Y50.074 E89.95456 F2400
G1 X59.212 Y49.981 E89.98081 F2400
G1 X60.000 Y49.950 E90.00705 F2400
G1 X60.788 Y49.981 E90.03330 F2400
G1 X61.572 Y50.074 E90.05955 F2400
G1 X61.583 Y50.076 E90.05992 F2400
G1 X62.346 Y50.228 E90.08579 F2400
G1 X63.106 Y50.442 E90.11204 F2400
G1 X63.846 Y50.715 E90.13828 F2400
G1 X64.563 Y51.045 E90.16453 F2400
G1 X65.251 Y51.431 E90.19078 F2400
G1 X65.907 Y51.869 E90.21702 F2400
G1 X65.916 Y51.876 E90.21740 F2400
G1 X66.527 Y52.358 E90.24327 F2400
G1 X67.106 Y52.894 E90.26952 F2400
G1 X67.642 Y53.473 E90.29576 F2400
G1 X67.649 Y53.482 E90.29614 F2400
G1 X68.131 Y54.093 E90.32201 F2400
G1 X68.569 Y54.749 E90.34825 F2400
G1 X68.955 Y55.437 E90.37450 F2400
G1 X69.285 Y56.154 E90.40075 F2400
G1 X69.558 Y56.894 E90.42699 F2400
G1 X69.772 Y57.654 E90.45324 F2400
G1 X69.926 Y58.428 E90.47948 F2400
G1 X70.019 Y59.212 E90.50573 F2400
G1 X70.050 Y60.000 E90.53198 F2400
G1 X70.050 Y60.011 E90.53235 F2400
G1 X70.019 Y60.788 E90.55822 F2400
G1 E89.05822 F1500  ; retract
G1 X63.461 Y50.662 F9000
G1 E90.55822 F1500  ; un-retract
G1 X69.338 Y56.539 E90.83467 F3600
G1 E89.33467 F1500  ; retract
G1 X60.065 Y50.094 F9000
G1 E90.83467 F1500  ; un-retract
G1 X61.815 Y51.845 E90.91702 F3600
G1 E89.41702 F1500  ; retract
G1 X68.155 Y58.185 F9000
G1 E90.91702 F1500  ; un-retract
G1 X69.906 Y59.935 E90.99937 F3600
G1 E89.49937 F1500  ; retract
G1 X57.573 Y50.432 F9000
G1 E90.99937 F1500  ; un-retract
G1 X58.822 Y51.680 E91.05809 F3600
G1 E89.55809 F1500  ; retract
G1 X68.320 Y61.178 F9000
G1 E91.05809 F1500  ; un-retract
G1 X69.568 Y62.427 E91.11681 F3600
G1 E89.61681 F1500  ; retract
G1 X55.528 Y51.215 F9000
G1 E91.11681 F1500  ; un-retract
G1 X56.598 Y52.284 E91.16711 F3600
G1 E89.66711 F1500  ; retract
G1 X67.716 Y63.402 F9000
G1 E91.16711 F1500  ; un-retract
G1 X68.785 Y64.472 E91.21741 F3600
G1 E89.71741 F1500  ; retract
G1 X53.821 Y52.336 F9000
G1 E91.21741 F1500  ; un-retract
G1 X54.819 Y53.334 E91.26435 F3600
G1 E89.76435 F1500  ; retract
G1 X66.666 Y65.181 F9000
G1 E91.26435 F1500  ; un-retract
G1 X67.664 Y66.179 E91.31128 F3600
G1 E89.81128 F1500  ; retract
G1 X52.399 Y53.742 F9000
G1 E91.31128 F1500  ; un-retract
G1 X53.396 Y54.740 E91.35822 F3600
G1 E89.85822 F1500  ; retract
G1 X65.260 Y66.603 F9000
G1 E91.35822 F1500  ; un-retract
G1 X66.258 Y67.601 E91.40516 F3600
G1 E89.90516 F1500  ; retract
G1 X51.266 Y55.438 F9000
G1 E91.40516 F1500  ; un-retract
G1 X52.329 Y56.501 E91.45517 F3600
G1 E89.95517 F1500  ; retract
G1 X63.499 Y67.671 F9000
G1 E91.45517 F1500  ; un-retract
G1 X64.562 Y68.734 E91.50518 F3600
G1 E90.00518 F1500  ; retract
G1 X50.463 Y57.463 F9000
G1 E91.50518 F1500  ; un-retract
G1 X51.695 Y58.695 E91.56314 F3600
G1 E90.06314 F1500  ; retract
G1 X61.305 Y68.305 F9000
G1 E91.56314 F1500  ; un-retract
G1 X62.537 Y69.537 E91.62110 F3600
G1 E90.12110 F1500  ; retract
G1 X50.100 Y59.929 F9000
G1 E91.62110 F1500  ; un-retract
G1 X51.807 Y61.636 E91.70140 F3600
G1 E90.20140 F1500  ; retract
G1 X58.364 Y68.193 F9000
G1 E91.70140 F1500  ; un-retract
G1 X60.071 Y69.900 E91.78170 F3600
G1 E90.28170 F1500  ; retract
G1 X50.581 Y63.238 F9000
G1 E91.78170 F1500  ; un-retract
G1 X56.762 Y69.419 E92.07244 F3600

; layer 18  z=3.650
G1 Z3.650 F1200
G1 E90.57244 F1500  ; retract
G1 X68.112 Y54.107 F9000
G1 E92.07244 F1500  ; un-retract
G1 X66.664 Y52.659 E92.14053 F2400
G1 X65.893 Y51.889 E92.17677 F2400
G1 X68.112 Y54.107 E92.28111 F2400
G1 E90.78111 F1500  ; retract
G1 X64.849 Y53.326 F9000
G1 E92.28111 F1500  ; un-retract
G1 X66.037 Y54.514 E92.33700 F2400
G1 X66.674 Y55.151 E92.36696 F2400
G1 X67.437 Y56.648 E92.42285 F2400
G1 X67.846 Y57.451 E92.45281 F2400
G1 X68.109 Y59.110 E92.50870 F2400
G1 X68.250 Y60.000 E92.53866 F2400
G1 X67.987 Y61.660 E92.59455 F2400
G1 X67.846 Y62.549 E92.62451 F2400
G1 X67.083 Y64.047 E92.68040 F2400
G1 X66.674 Y64.849 E92.71036 F2400
G1 X65.486 Y66.037 E92.76625 F2400
G1 X64.849 Y66.674 E92.79621 F2400
G1 X64.849 Y53.326 E93.24019 F2400
G1 E91.74019 F1500  ; retract
G1 X68.112 Y54.107 F9000
G1 E93.24019 F1500  ; un-retract
G1 X68.606 Y55.078 E93.27644 F2400
G1 X69.536 Y56.902 E93.34453 F2400
G1 X68.112 Y54.107 E93.44887 F2400
G1 E91.94887 F1500  ; retract
G1 X69.536 Y56.902 F9000
G1 E93.44887 F1500  ; un-retract
G1 X69.706 Y57.978 E93.48511 F2400
G1 X70.026 Y60.000 E93.55320 F2400
G1 X69.536 Y56.902 E93.65753 F2400
G1 E92.15753 F1500  ; retract
G1 X69.536 Y63.098 F9000
G1 E93.65753 F1500  ; un-retract
G1 X69.856 Y61.076 E93.72562 F2400
G1 X70.026 Y60.000 E93.76187 F2400
G1 X69.536 Y63.098 E93.86620 F2400
G1 E92.36620 F1500  ; retract
G1 X68.112 Y65.893 F9000
G1 E93.86620 F1500  ; un-retract
G1 X69.041 Y64.069 E93.93429 F2400
G1 X69.536 Y63.098 E93.97054 F2400
G1 X68.112 Y65.893 E94.07488 F2400
G1 E92.57488 F1500  ; retract
G1 X65.893 Y68.112 F9000
G1 E94.07488 F1500  ; un-retract
G1 X67.341 Y66.664 E94.14297 F2400
G1 X68.112 Y65.893 E94.17921 F2400
G1 X65.893 Y68.112 E94.28354 F2400
G1 E92.78354 F1500  ; retract
G1 X51.889 Y65.893 F9000
G1 E94.28354 F1500  ; un-retract
G1 X53.336 Y67.341 E94.35163 F2400
G1 X54.107 Y68.112 E94.38788 F2400
G1 X51.889 Y65.893 E94.49221 F2400
G1 E92.99221 F1500  ; retract
G1 X55.151 Y66.674 F9000
G1 E94.49221 F1500  ; un-retract
G1 X53.962 Y65.486 E94.54810 F2400
G1 X53.326 Y64.849 E94.57806 F2400
G1 X52.563 Y63.352 E94.63395 F2400
G1 X52.154 Y62.549 E94.66391 F2400
G1 X51.891 Y60.890 E94.71980 F2400
G1 X51.750 Y60.000 E94.74976 F2400
G1 X52.013 Y58.340 E94.80565 F2400
G1 X52.154 Y57.451 E94.83561 F2400
G1 X52.917 Y55.953 E94.89150 F2400
G1 X53.326 Y55.151 E94.92146 F2400
G1 X54.514 Y53.962 E94.97735 F2400
G1 X55.151 Y53.326 E95.00731 F2400
G1 X55.151 Y66.674 E95.45129 F2400
G1 E93.95129 F1500  ; retract
G1 X51.889 Y65.893 F9000
G1 E95.45129 F1500  ; un-retract
G1 X51.394 Y64.922 E95.48754 F2400
G1 X50.464 Y63.098 E95.55563 F2400
G1 X51.889 Y65.893 E95.65997 F2400
G1 E94.15997 F1500  ; retract
G1 X50.464 Y63.098 F9000
G1 E95.65997 F1500  ; un-retract
G1 X50.294 Y62.022 E95.69621 F2400
G1 X49.974 Y60.000 E95.76430 F2400
G1 X50.464 Y63.098 E95.86864 F2400
G1 E94.36864 F1500  ; retract
G1 X50.464 Y56.902 F9000
G1 E95.86864 F1500  ; un-retract
G1 X50.144 Y58.924 E95.93673 F2400
G1 X49.974 Y60.000 E95.97297 F2400
G1 X50.464 Y56.902 E96.07731 F2400
G1 E94.57731 F1500  ; retract
G1 X51.889 Y54.107 F9000
G1 E96.07731 F1500  ; un-retract
G1 X50.959 Y55.931 E96.14540 F2400
G1 X50.464 Y56.902 E96.18164 F2400
G1 X51.889 Y54.107 E96.28598 F2400
G1 E94.78598 F1500  ; retract
G1 X54.107 Y51.889 F9000
G1 E96.28598 F1500  ; un-retract
G1 X52.659 Y53.336 E96.35407 F2400
G1 X51.889 Y54.107 E96.39032 F2400
G1 X54.107 Y51.889 E96.49465 F2400
G1 E94.99465 F1500  ; retract
G1 X67.824 Y61.938 F9000
G1 E96.49465 F1500  ; un-retract
G1 X64.991 Y64.772 E96.62792 F3600
G1 E95.12792 F1500  ; retract
G1 X67.929 Y59.005 F9000
G1 E96.62792 F1500  ; un-retract
G1 X64.991 Y61.943 E96.76611 F3600
G1 E95.26611 F1500  ; retract
G1 X67.303 Y56.803 F9000
G1 E96.76611 F1500  ; un-retract
G1 X64.991 Y59.115 E96.87486 F3600
G1 E95.37486 F1500  ; retract
G1 X66.259 Y55.018 F9000
G1 E96.87486 F1500  ; un-retract
G1 X64.991 Y56.286 E96.93452 F3600
G1 E95.43452 F1500  ; retract
G1 X55.009 Y63.439 F9000
G1 E96.93452 F1500  ; un-retract
G1 X53.604 Y64.845 E97.00063 F3600
G1 E95.50063 F1500  ; retract
G1 X55.009 Y60.611 F9000
G1 E97.00063 F1500  ; un-retract
G1 X52.605 Y63.015 E97.11374 F3600
G1 E95.61374 F1500  ; retract
G1 X55.009 Y57.782 F9000
G1 E97.11374 F1500  ; un-retract
G1 X52.034 Y60.758 E97.25370 F3600
G1 E95.75370 F1500  ; retract
G1 X55.009 Y54.954 F9000
G1 E97.25370 F1500  ; un-retract
G1 X52.228 Y57.736 E97.38454 F3600

; layer 19  z=3.850
G1 Z3.850 F1200
G1 E95.88454 F1500  ; retract
G1 X68.086 Y54.125 F9000
G1 E97.38454 F1500  ; un-retract
G1 X67.673 Y53.712 E97.40397 F2400
G1 X65.875 Y51.914 E97.48855 F2400
G1 X68.086 Y54.125 E97.59255 F2400
G1 E96.09255 F1500  ; retract
G1 X64.849 Y53.326 F9000
G1 E97.59255 F1500  ; un-retract
G1 X65.188 Y53.665 E97.60851 F2400
G1 X66.674 Y55.151 E97.67841 F2400
G1 X66.892 Y55.578 E97.69436 F2400
G1 X67.846 Y57.451 E97.76425 F2400
G1 X67.921 Y57.924 E97.78021 F2400
G1 X68.250 Y60.000 E97.85010 F2400
G1 X68.175 Y60.474 E97.86606 F2400
G1 X67.846 Y62.549 E97.93595 F2400
G1 X67.629 Y62.977 E97.95191 F2400
G1 X66.674 Y64.849 E98.02180 F2400
G1 X66.335 Y65.188 E98.03776 F2400
G1 X64.849 Y66.674 E98.10766 F2400
G1 X64.849 Y53.326 E98.55164 F2400
G1 E97.05164 F1500  ; retract
G1 X68.086 Y54.125 F9000
G1 E98.55164 F1500  ; un-retract
G1 X69.240 Y56.391 E98.63621 F2400
G1 X69.506 Y56.911 E98.65565 F2400
G1 X68.086 Y54.125 E98.75965 F2400
G1 E97.25965 F1500  ; retract
G1 X69.506 Y56.911 F9000
G1 E98.75965 F1500  ; un-retract
G1 X69.903 Y59.423 E98.84423 F2400
G1 X69.995 Y60.000 E98.86366 F2400
G1 X69.506 Y56.911 E98.96767 F2400
G1 E97.46767 F1500  ; retract
G1 X69.506 Y63.089 F9000
G1 E98.96767 F1500  ; un-retract
G1 X69.597 Y62.511 E98.98710 F2400
G1 X69.995 Y60.000 E99.07168 F2400
G1 X69.506 Y63.089 E99.17568 F2400
G1 E97.67568 F1500  ; retract
G1 X68.086 Y65.875 F9000
G1 E99.17568 F1500  ; un-retract
G1 X68.351 Y65.354 E99.19512 F2400
G1 X69.506 Y63.089 E99.27969 F2400
G1 X68.086 Y65.875 E99.38370 F2400
G1 E97.88370 F1500  ; retract
G1 X65.875 Y68.086 F9000
G1 E99.38370 F1500  ; un-retract
G1 X66.288 Y67.673 E99.40313 F2400
G1 X68.086 Y65.875 E99.48771 F2400
G1 X65.875 Y68.086 E99.59172 F2400
G1 E98.09172 F1500  ; retract
G1 X51.914 Y65.875 F9000
G1 E99.59172 F1500  ; un-retract
G1 X52.327 Y66.288 E99.61115 F2400
G1 X54.125 Y68.086 E99.69572 F2400
G1 X51.914 Y65.875 E99.79973 F2400
G1 E98.29973 F1500  ; retract
G1 X55.151 Y66.674 F9000
G1 E99.79973 F1500  ; un-retract
G1 X54.812 Y66.335 E99.81569 F2400
G1 X53.326 Y64.849 E99.88558 F2400
G1 X53.108 Y64.422 E99.90153 F2400
G1 X52.154 Y62.549 E99.97143 F2400
G1 X52.079 Y62.076 E99.98738 F2400
G1 X51.750 Y60.000 E100.05728 F2400
G1 X51.825 Y59.526 E100.07323 F2400
G1 X52.154 Y57.451 E100.14313 F2400
G1 X52.371 Y57.023 E100.15908 F2400
G1 X53.326 Y55.151 E100.22898 F2400
G1 X53.665 Y54.812 E100.24494 F2400
G1 X55.151 Y53.326 E100.31483 F2400
G1 X55.151 Y66.674 E100.75882 F2400
G1 E99.25882 F1500  ; retract
G1 X51.914 Y65.875 F9000
G1 E100.75882 F1500  ; un-retract
G1 X50.760 Y63.609 E100.84339 F2400
G1 X50.494 Y63.089 E100.86282 F2400
G1 X51.914 Y65.875 E100.96683 F2400
G1 E99.46683 F1500  ; retract
G1 X50.494 Y63.089 F9000
G1 E100.96683 F1500  ; un-retract
G1 X50.096 Y60.577 E101.05141 F2400
G1 X50.005 Y60.000 E101.07084 F2400
G1 X50.494 Y63.089 E101.17485 F2400
G1 E99.67485 F1500  ; retract
G1 X50.494 Y56.911 F9000
G1 E101.17485 F1500  ; un-retract
G1 X50.403 Y57.489 E101.19428 F2400
G1 X50.005 Y60.000 E101.27886 F2400
G1 X50.494 Y56.911 E101.38286 F2400
G1 E99.88286 F1500  ; retract
G1 X51.914 Y54.125 F9000
G1 E101.38286 F1500  ; un-retract
G1 X51.649 Y54.646 E101.40230 F2400
G1 X50.494 Y56.911 E101.48687 F2400
G1 X51.914 Y54.125 E101.59088 F2400
G1 E100.09088 F1500  ; retract
G1 X54.125 Y51.914 F9000
G1 E101.59088 F1500  ; un-retract
G1 X53.712 Y52.327 E101.61031 F2400
G1 X51.914 Y54.125 E101.69489 F2400
G1 X54.125 Y51.914 E101.79889 F2400
G1 E100.29889 F1500  ; retract
G1 X64.991 Y55.272 F9000
G1 E101.79889 F1500  ; un-retract
G1 X67.832 Y58.114 E101.93255 F3600
G1 E100.43255 F1500  ; retract
G1 X64.991 Y58.101 F9000
G1 E101.93255 F1500  ; un-retract
G1 X67.923 Y61.033 E102.07047 F3600
G1 E100.57047 F1500  ; retract
G1 X64.991 Y60.929 F9000
G1 E102.07047 F1500  ; un-retract
G1 X67.288 Y63.226 E102.17852 F3600
G1 E100.67852 F1500  ; retract
G1 X64.991 Y63.758 F9000
G1 E102.17852 F1500  ; un-retract
G1 X66.237 Y65.004 E102.23714 F3600
G1 E100.73714 F1500  ; retract
G1 X53.582 Y55.177 F9000
G1 E102.23714 F1500  ; un-retract
G1 X55.009 Y56.605 E102.30428 F3600
G1 E100.80428 F1500  ; retract
G1 X52.590 Y57.014 F9000
G1 E102.30428 F1500  ; un-retract
G1 X55.009 Y59.433 E102.41809 F3600
G1 E100.91809 F1500  ; retract
G1 X52.028 Y59.280 F9000
G1 E102.41809 F1500  ; un-retract
G1 X55.009 Y62.262 E102.55833 F3600
G1 E101.05833 F1500  ; retract
G1 X52.236 Y62.317 F9000
G1 E102.55833 F1500  ; un-retract
G1 X55.009 Y65.090 E102.68879 F3600

; layer 20  z=4.050
G1 Z4.050 F1200
G1 E101.18879 F1500  ; retract
G1 X68.297 Y54.550 F9000
G1 E102.68879 F1500  ; un-retract
G1 X67.136 Y53.273 E102.74618 F2400
G1 X66.207 Y52.253 E102.79208 F2400
G1 X68.297 Y54.550 E102.89538 F2400
G1 E101.39538 F1500  ; retract
G1 X65.158 Y53.561 F9000
G1 E102.89538 F1500  ; un-retract
G1 X66.118 Y54.616 E102.94282 F2400
G1 X66.895 Y55.471 E102.98123 F2400
G1 X67.482 Y56.770 E103.02867 F2400
G1 X67.958 Y57.823 E103.06708 F2400
G1 X68.114 Y59.241 E103.11452 F2400
G1 X68.241 Y60.389 E103.15293 F2400
G1 X67.952 Y61.785 E103.20037 F2400
G1 X67.717 Y62.916 E103.23878 F2400
G1 X67.011 Y64.155 E103.28622 F2400
G1 X66.439 Y65.158 E103.32463 F2400
G1 X65.384 Y66.118 E103.37207 F2400
G1 X64.529 Y66.895 E103.41049 F2400
G1 X65.158 Y53.561 E103.85447 F2400
G1 E102.35447 F1500  ; retract
G1 X69.575 Y57.380 F9000
G1 E103.85447 F1500  ; un-retract
G1 X68.865 Y55.808 E103.91187 F2400
G1 X68.297 Y54.550 E103.95777 F2400
G1 X69.575 Y57.380 E104.06107 F2400
G1 E102.56107 F1500  ; retract
G1 X69.916 Y60.468 F9000
G1 E104.06107 F1500  ; un-retract
G1 X69.727 Y58.752 E104.11847 F2400
G1 X69.575 Y57.380 E104.16437 F2400
G1 X69.916 Y60.468 E104.26767 F2400
G1 E102.76767 F1500  ; retract
G1 X69.286 Y63.509 F9000
G1 E104.26767 F1500  ; un-retract
G1 X69.636 Y61.819 E104.32507 F2400
G1 X69.916 Y60.468 E104.37098 F2400
G1 X69.286 Y63.509 E104.47428 F2400
G1 E102.97428 F1500  ; retract
G1 X69.286 Y63.509 F9000
G1 E104.47428 F1500  ; un-retract
G1 X68.602 Y64.708 E104.52018 F2400
G1 X67.747 Y66.207 E104.57758 F2400
G1 X69.286 Y63.509 E104.68088 F2400
G1 E103.18088 F1500  ; retract
G1 X65.450 Y68.297 F9000
G1 E104.68088 F1500  ; un-retract
G1 X66.727 Y67.136 E104.73828 F2400
G1 X67.747 Y66.207 E104.78418 F2400
G1 X65.450 Y68.297 E104.88748 F2400
G1 E103.38748 F1500  ; retract
G1 X51.703 Y65.450 F9000
G1 E104.88748 F1500  ; un-retract
G1 X52.864 Y66.727 E104.94488 F2400
G1 X53.793 Y67.747 E104.99078 F2400
G1 X51.703 Y65.450 E105.09408 F2400
G1 E103.59408 F1500  ; retract
G1 X54.842 Y66.439 F9000
G1 E105.09408 F1500  ; un-retract
G1 X53.882 Y65.384 E105.14152 F2400
G1 X53.105 Y64.529 E105.17993 F2400
G1 X52.518 Y63.230 E105.22737 F2400
G1 X52.042 Y62.177 E105.26578 F2400
G1 X51.886 Y60.759 E105.31322 F2400
G1 X51.759 Y59.611 E105.35163 F2400
G1 X52.048 Y58.215 E105.39907 F2400
G1 X52.283 Y57.084 E105.43748 F2400
G1 X52.989 Y55.845 E105.48492 F2400
G1 X53.561 Y54.842 E105.52333 F2400
G1 X54.616 Y53.882 E105.57077 F2400
G1 X55.471 Y53.105 E105.60918 F2400
G1 X54.842 Y66.439 E106.05317 F2400
G1 E104.55317 F1500  ; retract
G1 X50.425 Y62.620 F9000
G1 E106.05317 F1500  ; un-retract
G1 X51.135 Y64.192 E106.11056 F2400
G1 X51.703 Y65.450 E106.15647 F2400
G1 X50.425 Y62.620 E106.25977 F2400
G1 E104.75977 F1500  ; retract
G1 X50.084 Y59.532 F9000
G1 E106.25977 F1500  ; un-retract
G1 X50.273 Y61.248 E106.31717 F2400
G1 X50.425 Y62.620 E106.36307 F2400
G1 X50.084 Y59.532 E106.46637 F2400
G1 E104.96637 F1500  ; retract
G1 X50.714 Y56.491 F9000
G1 E106.46637 F1500  ; un-retract
G1 X50.364 Y58.181 E106.52377 F2400
G1 X50.084 Y59.532 E106.56967 F2400
G1 X50.714 Y56.491 E106.67298 F2400
G1 E105.17298 F1500  ; retract
G1 X50.714 Y56.491 F9000
G1 E106.67298 F1500  ; un-retract
G1 X51.398 Y55.292 E106.71888 F2400
G1 X52.253 Y53.793 E106.77628 F2400
G1 X50.714 Y56.491 E106.87958 F2400
G1 E105.37958 F1500  ; retract
G1 X54.550 Y51.703 F9000
G1 E106.87958 F1500  ; un-retract
G1 X53.273 Y52.864 E106.93698 F2400
G1 X52.253 Y53.793 E106.98288 F2400
G1 X54.550 Y51.703 E107.08618 F2400
G1 E105.58618 F1500  ; retract
G1 X67.817 Y61.895 F9000
G1 E107.08618 F1500  ; un-retract
G1 X64.756 Y64.956 E107.23017 F3600
G1 E105.73017 F1500  ; retract
G1 X67.926 Y58.957 F9000
G1 E107.23017 F1500  ; un-retract
G1 X64.896 Y61.987 E107.37270 F3600
G1 E105.87270 F1500  ; retract
G1 X67.279 Y56.775 F9000
G1 E107.37270 F1500  ; un-retract
G1 X65.036 Y59.019 E107.47823 F3600
G1 E105.97823 F1500  ; retract
G1 X66.211 Y55.015 F9000
G1 E107.47823 F1500  ; un-retract
G1 X65.176 Y56.051 E107.52692 F3600
G1 E106.02692 F1500  ; retract
G1 X54.843 Y63.555 F9000
G1 E107.52692 F1500  ; un-retract
G1 X53.610 Y64.788 E107.58492 F3600
G1 E106.08492 F1500  ; retract
G1 X54.983 Y60.586 F9000
G1 E107.58492 F1500  ; un-retract
G1 X52.604 Y62.966 E107.69683 F3600
G1 E106.19683 F1500  ; retract
G1 X55.123 Y57.618 F9000
G1 E107.69683 F1500  ; un-retract
G1 X52.037 Y60.704 E107.84200 F3600
G1 E106.34200 F1500  ; retract
G1 X55.263 Y54.649 F9000
G1 E107.84200 F1500  ; un-retract
G1 X52.281 Y57.631 E107.98224 F3600

; layer 21  z=4.250
G1 Z4.250 F1200
G1 E106.48224 F1500  ; retract
G1 X66.496 Y52.632 F9000
G1 E107.98224 F1500  ; un-retract
G1 X66.932 Y53.159 E108.00499 F2400
G1 X68.455 Y55.000 E108.08445 F2400
G1 X66.496 Y52.632 E108.18667 F2400
G1 E106.68667 F1500  ; retract
G1 X65.456 Y53.812 F9000
G1 E108.18667 F1500  ; un-retract
G1 X66.730 Y55.352 E108.25317 F2400
G1 X67.101 Y55.800 E108.27252 F2400
G1 X67.837 Y57.659 E108.33902 F2400
G1 X68.051 Y58.200 E108.35837 F2400
G1 X68.177 Y60.196 E108.42487 F2400
G1 X68.213 Y60.776 E108.44422 F2400
G1 X67.716 Y62.713 E108.51072 F2400
G1 X67.572 Y63.276 E108.53007 F2400
G1 X66.500 Y64.965 E108.59657 F2400
G1 X66.188 Y65.456 E108.61592 F2400
G1 X64.648 Y66.730 E108.68242 F2400
G1 X64.200 Y67.101 E108.70177 F2400
G1 X65.456 Y53.812 E109.14575 F2400
G1 E107.64575 F1500  ; retract
G1 X68.455 Y55.000 F9000
G1 E109.14575 F1500  ; un-retract
G1 X68.707 Y55.636 E109.16850 F2400
G1 X69.586 Y57.857 E109.24796 F2400
G1 X68.455 Y55.000 E109.35018 F2400
G1 E107.85018 F1500  ; retract
G1 X69.586 Y57.857 F9000
G1 E109.35018 F1500  ; un-retract
G1 X69.629 Y58.540 E109.37292 F2400
G1 X69.779 Y60.924 E109.45239 F2400
G1 X69.586 Y57.857 E109.55461 F2400
G1 E108.05461 F1500  ; retract
G1 X69.015 Y63.901 F9000
G1 E109.55461 F1500  ; un-retract
G1 X69.609 Y61.587 E109.63407 F2400
G1 X69.779 Y60.924 E109.65682 F2400
G1 X69.015 Y63.901 E109.75903 F2400
G1 E108.25903 F1500  ; retract
G1 X69.015 Y63.901 F9000
G1 E109.75903 F1500  ; un-retract
G1 X68.648 Y64.478 E109.78178 F2400
G1 X67.368 Y66.496 E109.86125 F2400
G1 X69.015 Y63.901 E109.96346 F2400
G1 E108.46346 F1500  ; retract
G1 X67.368 Y66.496 F9000
G1 E109.96346 F1500  ; un-retract
G1 X66.841 Y66.932 E109.98621 F2400
G1 X65.000 Y68.455 E110.06568 F2400
G1 X67.368 Y66.496 E110.16789 F2400
G1 E108.66789 F1500  ; retract
G1 X53.504 Y67.368 F9000
G1 E110.16789 F1500  ; un-retract
G1 X53.068 Y66.841 E110.19064 F2400
G1 X51.545 Y65.000 E110.27010 F2400
G1 X53.504 Y67.368 E110.37232 F2400
G1 E108.87232 F1500  ; retract
G1 X54.544 Y66.188 F9000
G1 E110.37232 F1500  ; un-retract
G1 X53.270 Y64.648 E110.43882 F2400
G1 X52.899 Y64.200 E110.45817 F2400
G1 X52.163 Y62.341 E110.52467 F2400
G1 X51.949 Y61.800 E110.54402 F2400
G1 X51.823 Y59.804 E110.61052 F2400
G1 X51.787 Y59.224 E110.62987 F2400
G1 X52.284 Y57.287 E110.69637 F2400
G1 X52.428 Y56.724 E110.71572 F2400
G1 X53.500 Y55.035 E110.78222 F2400
G1 X53.812 Y54.544 E110.80157 F2400
G1 X55.352 Y53.270 E110.86807 F2400
G1 X55.800 Y52.899 E110.88742 F2400
G1 X54.544 Y66.188 E111.33140 F2400
G1 E109.83140 F1500  ; retract
G1 X51.545 Y65.000 F9000
G1 E111.33140 F1500  ; un-retract
G1 X51.294 Y64.364 E111.35415 F2400
G1 X50.414 Y62.143 E111.43361 F2400
G1 X51.545 Y65.000 E111.53583 F2400
G1 E110.03583 F1500  ; retract
G1 X50.414 Y62.143 F9000
G1 E111.53583 F1500  ; un-retract
G1 X50.371 Y61.460 E111.55857 F2400
G1 X50.221 Y59.076 E111.63804 F2400
G1 X50.414 Y62.143 E111.74026 F2400
G1 E110.24026 F1500  ; retract
G1 X50.985 Y56.099 F9000
G1 E111.74026 F1500  ; un-retract
G1 X50.391 Y58.413 E111.81972 F2400
G1 X50.221 Y59.076 E111.84247 F2400
G1 X50.985 Y56.099 E111.94468 F2400
G1 E110.44468 F1500  ; retract
G1 X50.985 Y56.099 F9000
G1 E111.94468 F1500  ; un-retract
G1 X51.352 Y55.522 E111.96743 F2400
G1 X52.632 Y53.504 E112.04690 F2400
G1 X50.985 Y56.099 E112.14911 F2400
G1 E110.64911 F1500  ; retract
G1 X52.632 Y53.504 F9000
G1 E112.14911 F1500  ; un-retract
G1 X53.159 Y53.068 E112.17186 F2400
G1 X55.000 Y51.545 E112.25133 F2400
G1 X52.632 Y53.504 E112.35354 F2400
G1 E110.85354 F1500  ; retract
G1 X65.423 Y55.801 F9000
G1 E112.35354 F1500  ; un-retract
G1 X67.925 Y58.304 E112.47127 F3600
G1 E110.97127 F1500  ; retract
G1 X65.178 Y58.386 F9000
G1 E112.47127 F1500  ; un-retract
G1 X67.940 Y61.148 E112.60119 F3600
G1 E111.10119 F1500  ; retract
G1 X64.934 Y60.970 F9000
G1 E112.60119 F1500  ; un-retract
G1 X67.302 Y63.337 E112.71256 F3600
G1 E111.21256 F1500  ; retract
G1 X54.976 Y53.840 F9000
G1 E112.71256 F1500  ; un-retract
G1 X55.506 Y54.371 E112.73753 F3600
G1 E111.23753 F1500  ; retract
G1 X64.690 Y63.554 F9000
G1 E112.73753 F1500  ; un-retract
G1 X66.204 Y65.068 E112.80874 F3600
G1 E111.30874 F1500  ; retract
G1 X53.580 Y55.273 F9000
G1 E112.80874 F1500  ; un-retract
G1 X55.262 Y56.955 E112.88785 F3600
G1 E111.38785 F1500  ; retract
G1 X64.445 Y66.138 F9000
G1 E112.88785 F1500  ; un-retract
G1 X64.720 Y66.412 E112.90075 F3600
G1 E111.40075 F1500  ; retract
G1 X52.524 Y57.045 F9000
G1 E112.90075 F1500  ; un-retract
G1 X55.018 Y59.539 E113.01807 F3600
G1 E111.51807 F1500  ; retract
G1 X51.946 Y59.295 F9000
G1 E113.01807 F1500  ; un-retract
G1 X54.774 Y62.123 E113.15108 F3600
G1 E111.65108 F1500  ; retract
G1 X52.304 Y62.482 F9000
G1 E113.15108 F1500  ; un-retract
G1 X54.529 Y64.707 E113.25575 F3600

; layer 22  z=4.450
G1 Z4.450 F1200
G1 E111.75575 F1500  ; retract
G1 X68.553 Y55.471 F9000
G1 E113.25575 F1500  ; un-retract
G1 X66.929 Y53.308 E113.34571 F2400
G1 X66.735 Y53.050 E113.35646 F2400
G1 X68.553 Y55.471 E113.45716 F2400
G1 E111.95716 F1500  ; retract
G1 X65.741 Y54.075 F9000
G1 E113.45716 F1500  ; un-retract
G1 X67.123 Y55.916 E113.53369 F2400
G1 X67.291 Y56.140 E113.54301 F2400
G1 X68.036 Y58.316 E113.61954 F2400
G1 X68.127 Y58.582 E113.62886 F2400
G1 X68.163 Y60.882 E113.70540 F2400
G1 X68.168 Y61.162 E113.71471 F2400
G1 X67.491 Y63.362 E113.79125 F2400
G1 X67.409 Y63.630 E113.80056 F2400
G1 X66.086 Y65.512 E113.87709 F2400
G1 X65.924 Y65.741 E113.88642 F2400
G1 X64.085 Y67.123 E113.96294 F2400
G1 X63.860 Y67.291 E113.97227 F2400
G1 X65.741 Y54.075 E114.41625 F2400
G1 E112.91625 F1500  ; retract
G1 X68.553 Y55.471 F9000
G1 E114.41625 F1500  ; un-retract
G1 X68.658 Y55.777 E114.42699 F2400
G1 X69.534 Y58.336 E114.51696 F2400
G1 X68.553 Y55.471 E114.61767 F2400
G1 E113.11767 F1500  ; retract
G1 X69.534 Y58.336 F9000
G1 E114.61767 F1500  ; un-retract
G1 X69.539 Y58.659 E114.62841 F2400
G1 X69.581 Y61.364 E114.71837 F2400
G1 X69.534 Y58.336 E114.81908 F2400
G1 E113.31908 F1500  ; retract
G1 X68.691 Y64.258 F9000
G1 E114.81908 F1500  ; un-retract
G1 X69.486 Y61.672 E114.90905 F2400
G1 X69.581 Y61.364 E114.91979 F2400
G1 X68.691 Y64.258 E115.02050 F2400
G1 E113.52050 F1500  ; retract
G1 X66.950 Y66.735 F9000
G1 E115.02050 F1500  ; un-retract
G1 X68.505 Y64.522 E115.11047 F2400
G1 X68.691 Y64.258 E115.12121 F2400
G1 X66.950 Y66.735 E115.22192 F2400
G1 E113.72192 F1500  ; retract
G1 X64.529 Y68.553 F9000
G1 E115.22192 F1500  ; un-retract
G1 X66.692 Y66.929 E115.31189 F2400
G1 X66.950 Y66.735 E115.32263 F2400
G1 X64.529 Y68.553 E115.42334 F2400
G1 E113.92334 F1500  ; retract
G1 X51.447 Y64.529 F9000
G1 E115.42334 F1500  ; un-retract
G1 X53.071 Y66.692 E115.51331 F2400
G1 X53.265 Y66.950 E115.52405 F2400
G1 X51.447 Y64.529 E115.62476 F2400
G1 E114.12476 F1500  ; retract
G1 X54.259 Y65.924 F9000
G1 E115.62476 F1500  ; un-retract
G1 X52.877 Y64.085 E115.70129 F2400
G1 X52.709 Y63.860 E115.71061 F2400
G1 X51.964 Y61.684 E115.78714 F2400
G1 X51.873 Y61.418 E115.79646 F2400
G1 X51.837 Y59.118 E115.87299 F2400
G1 X51.832 Y58.838 E115.88231 F2400
G1 X52.509 Y56.638 E115.95884 F2400
G1 X52.591 Y56.370 E115.96816 F2400
G1 X53.914 Y54.488 E116.04469 F2400
G1 X54.075 Y54.259 E116.05401 F2400
G1 X55.916 Y52.877 E116.13054 F2400
G1 X56.140 Y52.709 E116.13986 F2400
G1 X54.259 Y65.924 E116.58384 F2400
G1 E115.08384 F1500  ; retract
G1 X51.447 Y64.529 F9000
G1 E116.58384 F1500  ; un-retract
G1 X51.342 Y64.223 E116.59458 F2400
G1 X50.466 Y61.664 E116.68455 F2400
G1 X51.447 Y64.529 E116.78526 F2400
G1 E115.28526 F1500  ; retract
G1 X50.466 Y61.664 F9000
G1 E116.78526 F1500  ; un-retract
G1 X50.461 Y61.341 E116.79600 F2400
G1 X50.419 Y58.636 E116.88597 F2400
G1 X50.466 Y61.664 E116.98667 F2400
G1 E115.48667 F1500  ; retract
G1 X51.309 Y55.742 F9000
G1 E116.98667 F1500  ; un-retract
G1 X50.514 Y58.328 E117.07664 F2400
G1 X50.419 Y58.636 E117.08738 F2400
G1 X51.309 Y55.742 E117.18809 F2400
G1 E115.68809 F1500  ; retract
G1 X53.050 Y53.265 F9000
G1 E117.18809 F1500  ; un-retract
G1 X51.495 Y55.478 E117.27806 F2400
G1 X51.309 Y55.742 E117.28880 F2400
G1 X53.050 Y53.265 E117.38951 F2400
G1 E115.88951 F1500  ; retract
G1 X55.471 Y51.447 F9000
G1 E117.38951 F1500  ; un-retract
G1 X53.308 Y53.071 E117.47948 F2400
G1 X53.050 Y53.265 E117.49022 F2400
G1 X55.471 Y51.447 E117.59093 F2400
G1 E116.09093 F1500  ; retract
G1 X67.976 Y61.466 F9000
G1 E117.59093 F1500  ; un-retract
G1 X64.285 Y65.157 E117.76454 F3600
G1 E116.26454 F1500  ; retract
G1 X67.962 Y58.652 F9000
G1 E117.76454 F1500  ; un-retract
G1 X64.755 Y61.859 E117.91538 F3600
G1 E116.41538 F1500  ; retract
G1 X67.240 Y56.545 F9000
G1 E117.91538 F1500  ; un-retract
G1 X65.224 Y58.561 E118.01021 F3600
G1 E116.51021 F1500  ; retract
G1 X66.089 Y54.868 F9000
G1 E118.01021 F1500  ; un-retract
G1 X65.694 Y55.264 E118.02881 F3600
G1 E116.52881 F1500  ; retract
G1 X54.458 Y63.670 F9000
G1 E118.02881 F1500  ; un-retract
G1 X53.519 Y64.610 E118.07298 F3600
G1 E116.57298 F1500  ; retract
G1 X54.928 Y60.373 F9000
G1 E118.07298 F1500  ; un-retract
G1 X52.527 Y62.774 E118.18591 F3600
G1 E116.68591 F1500  ; retract
G1 X55.397 Y57.075 F9000
G1 E118.18591 F1500  ; un-retract
G1 X52.002 Y60.470 E118.34562 F3600
G1 E116.84562 F1500  ; retract
G1 X55.866 Y53.777 F9000
G1 E118.34562 F1500  ; un-retract
G1 X52.430 Y57.214 E118.50726 F3600

; layer 23  z=4.650
G1 Z4.650 F1200
G1 E117.00726 F1500  ; retract
G1 X66.919 Y53.503 F9000
G1 E118.50726 F1500  ; un-retract
G1 X67.051 Y53.697 E118.51509 F2400
G1 X68.588 Y55.959 E118.60602 F2400
G1 X66.919 Y53.503 E118.70479 F2400
G1 E117.20479 F1500  ; retract
G1 X66.014 Y54.352 F9000
G1 E118.70479 F1500  ; un-retract
G1 X67.347 Y56.314 E118.78368 F2400
G1 X67.465 Y56.487 E118.79064 F2400
G1 X68.127 Y58.765 E118.86953 F2400
G1 X68.185 Y58.966 E118.87649 F2400
G1 X68.110 Y61.337 E118.95538 F2400
G1 X68.104 Y61.546 E118.96234 F2400
G1 X67.300 Y63.778 E119.04123 F2400
G1 X67.230 Y63.974 E119.04819 F2400
G1 X65.776 Y65.849 E119.12708 F2400
G1 X65.647 Y66.014 E119.13404 F2400
G1 X63.686 Y67.347 E119.21293 F2400
G1 X63.513 Y67.465 E119.21989 F2400
G1 X66.014 Y54.352 E119.66387 F2400
G1 E118.16387 F1500  ; retract
G1 X69.417 Y58.810 F9000
G1 E119.66387 F1500  ; un-retract
G1 X68.654 Y56.185 E119.75480 F2400
G1 X68.588 Y55.959 E119.76264 F2400
G1 X69.417 Y58.810 E119.86141 F2400
G1 E118.36141 F1500  ; retract
G1 X69.417 Y58.810 F9000
G1 E119.86141 F1500  ; un-retract
G1 X69.409 Y59.046 E119.86924 F2400
G1 X69.323 Y61.779 E119.96018 F2400
G1 X69.417 Y58.810 E120.05894 F2400
G1 E118.55894 F1500  ; retract
G1 X69.323 Y61.779 F9000
G1 E120.05894 F1500  ; un-retract
G1 X69.243 Y62.000 E120.06678 F2400
G1 X68.317 Y64.573 E120.15771 F2400
G1 X69.323 Y61.779 E120.25648 F2400
G1 E118.75648 F1500  ; retract
G1 X68.317 Y64.573 F9000
G1 E120.25648 F1500  ; un-retract
G1 X68.173 Y64.759 E120.26432 F2400
G1 X66.497 Y66.919 E120.35525 F2400
G1 X68.317 Y64.573 E120.45402 F2400
G1 E118.95402 F1500  ; retract
G1 X66.497 Y66.919 F9000
G1 E120.45402 F1500  ; un-retract
G1 X66.302 Y67.051 E120.46186 F2400
G1 X64.041 Y68.588 E120.55279 F2400
G1 X66.497 Y66.919 E120.65155 F2400
G1 E119.15155 F1500  ; retract
G1 X53.081 Y66.497 F9000
G1 E120.65155 F1500  ; un-retract
G1 X52.949 Y66.302 E120.65939 F2400
G1 X51.412 Y64.041 E120.75032 F2400
G1 X53.081 Y66.497 E120.84908 F2400
G1 E119.34908 F1500  ; retract
G1 X53.986 Y65.647 F9000
G1 E120.84908 F1500  ; un-retract
G1 X52.653 Y63.686 E120.92798 F2400
G1 X52.535 Y63.513 E120.93493 F2400
G1 X51.873 Y61.235 E121.01383 F2400
G1 X51.815 Y61.034 E121.02078 F2400
G1 X51.890 Y58.663 E121.09968 F2400
G1 X51.896 Y58.454 E121.10663 F2400
G1 X52.700 Y56.222 E121.18553 F2400
G1 X52.770 Y56.026 E121.19248 F2400
G1 X54.224 Y54.151 E121.27138 F2400
G1 X54.352 Y53.986 E121.27833 F2400
G1 X56.314 Y52.653 E121.35723 F2400
G1 X56.487 Y52.535 E121.36418 F2400
G1 X53.986 Y65.647 E121.80816 F2400
G1 E120.30816 F1500  ; retract
G1 X50.583 Y61.190 F9000
G1 E121.80816 F1500  ; un-retract
G1 X51.346 Y63.815 E121.89910 F2400
G1 X51.412 Y64.041 E121.90693 F2400
G1 X50.583 Y61.190 E122.00570 F2400
G1 E120.50570 F1500  ; retract
G1 X50.583 Y61.190 F9000
G1 E122.00570 F1500  ; un-retract
G1 X50.591 Y60.954 E122.01354 F2400
G1 X50.677 Y58.221 E122.10447 F2400
G1 X50.583 Y61.190 E122.20324 F2400
G1 E120.70324 F1500  ; retract
G1 X50.677 Y58.221 F9000
G1 E122.20324 F1500  ; un-retract
G1 X50.757 Y58.000 E122.21108 F2400
G1 X51.683 Y55.428 E122.30201 F2400
G1 X50.677 Y58.221 E122.40077 F2400
G1 E120.90077 F1500  ; retract
G1 X51.683 Y55.428 F9000
G1 E122.40077 F1500  ; un-retract
G1 X51.827 Y55.241 E122.40861 F2400
G1 X53.503 Y53.081 E122.49955 F2400
G1 X51.683 Y55.428 E122.59832 F2400
G1 E121.09832 F1500  ; retract
G1 X53.503 Y53.081 F9000
G1 E122.59832 F1500  ; un-retract
G1 X53.697 Y52.949 E122.60615 F2400
G1 X55.959 Y51.412 E122.69708 F2400
G1 X53.503 Y53.081 E122.79585 F2400
G1 E121.29585 F1500  ; retract
G1 X65.757 Y56.583 F9000
G1 E122.79585 F1500  ; un-retract
G1 X68.042 Y58.868 E122.90334 F3600
G1 E121.40334 F1500  ; retract
G1 X65.304 Y58.959 F9000
G1 E122.90334 F1500  ; un-retract
G1 X67.906 Y61.561 E123.02575 F3600
G1 E121.52575 F1500  ; retract
G1 X64.851 Y61.334 F9000
G1 E123.02575 F1500  ; un-retract
G1 X67.157 Y63.641 E123.13425 F3600
G1 E121.63425 F1500  ; retract
G1 X54.686 Y53.997 F9000
G1 E123.13425 F1500  ; un-retract
G1 X55.823 Y55.135 E123.18775 F3600
G1 E121.68775 F1500  ; retract
G1 X64.398 Y63.709 F9000
G1 E123.18775 F1500  ; un-retract
G1 X65.967 Y65.279 E123.26157 F3600
G1 E121.76157 F1500  ; retract
G1 X53.399 Y55.539 F9000
G1 E123.26157 F1500  ; un-retract
G1 X55.370 Y57.510 E123.35428 F3600
G1 E121.85428 F1500  ; retract
G1 X63.944 Y66.084 F9000
G1 E123.35428 F1500  ; un-retract
G1 X64.450 Y66.590 E123.37807 F3600
G1 E121.87807 F1500  ; retract
G1 X52.458 Y57.427 F9000
G1 E123.37807 F1500  ; un-retract
G1 X54.917 Y59.885 E123.49371 F3600
G1 E121.99371 F1500  ; retract
G1 X52.000 Y59.797 F9000
G1 E123.49371 F1500  ; un-retract
G1 X54.464 Y62.261 E123.60960 F3600
G1 E122.10960 F1500  ; retract
G1 X52.532 Y63.158 F9000
G1 E123.60960 F1500  ; un-retract
G1 X54.011 Y64.636 E123.67913 F3600

; layer 24  z=4.850
G1 Z4.850 F1200
G1 E122.17913 F1500  ; retract
G1 X60.067 Y60.000 F9000
G1 E123.67913 F1500  ; un-retract
G1 X60.062 Y60.026 E123.67999 F2400
G1 X60.047 Y60.047 E123.68086 F2400
G1 X60.026 Y60.062 E123.68172 F2400
G1 X60.000 Y60.067 E123.68259 F2400
G1 X59.974 Y60.062 E123.68345 F2400
G1 X59.953 Y60.047 E123.68432 F2400
G1 X59.938 Y60.026 E123.68518 F2400
G1 X59.933 Y60.000 E123.68605 F2400
G1 X59.938 Y59.974 E123.68691 F2400
G1 X59.953 Y59.953 E123.68778 F2400
G1 X59.974 Y59.938 E123.68864 F2400
G1 X60.000 Y59.933 E123.68951 F2400
G1 X60.026 Y59.938 E123.69037 F2400
G1 X60.047 Y59.953 E123.69124 F2400
G1 X60.062 Y59.974 E123.69210 F2400
G1 X60.067 Y60.000 E123.69297 F2400
G1 E122.19297 F1500  ; retract
G1 X67.043 Y53.984 F9000
G1 E123.69297 F1500  ; un-retract
G1 X67.238 Y54.302 E123.70537 F2400
G1 X68.557 Y56.455 E123.78936 F2400
G1 X67.043 Y53.984 E123.88574 F2400
G1 E122.38574 F1500  ; retract
G1 X66.273 Y54.642 F9000
G1 E123.88574 F1500  ; un-retract
G1 X67.445 Y56.553 E123.96030 F2400
G1 X67.622 Y56.843 E123.97159 F2400
G1 X68.145 Y59.023 E124.04615 F2400
G1 X68.225 Y59.353 E124.05744 F2400
G1 X68.049 Y61.587 E124.13200 F2400
G1 X68.022 Y61.926 E124.14329 F2400
G1 X67.164 Y63.997 E124.21785 F2400
G1 X67.034 Y64.311 E124.22914 F2400
G1 X65.579 Y66.015 E124.30370 F2400
G1 X65.358 Y66.273 E124.31499 F2400
G1 X66.273 Y54.642 E124.70304 F2400
G1 E123.20304 F1500  ; retract
G1 X69.234 Y59.273 F9000
G1 E124.70304 F1500  ; un-retract
G1 X68.644 Y56.818 E124.78703 F2400
G1 X68.557 Y56.455 E124.79943 F2400
G1 X69.234 Y59.273 E124.89582 F2400
G1 E123.39582 F1500  ; retract
G1 X69.234 Y59.273 F9000
G1 E124.89582 F1500  ; un-retract
G1 X69.205 Y59.645 E124.90821 F2400
G1 X69.007 Y62.162 E124.99220 F2400
G1 X69.234 Y59.273 E125.08859 F2400
G1 E123.58859 F1500  ; retract
G1 X69.007 Y62.162 F9000
G1 E125.08859 F1500  ; un-retract
G1 X68.864 Y62.507 E125.10098 F2400
G1 X67.897 Y64.840 E125.18497 F2400
G1 X69.007 Y62.162 E125.28136 F2400
G1 E123.78136 F1500  ; retract
G1 X67.897 Y64.840 F9000
G1 E125.28136 F1500  ; un-retract
G1 X67.656 Y65.123 E125.29375 F2400
G1 X66.016 Y67.043 E125.37774 F2400
G1 X67.897 Y64.840 E125.47413 F2400
G1 E123.97413 F1500  ; retract
G1 X52.957 Y66.016 F9000
G1 E125.47413 F1500  ; un-retract
G1 X52.762 Y65.698 E125.48652 F2400
G1 X51.443 Y63.545 E125.57051 F2400
G1 X52.957 Y66.016 E125.66690 F2400
G1 E124.16690 F1500  ; retract
G1 X53.727 Y65.358 F9000
G1 E125.66690 F1500  ; un-retract
G1 X52.555 Y63.447 E125.74146 F2400
G1 X52.378 Y63.157 E125.75275 F2400
G1 X51.855 Y60.977 E125.82731 F2400
G1 X51.775 Y60.647 E125.83860 F2400
G1 X51.951 Y58.413 E125.91315 F2400
G1 X51.978 Y58.074 E125.92445 F2400
G1 X52.836 Y56.003 E125.99901 F2400
G1 X52.966 Y55.689 E126.01030 F2400
G1 X54.422 Y53.985 E126.08486 F2400
G1 X54.642 Y53.727 E126.09615 F2400
G1 X53.727 Y65.358 E126.48420 F2400
G1 E124.98420 F1500  ; retract
G1 X50.766 Y60.727 F9000
G1 E126.48420 F1500  ; un-retract
G1 X51.356 Y63.182 E126.56819 F2400
G1 X51.443 Y63.545 E126.58059 F2400
G1 X50.766 Y60.727 E126.67697 F2400
G1 E125.17697 F1500  ; retract
G1 X50.766 Y60.727 F9000
G1 E126.67697 F1500  ; un-retract
G1 X50.795 Y60.355 E126.68937 F2400
G1 X50.993 Y57.838 E126.77336 F2400
G1 X50.766 Y60.727 E126.86975 F2400
G1 E125.36975 F1500  ; retract
G1 X50.993 Y57.838 F9000
G1 E126.86975 F1500  ; un-retract
G1 X51.136 Y57.493 E126.88214 F2400
G1 X52.102 Y55.160 E126.96613 F2400
G1 X50.993 Y57.838 E127.06251 F2400
G1 E125.56251 F1500  ; retract
G1 X52.102 Y55.160 F9000
G1 E127.06251 F1500  ; un-retract
G1 X52.344 Y54.877 E127.07491 F2400
G1 X53.984 Y52.957 E127.15890 F2400
G1 X52.102 Y55.160 E127.25528 F2400
G1 E125.75528 F1500  ; retract
G1 X67.977 Y60.839 F9000
G1 E127.25528 F1500  ; un-retract
G1 X65.740 Y63.076 E127.36053 F3600
G1 E125.86053 F1500  ; retract
G1 X67.775 Y58.212 F9000
G1 E127.36053 F1500  ; un-retract
G1 X65.981 Y60.006 E127.44491 F3600
G1 E125.94491 F1500  ; retract
G1 X66.984 Y56.175 F9000
G1 E127.44491 F1500  ; un-retract
G1 X66.223 Y56.936 E127.48073 F3600
G1 E125.98073 F1500  ; retract
G1 X53.720 Y63.782 F9000
G1 E127.48073 F1500  ; un-retract
G1 X53.267 Y64.235 E127.50206 F3600
G1 E126.00206 F1500  ; retract
G1 X53.962 Y60.712 F9000
G1 E127.50206 F1500  ; un-retract
G1 X52.353 Y62.321 E127.57776 F3600
G1 E126.07776 F1500  ; retract
G1 X54.204 Y57.642 F9000
G1 E127.57776 F1500  ; un-retract
G1 X51.966 Y59.879 E127.68301 F3600
G1 E126.18301 F1500  ; retract
G1 X54.445 Y54.572 F9000
G1 E127.68301 F1500  ; un-retract
G1 X52.851 Y56.166 E127.75799 F3600

; layer 25  z=5.050
G1 Z5.050 F1200
G1 E126.25799 F1500  ; retract
G1 X60.333 Y60.000 F9000
G1 E127.75799 F1500  ; un-retract
G1 X60.308 Y60.128 E127.76231 F2400
G1 X60.236 Y60.236 E127.76664 F2400
G1 X60.128 Y60.308 E127.77096 F2400
G1 X60.000 Y60.333 E127.77529 F2400
G1 X59.872 Y60.308 E127.77962 F2400
G1 X59.764 Y60.236 E127.78394 F2400
G1 X59.692 Y60.128 E127.78827 F2400
G1 X59.667 Y60.000 E127.79260 F2400
G1 X59.692 Y59.872 E127.79692 F2400
G1 X59.764 Y59.764 E127.80125 F2400
G1 X59.872 Y59.692 E127.80557 F2400
G1 X60.000 Y59.667 E127.80990 F2400
G1 X60.128 Y59.692 E127.81423 F2400
G1 X60.236 Y59.764 E127.81855 F2400
G1 X60.308 Y59.872 E127.82288 F2400
G1 X60.333 Y60.000 E127.82720 F2400
G1 E126.32720 F1500  ; retract
G1 X68.459 Y56.955 F9000
G1 E127.82720 F1500  ; un-retract
G1 X67.438 Y55.096 E127.89772 F2400
G1 X67.104 Y54.489 E127.92076 F2400
G1 X68.459 Y56.955 E128.01432 F2400
G1 E126.51432 F1500  ; retract
G1 X66.519 Y54.944 F9000
G1 E128.01432 F1500  ; un-retract
G1 X67.449 Y56.636 E128.07857 F2400
G1 X67.762 Y57.205 E128.10017 F2400
G1 X68.124 Y59.103 E128.16442 F2400
G1 X68.246 Y59.741 E128.18602 F2400
G1 X68.004 Y61.657 E128.25027 F2400
G1 X67.922 Y62.302 E128.27187 F2400
G1 X67.100 Y64.049 E128.33612 F2400
G1 X66.823 Y64.637 E128.35772 F2400
G1 X65.501 Y66.045 E128.42197 F2400
G1 X65.056 Y66.519 E128.44357 F2400
G1 X66.519 Y54.944 E128.83163 F2400
G1 E127.33163 F1500  ; retract
G1 X68.459 Y56.955 F9000
G1 E128.83163 F1500  ; un-retract
G1 X68.589 Y57.635 E128.85467 F2400
G1 X68.986 Y59.718 E128.92519 F2400
G1 X68.459 Y56.955 E129.01875 F2400
G1 E127.51875 F1500  ; retract
G1 X68.634 Y62.508 F9000
G1 E129.01875 F1500  ; un-retract
G1 X68.900 Y60.405 E129.08927 F2400
G1 X68.986 Y59.718 E129.11231 F2400
G1 X68.634 Y62.508 E129.20587 F2400
G1 E127.70587 F1500  ; retract
G1 X68.634 Y62.508 F9000
G1 E129.20587 F1500  ; un-retract
G1 X68.339 Y63.135 E129.22890 F2400
G1 X67.436 Y65.054 E129.29942 F2400
G1 X68.634 Y62.508 E129.39298 F2400
G1 E127.89298 F1500  ; retract
G1 X65.511 Y67.104 F9000
G1 E129.39298 F1500  ; un-retract
G1 X66.962 Y65.558 E129.46350 F2400
G1 X67.436 Y65.054 E129.48654 F2400
G1 X65.511 Y67.104 E129.58010 F2400
G1 E128.08010 F1500  ; retract
G1 X51.541 Y63.045 F9000
G1 E129.58010 F1500  ; un-retract
G1 X52.562 Y64.903 E129.65062 F2400
G1 X52.896 Y65.511 E129.67366 F2400
G1 X51.541 Y63.045 E129.76722 F2400
G1 E128.26722 F1500  ; retract
G1 X53.481 Y65.056 F9000
G1 E129.76722 F1500  ; un-retract
G1 X52.551 Y63.364 E129.83146 F2400
G1 X52.238 Y62.795 E129.85307 F2400
G1 X51.876 Y60.897 E129.91731 F2400
G1 X51.754 Y60.259 E129.93892 F2400
G1 X51.996 Y58.343 E130.00316 F2400
G1 X52.078 Y57.698 E130.02477 F2400
G1 X52.900 Y55.951 E130.08901 F2400
G1 X53.177 Y55.363 E130.11062 F2400
G1 X54.499 Y53.955 E130.17486 F2400
G1 X54.944 Y53.481 E130.19647 F2400
G1 X53.481 Y65.056 E130.58452 F2400
G1 E129.08452 F1500  ; retract
G1 X51.541 Y63.045 F9000
G1 E130.58452 F1500  ; un-retract
G1 X51.411 Y62.365 E130.60756 F2400
G1 X51.014 Y60.282 E130.67808 F2400
G1 X51.541 Y63.045 E130.77164 F2400
G1 E129.27164 F1500  ; retract
G1 X51.366 Y57.492 F9000
G1 E130.77164 F1500  ; un-retract
G1 X51.100 Y59.595 E130.84216 F2400
G1 X51.014 Y60.282 E130.86520 F2400
G1 X51.366 Y57.492 E130.95876 F2400
G1 E129.45876 F1500  ; retract
G1 X51.366 Y57.492 F9000
G1 E130.95876 F1500  ; un-retract
G1 X51.661 Y56.865 E130.98180 F2400
G1 X52.564 Y54.946 E131.05232 F2400
G1 X51.366 Y57.492 E131.14588 F2400
G1 E129.64588 F1500  ; retract
G1 X54.489 Y52.896 F9000
G1 E131.14588 F1500  ; un-retract
G1 X53.038 Y54.441 E131.21640 F2400
G1 X52.564 Y54.946 E131.23944 F2400
G1 X54.489 Y52.896 E131.33299 F2400
G1 E129.83299 F1500  ; retract
G1 X66.618 Y55.418 F9000
G1 E131.33299 F1500  ; un-retract
G1 X66.835 Y55.635 E131.34320 F3600
G1 E129.84320 F1500  ; retract
G1 X66.301 Y57.929 F9000
G1 E131.34320 F1500  ; un-retract
G1 X68.090 Y59.718 E131.42733 F3600
G1 E129.92733 F1500  ; retract
G1 X65.984 Y60.440 F9000
G1 E131.42733 F1500  ; un-retract
G1 X67.756 Y62.213 E131.51070 F3600
G1 E130.01070 F1500  ; retract
G1 X65.666 Y62.951 F9000
G1 E131.51070 F1500  ; un-retract
G1 X66.851 Y64.136 E131.56643 F3600
G1 E130.06643 F1500  ; retract
G1 X54.322 Y54.435 F9000
G1 E131.56643 F1500  ; un-retract
G1 X54.625 Y54.739 E131.58071 F3600
G1 E130.08071 F1500  ; retract
G1 X59.860 Y59.974 F9000
G1 E131.58071 F1500  ; un-retract
G1 X60.026 Y60.140 E131.58852 F3600
G1 E130.08852 F1500  ; retract
G1 X65.349 Y65.463 F9000
G1 E131.58852 F1500  ; un-retract
G1 X65.568 Y65.682 E131.59882 F3600
G1 E130.09882 F1500  ; retract
G1 X53.076 Y56.018 F9000
G1 E131.59882 F1500  ; un-retract
G1 X54.308 Y57.250 E131.65677 F3600
G1 E130.15677 F1500  ; retract
G1 X52.202 Y57.972 F9000
G1 E131.65677 F1500  ; un-retract
G1 X53.991 Y59.761 E131.74090 F3600
G1 E130.24090 F1500  ; retract
G1 X51.918 Y60.516 F9000
G1 E131.74090 F1500  ; un-retract
G1 X53.674 Y62.272 E131.82350 F3600

; layer 26  z=5.250
G1 Z5.250 F1200
G1 E130.32350 F1500  ; retract
G1 X60.600 Y60.000 F9000
G1 E131.82350 F1500  ; un-retract
G1 X60.554 Y60.230 E131.83129 F2400
G1 X60.424 Y60.424 E131.83907 F2400
G1 X60.230 Y60.554 E131.84686 F2400
G1 X60.000 Y60.600 E131.85465 F2400
G1 X59.770 Y60.554 E131.86243 F2400
G1 X59.576 Y60.424 E131.87022 F2400
G1 X59.446 Y60.230 E131.87800 F2400
G1 X59.400 Y60.000 E131.88579 F2400
G1 X59.446 Y59.770 E131.89358 F2400
G1 X59.576 Y59.576 E131.90136 F2400
G1 X59.770 Y59.446 E131.90915 F2400
G1 X60.000 Y59.400 E131.91694 F2400
G1 X60.230 Y59.446 E131.92472 F2400
G1 X60.424 Y59.576 E131.93251 F2400
G1 X60.554 Y59.770 E131.94030 F2400
G1 X60.600 Y60.000 E131.94808 F2400
G1 E130.44808 F1500  ; retract
G1 X67.099 Y55.011 F9000
G1 E131.94808 F1500  ; un-retract
G1 X67.609 Y56.052 E131.98664 F2400
G1 X68.293 Y57.449 E132.03837 F2400
G1 X67.099 Y55.011 E132.12866 F2400
G1 E130.62866 F1500  ; retract
G1 X66.750 Y55.256 F9000
G1 E132.12866 F1500  ; un-retract
G1 X67.391 Y56.566 E132.17717 F2400
G1 X67.885 Y57.574 E132.21451 F2400
G1 X68.091 Y59.018 E132.26302 F2400
G1 X68.249 Y60.130 E132.30036 F2400
G1 X67.998 Y61.566 E132.34888 F2400
G1 X67.805 Y62.672 E132.38621 F2400
G1 X67.123 Y63.961 E132.43472 F2400
G1 X66.597 Y64.954 E132.47206 F2400
G1 X65.550 Y65.969 E132.52058 F2400
G1 X64.744 Y66.750 E132.55791 F2400
G1 X66.750 Y55.256 E132.94596 F2400
G1 E131.44596 F1500  ; retract
G1 X68.675 Y60.136 F9000
G1 E132.94596 F1500  ; un-retract
G1 X68.456 Y58.596 E132.99770 F2400
G1 X68.293 Y57.449 E133.03625 F2400
G1 X68.675 Y60.136 E133.12654 F2400
G1 E131.62654 F1500  ; retract
G1 X68.209 Y62.810 F9000
G1 E133.12654 F1500  ; un-retract
G1 X68.476 Y61.278 E133.17827 F2400
G1 X68.675 Y60.136 E133.21683 F2400
G1 X68.209 Y62.810 E133.30712 F2400
G1 E131.80712 F1500  ; retract
G1 X66.938 Y65.210 F9000
G1 E133.30712 F1500  ; un-retract
G1 X67.666 Y63.835 E133.35885 F2400
G1 X68.209 Y62.810 E133.39740 F2400
G1 X66.938 Y65.210 E133.48769 F2400
G1 E131.98769 F1500  ; retract
G1 X66.938 Y65.210 F9000
G1 E133.48769 F1500  ; un-retract
G1 X66.106 Y66.016 E133.52624 F2400
G1 X64.989 Y67.099 E133.57798 F2400
G1 X66.938 Y65.210 E133.66826 F2400
G1 E132.16826 F1500  ; retract
G1 X52.901 Y64.989 F9000
G1 E133.66826 F1500  ; un-retract
G1 X52.391 Y63.948 E133.70682 F2400
G1 X51.707 Y62.551 E133.75855 F2400
G1 X52.901 Y64.989 E133.84884 F2400
G1 E132.34884 F1500  ; retract
G1 X53.250 Y64.744 F9000
G1 E133.84884 F1500  ; un-retract
G1 X52.609 Y63.434 E133.89736 F2400
G1 X52.115 Y62.426 E133.93469 F2400
G1 X51.909 Y60.982 E133.98320 F2400
G1 X51.751 Y59.870 E134.02054 F2400
G1 X52.002 Y58.434 E134.06906 F2400
G1 X52.195 Y57.328 E134.10639 F2400
G1 X52.877 Y56.039 E134.15491 F2400
G1 X53.403 Y55.047 E134.19224 F2400
G1 X54.450 Y54.032 E134.24076 F2400
G1 X55.256 Y53.250 E134.27809 F2400
G1 X53.250 Y64.744 E134.66614 F2400
G1 E133.16614 F1500  ; retract
G1 X51.325 Y59.864 F9000
G1 E134.66614 F1500  ; un-retract
G1 X51.544 Y61.404 E134.71788 F2400
G1 X51.707 Y62.551 E134.75643 F2400
G1 X51.325 Y59.864 E134.84672 F2400
G1 E133.34672 F1500  ; retract
G1 X51.791 Y57.190 F9000
G1 E134.84672 F1500  ; un-retract
G1 X51.524 Y58.722 E134.89845 F2400
G1 X51.325 Y59.864 E134.93701 F2400
G1 X51.791 Y57.190 E135.02730 F2400
G1 E133.52730 F1500  ; retract
G1 X53.062 Y54.791 F9000
G1 E135.02730 F1500  ; un-retract
G1 X52.334 Y56.165 E135.07903 F2400
G1 X51.791 Y57.190 E135.11758 F2400
G1 X53.062 Y54.791 E135.20787 F2400
G1 E133.70787 F1500  ; retract
G1 X53.062 Y54.791 F9000
G1 E135.20787 F1500  ; un-retract
G1 X53.894 Y53.984 E135.24642 F2400
G1 X55.011 Y52.901 E135.29816 F2400
G1 X53.062 Y54.791 E135.38844 F2400
G1 E133.88844 F1500  ; retract
G1 X67.376 Y63.358 F9000
G1 E135.38844 F1500  ; un-retract
G1 X65.046 Y65.688 E135.49802 F3600
G1 E133.99802 F1500  ; retract
G1 X68.049 Y59.857 F9000
G1 E135.49802 F1500  ; un-retract
G1 X65.644 Y62.261 E135.61114 F3600
G1 E134.11114 F1500  ; retract
G1 X67.618 Y57.459 F9000
G1 E135.61114 F1500  ; un-retract
G1 X66.242 Y58.835 E135.67587 F3600
G1 E134.17587 F1500  ; retract
G1 X59.875 Y59.545 F9000
G1 E135.67587 F1500  ; un-retract
G1 X59.545 Y59.875 E135.69141 F3600
G1 E134.19141 F1500  ; retract
G1 X53.405 Y63.186 F9000
G1 E135.69141 F1500  ; un-retract
G1 X52.931 Y63.661 E135.71375 F3600
G1 E134.21375 F1500  ; retract
G1 X54.003 Y59.760 F9000
G1 E135.71375 F1500  ; un-retract
G1 X52.159 Y61.604 E135.80049 F3600
G1 E134.30049 F1500  ; retract
G1 X54.601 Y56.333 F9000
G1 E135.80049 F1500  ; un-retract
G1 X52.038 Y58.897 E135.92108 F3600

; layer 27  z=5.450
G1 Z5.450 F1200
G1 E134.42108 F1500  ; retract
G1 X60.867 Y60.000 F9000
G1 E135.92108 F1500  ; un-retract
G1 X60.801 Y60.332 E135.93233 F2400
G1 X60.613 Y60.613 E135.94358 F2400
G1 X60.332 Y60.801 E135.95482 F2400
G1 X60.000 Y60.867 E135.96607 F2400
G1 X59.668 Y60.801 E135.97732 F2400
G1 X59.387 Y60.613 E135.98857 F2400
G1 X59.199 Y60.332 E135.99981 F2400
G1 X59.133 Y60.000 E136.01106 F2400
G1 X59.199 Y59.668 E136.02231 F2400
G1 X59.387 Y59.387 E136.03356 F2400
G1 X59.668 Y59.199 E136.04480 F2400
G1 X60.000 Y59.133 E136.05605 F2400
G1 X60.332 Y59.199 E136.06730 F2400
G1 X60.613 Y59.387 E136.07855 F2400
G1 X60.801 Y59.668 E136.08979 F2400
G1 X60.867 Y60.000 E136.10104 F2400
G1 E134.60104 F1500  ; retract
G1 X68.058 Y57.931 F9000
G1 E136.10104 F1500  ; un-retract
G1 X67.715 Y57.138 E136.12977 F2400
G1 X67.024 Y55.542 E136.18761 F2400
G1 X68.058 Y57.931 E136.27419 F2400
G1 E134.77419 F1500  ; retract
G1 X66.966 Y55.579 F9000
G1 E136.27419 F1500  ; un-retract
G1 X67.298 Y56.347 E136.30201 F2400
G1 X67.991 Y57.948 E136.36004 F2400
G1 X68.070 Y58.781 E136.38786 F2400
G1 X68.234 Y60.518 E136.44589 F2400
G1 X68.051 Y61.334 E136.47370 F2400
G1 X67.671 Y63.037 E136.53174 F2400
G1 X67.245 Y63.757 E136.55955 F2400
G1 X66.357 Y65.259 E136.61759 F2400
G1 X65.729 Y65.812 E136.64540 F2400
G1 X64.421 Y66.966 E136.70344 F2400
G1 X66.966 Y55.579 E137.09149 F2400
G1 E135.59149 F1500  ; retract
G1 X68.303 Y60.522 F9000
G1 E137.09149 F1500  ; un-retract
G1 X68.222 Y59.663 E137.12022 F2400
G1 X68.058 Y57.931 E137.17807 F2400
G1 X68.303 Y60.522 E137.26464 F2400
G1 E135.76464 F1500  ; retract
G1 X67.735 Y63.063 F9000
G1 E137.26464 F1500  ; un-retract
G1 X67.924 Y62.220 E137.29337 F2400
G1 X68.303 Y60.522 E137.35121 F2400
G1 X67.735 Y63.063 E137.43778 F2400
G1 E135.93778 F1500  ; retract
G1 X67.735 Y63.063 F9000
G1 E137.43778 F1500  ; un-retract
G1 X66.850 Y64.560 E137.49563 F2400
G1 X66.410 Y65.303 E137.52436 F2400
G1 X67.735 Y63.063 E137.61093 F2400
G1 E136.11093 F1500  ; retract
G1 X64.458 Y67.024 F9000
G1 E137.61093 F1500  ; un-retract
G1 X65.106 Y66.453 E137.63966 F2400
G1 X66.410 Y65.303 E137.69751 F2400
G1 X64.458 Y67.024 E137.78408 F2400
G1 E136.28408 F1500  ; retract
G1 X51.942 Y62.069 F9000
G1 E137.78408 F1500  ; un-retract
G1 X52.285 Y62.862 E137.81281 F2400
G1 X52.976 Y64.458 E137.87065 F2400
G1 X51.942 Y62.069 E137.95723 F2400
G1 E136.45723 F1500  ; retract
G1 X53.034 Y64.421 F9000
G1 E137.95723 F1500  ; un-retract
G1 X52.702 Y63.653 E137.98505 F2400
G1 X52.009 Y62.052 E138.04308 F2400
G1 X51.931 Y61.219 E138.07090 F2400
G1 X51.766 Y59.482 E138.12893 F2400
G1 X51.949 Y58.666 E138.15674 F2400
G1 X52.329 Y56.963 E138.21478 F2400
G1 X52.755 Y56.243 E138.24260 F2400
G1 X53.643 Y54.741 E138.30063 F2400
G1 X54.271 Y54.188 E138.32844 F2400
G1 X55.579 Y53.034 E138.38648 F2400
G1 X53.034 Y64.421 E138.77453 F2400
G1 E137.27453 F1500  ; retract
G1 X51.697 Y59.478 F9000
G1 E138.77453 F1500  ; un-retract
G1 X51.778 Y60.337 E138.80326 F2400
G1 X51.942 Y62.069 E138.86111 F2400
G1 X51.697 Y59.478 E138.94768 F2400
G1 E137.44768 F1500  ; retract
G1 X52.265 Y56.937 F9000
G1 E138.94768 F1500  ; un-retract
G1 X52.076 Y57.780 E138.97641 F2400
G1 X51.697 Y59.478 E139.03425 F2400
G1 X52.265 Y56.937 E139.12083 F2400
G1 E137.62083 F1500  ; retract
G1 X52.265 Y56.937 F9000
G1 E139.12083 F1500  ; un-retract
G1 X53.150 Y55.440 E139.17867 F2400
G1 X53.590 Y54.697 E139.20740 F2400
G1 X52.265 Y56.937 E139.29398 F2400
G1 E137.79398 F1500  ; retract
G1 X55.542 Y52.976 F9000
G1 E139.29398 F1500  ; un-retract
G1 X54.894 Y53.547 E139.32270 F2400
G1 X53.590 Y54.697 E139.38055 F2400
G1 X55.542 Y52.976 E139.46712 F2400
G1 E137.96712 F1500  ; retract
G1 X66.866 Y56.798 F9000
G1 E139.46712 F1500  ; un-retract
G1 X67.830 Y57.762 E139.51245 F3600
G1 E138.01245 F1500  ; retract
G1 X66.350 Y59.110 F9000
G1 E139.51245 F1500  ; un-retract
G1 X68.005 Y60.766 E139.59033 F3600
G1 E138.09033 F1500  ; retract
G1 X65.833 Y61.422 F9000
G1 E139.59033 F1500  ; un-retract
G1 X67.447 Y63.035 E139.66623 F3600
G1 E138.16623 F1500  ; retract
G1 X65.316 Y63.733 F9000
G1 E139.66623 F1500  ; un-retract
G1 X66.395 Y64.813 E139.71700 F3600
G1 E138.21700 F1500  ; retract
G1 X53.730 Y54.976 F9000
G1 E139.71700 F1500  ; un-retract
G1 X54.745 Y55.991 E139.76477 F3600
G1 E138.26477 F1500  ; retract
G1 X64.799 Y66.045 F9000
G1 E139.76477 F1500  ; un-retract
G1 X64.970 Y66.215 E139.77278 F3600
G1 E138.27278 F1500  ; retract
G1 X52.679 Y56.753 F9000
G1 E139.77278 F1500  ; un-retract
G1 X54.229 Y58.303 E139.84569 F3600
G1 E138.34569 F1500  ; retract
G1 X52.056 Y58.959 F9000
G1 E139.84569 F1500  ; un-retract
G1 X53.712 Y60.615 E139.92358 F3600
G1 E138.42358 F1500  ; retract
G1 X52.118 Y61.849 F9000
G1 E139.92358 F1500  ; un-retract
G1 X53.195 Y62.926 E139.97424 F3600

; layer 28  z=5.650
G1 Z5.650 F1200
G1 E138.47424 F1500  ; retract
G1 X61.133 Y60.000 F9000
G1 E139.97424 F1500  ; un-retract
G1 X61.047 Y60.434 E139.98895 F2400
G1 X60.801 Y60.801 E140.00366 F2400
G1 X60.434 Y61.047 E140.01837 F2400
G1 X60.000 Y61.133 E140.03307 F2400
G1 X59.566 Y61.047 E140.04778 F2400
G1 X59.199 Y60.801 E140.06249 F2400
G1 X58.953 Y60.434 E140.07720 F2400
G1 X58.867 Y60.000 E140.09191 F2400
G1 X58.953 Y59.566 E140.10661 F2400
G1 X59.199 Y59.199 E140.12132 F2400
G1 X59.566 Y58.953 E140.13603 F2400
G1 X60.000 Y58.867 E140.15074 F2400
G1 X60.434 Y58.953 E140.16544 F2400
G1 X60.801 Y59.199 E140.18015 F2400
G1 X61.047 Y59.566 E140.19486 F2400
G1 X61.133 Y60.000 E140.20957 F2400
G1 E138.70957 F1500  ; retract
G1 X66.880 Y56.076 F9000
G1 E140.20957 F1500  ; un-retract
G1 X67.729 Y58.323 E140.28947 F2400
G1 X67.756 Y58.394 E140.29199 F2400
G1 X66.880 Y56.076 E140.37440 F2400
G1 E138.87440 F1500  ; retract
G1 X67.166 Y55.913 F9000
G1 E140.37440 F1500  ; un-retract
G1 X67.193 Y55.983 E140.37693 F2400
G1 X68.079 Y58.327 E140.46025 F2400
G1 X68.082 Y58.403 E140.46278 F2400
G1 X68.200 Y60.905 E140.54610 F2400
G1 X68.180 Y60.978 E140.54863 F2400
G1 X67.519 Y63.395 E140.63195 F2400
G1 X67.477 Y63.458 E140.63448 F2400
G1 X66.102 Y65.552 E140.71780 F2400
G1 X66.043 Y65.600 E140.72033 F2400
G1 X64.088 Y67.166 E140.80366 F2400
G1 X67.166 Y55.913 E141.19171 F2400
G1 E139.69171 F1500  ; retract
G1 X67.872 Y60.869 F9000
G1 E141.19171 F1500  ; un-retract
G1 X67.869 Y60.794 E141.19422 F2400
G1 X67.756 Y58.394 E141.27413 F2400
G1 X67.872 Y60.869 E141.35654 F2400
G1 E139.85654 F1500  ; retract
G1 X67.219 Y63.259 F9000
G1 E141.35654 F1500  ; un-retract
G1 X67.238 Y63.186 E141.35906 F2400
G1 X67.872 Y60.869 E141.43896 F2400
G1 X67.219 Y63.259 E141.52138 F2400
G1 E140.02138 F1500  ; retract
G1 X65.858 Y65.330 F9000
G1 E141.52138 F1500  ; un-retract
G1 X65.900 Y65.267 E141.52390 F2400
G1 X67.219 Y63.259 E141.60380 F2400
G1 X65.858 Y65.330 E141.68622 F2400
G1 E140.18622 F1500  ; retract
G1 X65.858 Y65.330 F9000
G1 E141.68622 F1500  ; un-retract
G1 X63.983 Y66.832 E141.76612 F2400
G1 X63.924 Y66.880 E141.76864 F2400
G1 X65.858 Y65.330 E141.85105 F2400
G1 E140.35105 F1500  ; retract
G1 X53.120 Y63.924 F9000
G1 E141.85105 F1500  ; un-retract
G1 X52.271 Y61.677 E141.93095 F2400
G1 X52.244 Y61.606 E141.93347 F2400
G1 X53.120 Y63.924 E142.01589 F2400
G1 E140.51589 F1500  ; retract
G1 X52.834 Y64.088 F9000
G1 E142.01589 F1500  ; un-retract
G1 X52.807 Y64.017 E142.01841 F2400
G1 X51.921 Y61.673 E142.10174 F2400
G1 X51.918 Y61.597 E142.10426 F2400
G1 X51.800 Y59.095 E142.18759 F2400
G1 X51.820 Y59.022 E142.19011 F2400
G1 X52.481 Y56.605 E142.27344 F2400
G1 X52.523 Y56.542 E142.27596 F2400
G1 X53.898 Y54.448 E142.35929 F2400
G1 X53.957 Y54.400 E142.36181 F2400
G1 X55.913 Y52.834 E142.44514 F2400
G1 X52.834 Y64.088 E142.83319 F2400
G1 E141.33319 F1500  ; retract
G1 X52.128 Y59.131 F9000
G1 E142.83319 F1500  ; un-retract
G1 X52.131 Y59.206 E142.83571 F2400
G1 X52.244 Y61.606 E142.91561 F2400
G1 X52.128 Y59.131 E142.99803 F2400
G1 E141.49803 F1500  ; retract
G1 X52.782 Y56.741 F9000
G1 E142.99803 F1500  ; un-retract
G1 X52.762 Y56.814 E143.00054 F2400
G1 X52.128 Y59.131 E143.08045 F2400
G1 X52.782 Y56.741 E143.16287 F2400
G1 E141.66287 F1500  ; retract
G1 X54.142 Y54.670 F9000
G1 E143.16287 F1500  ; un-retract
G1 X54.100 Y54.733 E143.16538 F2400
G1 X52.782 Y56.741 E143.24529 F2400
G1 X54.142 Y54.670 E143.32770 F2400
G1 E141.82770 F1500  ; retract
G1 X54.142 Y54.670 F9000
G1 E143.32770 F1500  ; un-retract
G1 X56.017 Y53.168 E143.40760 F2400
G1 X56.076 Y53.120 E143.41012 F2400
G1 X54.142 Y54.670 E143.49254 F2400
G1 E141.99254 F1500  ; retract
G1 X67.631 Y62.609 F9000
G1 E143.49254 F1500  ; un-retract
G1 X67.449 Y62.791 E143.50110 F3600
G1 E142.00110 F1500  ; retract
G1 X67.166 Y63.074 F9000
G1 E143.50110 F1500  ; un-retract
G1 X64.611 Y65.630 E143.62132 F3600
G1 E142.12132 F1500  ; retract
G1 X67.671 Y59.741 F9000
G1 E143.62132 F1500  ; un-retract
G1 X65.676 Y61.736 E143.71517 F3600
G1 E142.21517 F1500  ; retract
G1 X67.185 Y57.399 F9000
G1 E143.71517 F1500  ; un-retract
G1 X66.741 Y57.842 E143.73604 F3600
G1 E142.23604 F1500  ; retract
G1 X59.908 Y59.018 F9000
G1 E143.73604 F1500  ; un-retract
G1 X59.018 Y59.908 E143.77792 F3600
G1 E142.27792 F1500  ; retract
G1 X54.068 Y59.202 F9000
G1 E143.77792 F1500  ; un-retract
G1 X52.360 Y60.910 E143.85826 F3600
G1 E142.35826 F1500  ; retract
G1 X55.133 Y55.308 F9000
G1 E143.85826 F1500  ; un-retract
G1 X52.577 Y57.864 E143.97848 F3600
G1 E142.47848 F1500  ; retract
G1 X52.294 Y58.147 F9000
G1 E143.97848 F1500  ; un-retract
G1 X52.112 Y58.329 E143.98705 F3600

; layer 29  z=5.850
G1 Z5.850 F1200
G1 E142.48705 F1500  ; retract
G1 X61.400 Y60.000 F9000
G1 E143.98705 F1500  ; un-retract
G1 X61.293 Y60.536 E144.00522 F2400
G1 X60.990 Y60.990 E144.02338 F2400
G1 X60.536 Y61.293 E144.04155 F2400
G1 X60.000 Y61.400 E144.05972 F2400
G1 X59.464 Y61.293 E144.07789 F2400
G1 X59.010 Y60.990 E144.09606 F2400
G1 X58.707 Y60.536 E144.11422 F2400
G1 X58.600 Y60.000 E144.13239 F2400
G1 X58.707 Y59.464 E144.15056 F2400
G1 X59.010 Y59.010 E144.16873 F2400
G1 X59.464 Y58.707 E144.18690 F2400
G1 X60.000 Y58.600 E144.20507 F2400
G1 X60.536 Y58.707 E144.22324 F2400
G1 X60.990 Y59.010 E144.24140 F2400
G1 X61.293 Y59.464 E144.25957 F2400
G1 X61.400 Y60.000 E144.27774 F2400
G1 E142.77774 F1500  ; retract
G1 X66.809 Y56.926 F9000
G1 E144.27774 F1500  ; un-retract
G1 X67.002 Y57.633 E144.30213 F2400
G1 X67.426 Y59.180 E144.35548 F2400
G1 X66.809 Y56.926 E144.43322 F2400
G1 E142.93322 F1500  ; retract
G1 X67.519 Y56.605 F9000
G1 E144.43322 F1500  ; un-retract
G1 X67.980 Y58.288 E144.49126 F2400
G1 X68.200 Y59.095 E144.51907 F2400
G1 X68.118 Y60.838 E144.57711 F2400
G1 X68.079 Y61.673 E144.60492 F2400
G1 X67.462 Y63.305 E144.66296 F2400
G1 X67.166 Y64.088 E144.69077 F2400
G1 X66.075 Y65.449 E144.74881 F2400
G1 X65.552 Y66.102 E144.77662 F2400
G1 X67.519 Y56.605 E145.09919 F2400
G1 E143.59919 F1500  ; retract
G1 X67.316 Y61.515 F9000
G1 E145.09919 F1500  ; un-retract
G1 X67.391 Y59.913 E145.15254 F2400
G1 X67.426 Y59.180 E145.17694 F2400
G1 X67.316 Y61.515 E145.25468 F2400
G1 E143.75468 F1500  ; retract
G1 X66.489 Y63.702 F9000
G1 E145.25468 F1500  ; un-retract
G1 X67.056 Y62.201 E145.30802 F2400
G1 X67.316 Y61.515 E145.33242 F2400
G1 X66.489 Y63.702 E145.41016 F2400
G1 E143.91016 F1500  ; retract
G1 X65.028 Y65.526 F9000
G1 E145.41016 F1500  ; un-retract
G1 X66.031 Y64.274 E145.46350 F2400
G1 X66.489 Y63.702 E145.48790 F2400
G1 X65.028 Y65.526 E145.56564 F2400
G1 E144.06564 F1500  ; retract
G1 X53.191 Y63.074 F9000
G1 E145.56564 F1500  ; un-retract
G1 X52.998 Y62.367 E145.59004 F2400
G1 X52.574 Y60.820 E145.64338 F2400
G1 X53.191 Y63.074 E145.72112 F2400
G1 E144.22112 F1500  ; retract
G1 X52.481 Y63.395 F9000
G1 E145.72112 F1500  ; un-retract
G1 X52.020 Y61.712 E145.77916 F2400
G1 X51.800 Y60.905 E145.80697 F2400
G1 X51.882 Y59.162 E145.86501 F2400
G1 X51.921 Y58.327 E145.89282 F2400
G1 X52.538 Y56.695 E145.95086 F2400
G1 X52.834 Y55.913 E145.97867 F2400
G1 X53.925 Y54.551 E146.03671 F2400
G1 X54.448 Y53.898 E146.06452 F2400
G1 X55.906 Y52.940 E146.12256 F2400
G1 X56.605 Y52.481 E146.15037 F2400
G1 X52.481 Y63.395 E146.53843 F2400
G1 E145.03843 F1500  ; retract
G1 X52.684 Y58.485 F9000
G1 E146.53843 F1500  ; un-retract
G1 X52.609 Y60.087 E146.59177 F2400
G1 X52.574 Y60.820 E146.61617 F2400
G1 X52.684 Y58.485 E146.69391 F2400
G1 E145.19391 F1500  ; retract
G1 X53.511 Y56.298 F9000
G1 E146.69391 F1500  ; un-retract
G1 X52.944 Y57.799 E146.74726 F2400
G1 X52.684 Y58.485 E146.77165 F2400
G1 X53.511 Y56.298 E146.84940 F2400
G1 E145.34940 F1500  ; retract
G1 X54.972 Y54.474 F9000
G1 E146.84940 F1500  ; un-retract
G1 X53.969 Y55.726 E146.90274 F2400
G1 X53.511 Y56.298 E146.92713 F2400
G1 X54.972 Y54.474 E147.00487 F2400
G1 E145.50487 F1500  ; retract
G1 X54.972 Y54.474 F9000
G1 E147.00487 F1500  ; un-retract
G1 X55.585 Y54.072 E147.02928 F2400
G1 X56.926 Y53.191 E147.08262 F2400
G1 X54.972 Y54.474 E147.16036 F2400
G1 E145.66036 F1500  ; retract
G1 X67.418 Y57.918 F9000
G1 E147.16036 F1500  ; un-retract
G1 X67.910 Y58.410 E147.18352 F3600
G1 E145.68352 F1500  ; retract
G1 X66.933 Y60.261 F9000
G1 E147.18352 F1500  ; un-retract
G1 X67.213 Y60.542 E147.19673 F3600
G1 E145.69673 F1500  ; retract
G1 X67.496 Y60.825 F9000
G1 E147.19673 F1500  ; un-retract
G1 X67.949 Y61.278 E147.21803 F3600
G1 E145.71803 F1500  ; retract
G1 X66.447 Y62.604 F9000
G1 E147.21803 F1500  ; un-retract
G1 X66.637 Y62.794 E147.22697 F3600
G1 E145.72697 F1500  ; retract
G1 X66.920 Y63.077 F9000
G1 E147.22697 F1500  ; un-retract
G1 X67.234 Y63.391 E147.24174 F3600
G1 E145.74174 F1500  ; retract
G1 X54.870 Y53.855 F9000
G1 E147.24174 F1500  ; un-retract
G1 X55.143 Y54.128 E147.25458 F3600
G1 E145.75458 F1500  ; retract
G1 X55.425 Y54.411 F9000
G1 E147.25458 F1500  ; un-retract
G1 X55.611 Y54.596 E147.26330 F3600
G1 E145.76330 F1500  ; retract
G1 X59.820 Y58.805 F9000
G1 E147.26330 F1500  ; un-retract
G1 X61.195 Y60.180 E147.32796 F3600
G1 E145.82796 F1500  ; retract
G1 X65.962 Y64.948 F9000
G1 E147.32796 F1500  ; un-retract
G1 X66.107 Y65.092 E147.33476 F3600
G1 E145.83476 F1500  ; retract
G1 X53.538 Y55.352 F9000
G1 E147.33476 F1500  ; un-retract
G1 X53.802 Y55.616 E147.34720 F3600
G1 E145.84720 F1500  ; retract
G1 X54.085 Y55.899 F9000
G1 E147.34720 F1500  ; un-retract
G1 X54.835 Y56.649 E147.38247 F3600
G1 E145.88247 F1500  ; retract
G1 X58.844 Y60.658 F9000
G1 E147.38247 F1500  ; un-retract
G1 X59.342 Y61.156 E147.40589 F3600
G1 E145.90589 F1500  ; retract
G1 X52.546 Y57.189 F9000
G1 E147.40589 F1500  ; un-retract
G1 X52.861 Y57.503 E147.42067 F3600
G1 E145.92067 F1500  ; retract
G1 X53.143 Y57.786 F9000
G1 E147.42067 F1500  ; un-retract
G1 X54.059 Y58.702 E147.46375 F3600
G1 E145.96375 F1500  ; retract
G1 X52.015 Y59.486 F9000
G1 E147.46375 F1500  ; un-retract
G1 X52.468 Y59.938 E147.48506 F3600
G1 E145.98506 F1500  ; retract
G1 X52.751 Y60.221 F9000
G1 E147.48506 F1500  ; un-retract
G1 X53.284 Y60.754 E147.51013 F3600
G1 E146.01013 F1500  ; retract
G1 X52.391 Y62.690 F9000
G1 E147.51013 F1500  ; un-retract
G1 X52.508 Y62.807 E147.51566 F3600

; layer 30  z=6.050
G1 Z6.050 F1200
G1 E146.01566 F1500  ; retract
G1 X61.667 Y60.000 F9000
G1 E147.51566 F1500  ; un-retract
G1 X61.540 Y60.638 E147.53729 F2400
G1 X61.178 Y61.178 E147.55891 F2400
G1 X60.638 Y61.540 E147.58054 F2400
G1 X60.000 Y61.667 E147.60217 F2400
G1 X59.362 Y61.540 E147.62380 F2400
G1 X58.822 Y61.178 E147.64543 F2400
G1 X58.460 Y60.638 E147.66706 F2400
G1 X58.333 Y60.000 E147.68869 F2400
G1 X58.460 Y59.362 E147.71032 F2400
G1 X58.822 Y58.822 E147.73195 F2400
G1 X59.362 Y58.460 E147.75358 F2400
G1 X60.000 Y58.333 E147.77521 F2400
G1 X60.638 Y58.460 E147.79684 F2400
G1 X61.178 Y58.822 E147.81846 F2400
G1 X61.540 Y59.362 E147.84009 F2400
G1 X61.667 Y60.000 E147.86172 F2400
G1 E146.36172 F1500  ; retract
G1 X66.488 Y57.431 F9000
G1 E147.86172 F1500  ; un-retract
G1 X66.829 Y58.953 E147.91359 F2400
G1 X66.965 Y59.562 E147.93434 F2400
G1 X66.488 Y57.431 E148.00695 F2400
G1 E146.50695 F1500  ; retract
G1 X67.671 Y56.963 F9000
G1 E148.00695 F1500  ; un-retract
G1 X67.826 Y57.657 E148.03060 F2400
G1 X68.234 Y59.482 E148.09280 F2400
G1 X68.167 Y60.190 E148.11645 F2400
G1 X67.991 Y62.052 E148.17865 F2400
G1 X67.709 Y62.704 E148.20230 F2400
G1 X66.966 Y64.421 E148.26450 F2400
G1 X66.496 Y64.954 E148.28815 F2400
G1 X65.259 Y66.357 E148.35035 F2400
G1 X67.671 Y56.963 E148.67292 F2400
G1 E147.17292 F1500  ; retract
G1 X66.965 Y59.562 F9000
G1 E148.67292 F1500  ; un-retract
G1 X66.818 Y61.114 E148.72480 F2400
G1 X66.759 Y61.735 E148.74554 F2400
G1 X66.965 Y59.562 E148.81816 F2400
G1 E147.31816 F1500  ; retract
G1 X65.892 Y63.739 F9000
G1 E148.81816 F1500  ; un-retract
G1 X66.140 Y63.167 E148.83890 F2400
G1 X66.759 Y61.735 E148.89078 F2400
G1 X65.892 Y63.739 E148.96339 F2400
G1 E147.46339 F1500  ; retract
G1 X64.448 Y65.377 F9000
G1 E148.96339 F1500  ; un-retract
G1 X64.861 Y64.909 E148.98414 F2400
G1 X65.892 Y63.739 E149.03601 F2400
G1 X64.448 Y65.377 E149.10863 F2400
G1 E147.60863 F1500  ; retract
G1 X53.512 Y62.569 F9000
G1 E149.10863 F1500  ; un-retract
G1 X53.172 Y61.047 E149.16050 F2400
G1 X53.035 Y60.438 E149.18125 F2400
G1 X53.512 Y62.569 E149.25386 F2400
G1 E147.75386 F1500  ; retract
G1 X52.329 Y63.037 F9000
G1 E149.25386 F1500  ; un-retract
G1 X52.174 Y62.343 E149.27751 F2400
G1 X51.766 Y60.518 E149.33971 F2400
G1 X51.833 Y59.810 E149.36335 F2400
G1 X52.009 Y57.948 E149.42556 F2400
G1 X52.291 Y57.296 E149.44920 F2400
G1 X53.034 Y55.579 E149.51141 F2400
G1 X53.504 Y55.046 E149.53505 F2400
G1 X54.741 Y53.643 E149.59726 F2400
G1 X52.329 Y63.037 E149.91983 F2400
G1 E148.41983 F1500  ; retract
G1 X53.035 Y60.438 F9000
G1 E149.91983 F1500  ; un-retract
G1 X53.182 Y58.886 E149.97170 F2400
G1 X53.241 Y58.265 E149.99245 F2400
G1 X53.035 Y60.438 E150.06506 F2400
G1 E148.56506 F1500  ; retract
G1 X54.108 Y56.261 F9000
G1 E150.06506 F1500  ; un-retract
G1 X53.860 Y56.833 E150.08581 F2400
G1 X53.241 Y58.265 E150.13768 F2400
G1 X54.108 Y56.261 E150.21030 F2400
G1 E148.71030 F1500  ; retract
G1 X55.552 Y54.623 F9000
G1 E150.21030 F1500  ; un-retract
G1 X55.139 Y55.091 E150.23105 F2400
G1 X54.108 Y56.261 E150.28292 F2400
G1 X55.552 Y54.623 E150.35554 F2400
G1 E148.85554 F1500  ; retract
G1 X67.728 Y62.473 F9000
G1 E150.35554 F1500  ; un-retract
G1 X65.889 Y64.312 E150.44207 F3600
G1 E148.94207 F1500  ; retract
G1 X68.030 Y59.343 F9000
G1 E150.44207 F1500  ; un-retract
G1 X67.018 Y60.355 E150.48967 F3600
G1 E148.98967 F1500  ; retract
G1 X61.513 Y60.203 F9000
G1 E150.48967 F1500  ; un-retract
G1 X60.203 Y61.513 E150.55130 F3600
G1 E149.05130 F1500  ; retract
G1 X60.321 Y58.567 F9000
G1 E150.55130 F1500  ; un-retract
G1 X58.567 Y60.321 E150.63381 F3600
G1 E149.13381 F1500  ; retract
G1 X52.919 Y60.311 F9000
G1 E150.63381 F1500  ; un-retract
G1 X52.081 Y61.150 E150.67326 F3600
G1 E149.17326 F1500  ; retract
G1 X53.903 Y56.499 F9000
G1 E150.67326 F1500  ; un-retract
G1 X52.104 Y58.298 E150.75787 F3600

; layer 31  z=6.250
G1 Z6.250 F1200
G1 E149.25787 F1500  ; retract
G1 X61.933 Y60.000 F9000
G1 E150.75787 F1500  ; un-retract
G1 X61.786 Y60.740 E150.78296 F2400
G1 X61.367 Y61.367 E150.80805 F2400
G1 X60.740 Y61.786 E150.83313 F2400
G1 X60.000 Y61.933 E150.85823 F2400
G1 X59.260 Y61.786 E150.88332 F2400
G1 X58.633 Y61.367 E150.90841 F2400
G1 X58.214 Y60.740 E150.93350 F2400
G1 X58.067 Y60.000 E150.95859 F2400
G1 X58.214 Y59.260 E150.98368 F2400
G1 X58.633 Y58.633 E151.00877 F2400
G1 X59.260 Y58.214 E151.03386 F2400
G1 X60.000 Y58.067 E151.05895 F2400
G1 X60.740 Y58.214 E151.08404 F2400
G1 X61.367 Y58.633 E151.10913 F2400
G1 X61.786 Y59.260 E151.13422 F2400
G1 X61.933 Y60.000 E151.15931 F2400
G1 E149.65931 F1500  ; retract
G1 X66.184 Y58.203 F9000
G1 E151.15931 F1500  ; un-retract
G1 X66.226 Y58.531 E151.17031 F2400
G1 X66.437 Y60.202 E151.22632 F2400
G1 X66.184 Y58.203 E151.29334 F2400
G1 E149.79334 F1500  ; retract
G1 X67.922 Y57.698 F9000
G1 E151.29334 F1500  ; un-retract
G1 X68.190 Y59.817 E151.36436 F2400
G1 X68.246 Y60.259 E151.37919 F2400
G1 X67.846 Y62.357 E151.45021 F2400
G1 X67.762 Y62.795 E151.46504 F2400
G1 X66.734 Y64.666 E151.53606 F2400
G1 X66.519 Y65.056 E151.55089 F2400
G1 X64.962 Y66.518 E151.62191 F2400
G1 X64.637 Y66.823 E151.63674 F2400
G1 X67.922 Y57.698 E151.95931 F2400
G1 E150.45931 F1500  ; retract
G1 X66.437 Y60.202 F9000
G1 E151.95931 F1500  ; un-retract
G1 X66.375 Y60.527 E151.97031 F2400
G1 X66.059 Y62.181 E152.02632 F2400
G1 X66.437 Y60.202 E152.09334 F2400
G1 E150.59334 F1500  ; retract
G1 X65.089 Y63.947 F9000
G1 E152.09334 F1500  ; un-retract
G1 X65.900 Y62.471 E152.14935 F2400
G1 X66.059 Y62.181 E152.16035 F2400
G1 X65.089 Y63.947 E152.22737 F2400
G1 E150.72737 F1500  ; retract
G1 X63.620 Y65.326 F9000
G1 E152.22737 F1500  ; un-retract
G1 X64.847 Y64.174 E152.28338 F2400
G1 X65.089 Y63.947 E152.29438 F2400
G1 X63.620 Y65.326 E152.36140 F2400
G1 E150.86140 F1500  ; retract
G1 X53.816 Y61.797 F9000
G1 E152.36140 F1500  ; un-retract
G1 X53.774 Y61.469 E152.37240 F2400
G1 X53.563 Y59.798 E152.42842 F2400
G1 X53.816 Y61.797 E152.49543 F2400
G1 E150.99543 F1500  ; retract
G1 X52.078 Y62.302 F9000
G1 E152.49543 F1500  ; un-retract
G1 X51.810 Y60.183 E152.56645 F2400
G1 X51.754 Y59.741 E152.58128 F2400
G1 X52.154 Y57.643 E152.65230 F2400
G1 X52.238 Y57.205 E152.66713 F2400
G1 X53.266 Y55.334 E152.73815 F2400
G1 X53.481 Y54.944 E152.75298 F2400
G1 X55.038 Y53.482 E152.82400 F2400
G1 X55.363 Y53.177 E152.83883 F2400
G1 X52.078 Y62.302 E153.16140 F2400
G1 E151.66140 F1500  ; retract
G1 X53.563 Y59.798 F9000
G1 E153.16140 F1500  ; un-retract
G1 X53.625 Y59.473 E153.17240 F2400
G1 X53.941 Y57.819 E153.22842 F2400
G1 X53.563 Y59.798 E153.29543 F2400
G1 E151.79543 F1500  ; retract
G1 X54.911 Y56.053 F9000
G1 E153.29543 F1500  ; un-retract
G1 X54.100 Y57.529 E153.35145 F2400
G1 X53.941 Y57.819 E153.36245 F2400
G1 X54.911 Y56.053 E153.42946 F2400
G1 E151.92946 F1500  ; retract
G1 X56.380 Y54.674 F9000
G1 E153.42946 F1500  ; un-retract
G1 X55.153 Y55.827 E153.48548 F2400
G1 X54.911 Y56.053 E153.49648 F2400
G1 X56.380 Y54.674 E153.56349 F2400
G1 E152.06349 F1500  ; retract
G1 X67.689 Y58.880 F9000
G1 E153.56349 F1500  ; un-retract
G1 X67.985 Y59.176 E153.57742 F3600
G1 E152.07742 F1500  ; retract
G1 X66.941 Y60.959 F9000
G1 E153.57742 F1500  ; un-retract
G1 X67.783 Y61.802 E153.61704 F3600
G1 E152.11704 F1500  ; retract
G1 X66.192 Y63.039 F9000
G1 E153.61704 F1500  ; un-retract
G1 X66.977 Y63.824 E153.65398 F3600
G1 E152.15398 F1500  ; retract
G1 X54.544 Y54.220 F9000
G1 E153.65398 F1500  ; un-retract
G1 X54.729 Y54.404 E153.66265 F3600
G1 E152.16265 F1500  ; retract
G1 X58.969 Y58.644 F9000
G1 E153.66265 F1500  ; un-retract
G1 X61.356 Y61.031 E153.77492 F3600
G1 E152.27492 F1500  ; retract
G1 X65.443 Y65.119 F9000
G1 E153.77492 F1500  ; un-retract
G1 X65.791 Y65.466 E153.79126 F3600
G1 E152.29126 F1500  ; retract
G1 X53.253 Y55.757 F9000
G1 E153.79126 F1500  ; un-retract
G1 X53.980 Y56.484 E153.82544 F3600
G1 E152.32544 F1500  ; retract
G1 X58.350 Y60.854 F9000
G1 E153.82544 F1500  ; un-retract
G1 X59.146 Y61.650 E153.86292 F3600
G1 E152.36292 F1500  ; retract
G1 X52.321 Y57.653 F9000
G1 E153.86292 F1500  ; un-retract
G1 X53.231 Y58.563 E153.90574 F3600
G1 E152.40574 F1500  ; retract
G1 X51.921 Y60.081 F9000
G1 E153.90574 F1500  ; un-retract
G1 X52.482 Y60.643 E153.93216 F3600

; layer 32  z=6.450
G1 Z6.450 F1200
G1 E152.43216 F1500  ; retract
G1 X62.200 Y60.000 F9000
G1 E153.93216 F1500  ; un-retract
G1 X62.032 Y60.842 E153.96071 F2400
G1 X61.556 Y61.556 E153.98926 F2400
G1 X60.842 Y62.032 E154.01781 F2400
G1 X60.000 Y62.200 E154.04636 F2400
G1 X59.158 Y62.032 E154.07491 F2400
G1 X58.444 Y61.556 E154.10346 F2400
G1 X57.968 Y60.842 E154.13201 F2400
G1 X57.800 Y60.000 E154.16056 F2400
G1 X57.968 Y59.158 E154.18911 F2400
G1 X58.444 Y58.444 E154.21766 F2400
G1 X59.158 Y57.968 E154.24621 F2400
G1 X60.000 Y57.800 E154.27476 F2400
G1 X60.842 Y57.968 E154.30331 F2400
G1 X61.556 Y58.444 E154.33186 F2400
G1 X62.032 Y59.158 E154.36041 F2400
G1 X62.200 Y60.000 E154.38896 F2400
G1 E152.88896 F1500  ; retract
G1 X65.692 Y58.633 F9000
G1 E154.38896 F1500  ; un-retract
G1 X65.786 Y59.826 E154.42875 F2400
G1 X65.835 Y60.459 E154.44988 F2400
G1 X65.692 Y58.633 E154.51079 F2400
G1 E153.01079 F1500  ; retract
G1 X68.022 Y58.074 F9000
G1 E154.51079 F1500  ; un-retract
G1 X68.089 Y58.927 E154.53926 F2400
G1 X68.225 Y60.647 E154.59664 F2400
G1 X68.025 Y61.480 E154.62511 F2400
G1 X67.622 Y63.157 E154.68249 F2400
G1 X67.175 Y63.887 E154.71096 F2400
G1 X66.273 Y65.358 E154.76834 F2400
G1 X65.622 Y65.914 E154.79681 F2400
G1 X64.311 Y67.034 E154.85419 F2400
G1 X68.022 Y58.074 E155.17676 F2400
G1 E153.67676 F1500  ; retract
G1 X65.408 Y62.240 F9000
G1 E155.17676 F1500  ; un-retract
G1 X65.556 Y61.623 E155.19788 F2400
G1 X65.835 Y60.459 E155.23767 F2400
G1 X65.408 Y62.240 E155.29858 F2400
G1 E153.79858 F1500  ; retract
G1 X64.451 Y63.801 F9000
G1 E155.29858 F1500  ; un-retract
G1 X64.783 Y63.260 E155.31970 F2400
G1 X65.408 Y62.240 E155.35949 F2400
G1 X64.451 Y63.801 E155.42040 F2400
G1 E153.92040 F1500  ; retract
G1 X63.058 Y64.991 F9000
G1 E155.42040 F1500  ; un-retract
G1 X63.541 Y64.578 E155.44153 F2400
G1 X64.451 Y63.801 E155.48132 F2400
G1 X63.058 Y64.991 E155.54223 F2400
G1 E154.04223 F1500  ; retract
G1 X54.308 Y61.367 F9000
G1 E155.54223 F1500  ; un-retract
G1 X54.214 Y60.174 E155.58202 F2400
G1 X54.165 Y59.541 E155.60314 F2400
G1 X54.308 Y61.367 E155.66406 F2400
G1 E154.16406 F1500  ; retract
G1 X51.978 Y61.926 F9000
G1 E155.66406 F1500  ; un-retract
G1 X51.911 Y61.073 E155.69253 F2400
G1 X51.775 Y59.353 E155.74991 F2400
G1 X51.975 Y58.520 E155.77838 F2400
G1 X52.378 Y56.843 E155.83576 F2400
G1 X52.825 Y56.113 E155.86423 F2400
G1 X53.727 Y54.642 E155.92161 F2400
G1 X54.378 Y54.086 E155.95008 F2400
G1 X55.689 Y52.966 E156.00746 F2400
G1 X51.978 Y61.926 E156.33003 F2400
G1 E154.83003 F1500  ; retract
G1 X54.592 Y57.760 F9000
G1 E156.33003 F1500  ; un-retract
G1 X54.444 Y58.377 E156.35115 F2400
G1 X54.165 Y59.541 E156.39094 F2400
G1 X54.592 Y57.760 E156.45185 F2400
G1 E154.95185 F1500  ; retract
G1 X55.549 Y56.199 F9000
G1 E156.45185 F1500  ; un-retract
G1 X55.217 Y56.740 E156.47297 F2400
G1 X54.592 Y57.760 E156.51276 F2400
G1 X55.549 Y56.199 E156.57367 F2400
G1 E155.07367 F1500  ; retract
G1 X56.942 Y55.009 F9000
G1 E156.57367 F1500  ; un-retract
G1 X56.459 Y55.422 E156.59479 F2400
G1 X55.549 Y56.199 E156.63458 F2400
G1 X56.942 Y55.009 E156.69550 F2400
G1 E155.19550 F1500  ; retract
G1 X67.658 Y62.559 F9000
G1 E156.69550 F1500  ; un-retract
G1 X65.250 Y64.967 E156.80879 F3600
G1 E155.30879 F1500  ; retract
G1 X67.975 Y59.414 F9000
G1 E156.80879 F1500  ; un-retract
G1 X67.250 Y60.139 E156.84290 F3600
G1 E155.34290 F1500  ; retract
G1 X61.981 Y59.751 F9000
G1 E156.84290 F1500  ; un-retract
G1 X59.751 Y61.981 E156.94780 F3600
G1 E155.44780 F1500  ; retract
G1 X60.757 Y58.147 F9000
G1 E156.94780 F1500  ; un-retract
G1 X58.147 Y60.757 E157.07057 F3600
G1 E155.57057 F1500  ; retract
G1 X52.301 Y60.945 F9000
G1 E157.07057 F1500  ; un-retract
G1 X52.071 Y61.175 E157.08139 F3600
G1 E155.58139 F1500  ; retract
G1 X54.301 Y56.117 F9000
G1 E157.08139 F1500  ; un-retract
G1 X52.141 Y58.277 E157.18299 F3600

; layer 33  z=6.650
G1 Z6.650 F1200
G1 E155.68299 F1500  ; retract
G1 X62.467 Y60.000 F9000
G1 E157.18299 F1500  ; un-retract
G1 X62.279 Y60.944 E157.21501 F2400
G1 X61.744 Y61.744 E157.24702 F2400
G1 X60.944 Y62.279 E157.27903 F2400
G1 X60.000 Y62.467 E157.31104 F2400
G1 X59.056 Y62.279 E157.34305 F2400
G1 X58.256 Y61.744 E157.37506 F2400
G1 X57.721 Y60.944 E157.40707 F2400
G1 X57.533 Y60.000 E157.43908 F2400
G1 X57.721 Y59.056 E157.47110 F2400
G1 X58.256 Y58.256 E157.50311 F2400
G1 X59.056 Y57.721 E157.53512 F2400
G1 X60.000 Y57.533 E157.56713 F2400
G1 X60.944 Y57.721 E157.59914 F2400
G1 X61.744 Y58.256 E157.63115 F2400
G1 X62.279 Y59.056 E157.66316 F2400
G1 X62.467 Y60.000 E157.69517 F2400
G1 E156.19517 F1500  ; retract
G1 X64.599 Y60.346 F9000
G1 E157.69517 F1500  ; un-retract
G1 X64.591 Y60.354 E157.69554 F2400
G1 X64.346 Y60.599 E157.70708 F2400
G1 X64.000 Y60.691 E157.71898 F2400
G1 X63.654 Y60.599 E157.73089 F2400
G1 X63.401 Y60.346 E157.74279 F2400
G1 X63.309 Y60.000 E157.75469 F2400
G1 X63.401 Y59.654 E157.76660 F2400
G1 X63.654 Y59.401 E157.77850 F2400
G1 X64.000 Y59.309 E157.79041 F2400
G1 X64.346 Y59.401 E157.80231 F2400
G1 X64.599 Y59.654 E157.81421 F2400
G1 X64.691 Y60.000 E157.82612 F2400
G1 X64.689 Y60.011 E157.82649 F2400
G1 X64.599 Y60.346 E157.83802 F2400
G1 E156.33802 F1500  ; retract
G1 X60.599 Y64.346 F9000
G1 E157.83802 F1500  ; un-retract
G1 X60.591 Y64.354 E157.83839 F2400
G1 X60.346 Y64.599 E157.84993 F2400
G1 X60.000 Y64.691 E157.86183 F2400
G1 X59.654 Y64.599 E157.87373 F2400
G1 X59.401 Y64.346 E157.88564 F2400
G1 X59.309 Y64.000 E157.89754 F2400
G1 X59.401 Y63.654 E157.90944 F2400
G1 X59.654 Y63.401 E157.92135 F2400
G1 X60.000 Y63.309 E157.93325 F2400
G1 X60.346 Y63.401 E157.94516 F2400
G1 X60.599 Y63.654 E157.95706 F2400
G1 X60.691 Y64.000 E157.96896 F2400
G1 X60.689 Y64.011 E157.96933 F2400
G1 X60.599 Y64.346 E157.98087 F2400
G1 E156.48087 F1500  ; retract
G1 X56.599 Y60.346 F9000
G1 E157.98087 F1500  ; un-retract
G1 X56.591 Y60.354 E157.98124 F2400
G1 X56.346 Y60.599 E157.99277 F2400
G1 X56.000 Y60.691 E158.00468 F2400
G1 X55.654 Y60.599 E158.01658 F2400
G1 X55.401 Y60.346 E158.02848 F2400
G1 X55.309 Y60.000 E158.04039 F2400
G1 X55.401 Y59.654 E158.05229 F2400
G1 X55.654 Y59.401 E158.06420 F2400
G1 X56.000 Y59.309 E158.07610 F2400
G1 X56.346 Y59.401 E158.08800 F2400
G1 X56.599 Y59.654 E158.09991 F2400
G1 X56.691 Y60.000 E158.11181 F2400
G1 X56.689 Y60.011 E158.11218 F2400
G1 X56.599 Y60.346 E158.12372 F2400
G1 E156.62372 F1500  ; retract
G1 X60.599 Y56.346 F9000
G1 E158.12372 F1500  ; un-retract
G1 X60.591 Y56.354 E158.12408 F2400
G1 X60.346 Y56.599 E158.13562 F2400
G1 X60.000 Y56.691 E158.14752 F2400
G1 X59.654 Y56.599 E158.15943 F2400
G1 X59.401 Y56.346 E158.17133 F2400
G1 X59.309 Y56.000 E158.18324 F2400
G1 X59.401 Y55.654 E158.19514 F2400
G1 X59.654 Y55.401 E158.20704 F2400
G1 X60.000 Y55.309 E158.21895 F2400
G1 X60.346 Y55.401 E158.23085 F2400
G1 X60.599 Y55.654 E158.24276 F2400
G1 X60.691 Y56.000 E158.25466 F2400
G1 X60.689 Y56.011 E158.25503 F2400
G1 X60.599 Y56.346 E158.26656 F2400
G1 E156.76656 F1500  ; retract
G1 X65.169 Y59.264 F9000
G1 E158.26656 F1500  ; un-retract
G1 X65.164 Y59.580 E158.27707 F2400
G1 X65.143 Y60.898 E158.32090 F2400
G1 X65.169 Y59.264 E158.37523 F2400
G1 E156.87523 F1500  ; retract
G1 X68.168 Y58.838 F9000
G1 E158.37523 F1500  ; un-retract
G1 X68.136 Y60.885 E158.44333 F2400
G1 X68.127 Y61.418 E158.46108 F2400
G1 X67.464 Y63.356 E158.52918 F2400
G1 X67.291 Y63.860 E158.54693 F2400
G1 X66.062 Y65.498 E158.61504 F2400
G1 X65.741 Y65.924 E158.63278 F2400
G1 X64.066 Y67.102 E158.70088 F2400
G1 X63.630 Y67.409 E158.71863 F2400
G1 X68.168 Y58.838 E159.04120 F2400
G1 E157.54120 F1500  ; retract
G1 X65.143 Y60.898 F9000
G1 E159.04120 F1500  ; un-retract
G1 X65.041 Y61.197 E159.05170 F2400
G1 X64.614 Y62.443 E159.09553 F2400
G1 X65.143 Y60.898 E159.14986 F2400
G1 E157.64986 F1500  ; retract
G1 X64.614 Y62.443 F9000
G1 E159.14986 F1500  ; un-retract
G1 X64.425 Y62.696 E159.16036 F2400
G1 X63.633 Y63.749 E159.20419 F2400
G1 X64.614 Y62.443 E159.25852 F2400
G1 E157.75852 F1500  ; retract
G1 X63.633 Y63.749 F9000
G1 E159.25852 F1500  ; un-retract
G1 X63.375 Y63.931 E159.26903 F2400
G1 X62.297 Y64.689 E159.31285 F2400
G1 X63.633 Y63.749 E159.36718 F2400
G1 E157.86718 F1500  ; retract
G1 X54.831 Y60.736 F9000
G1 E159.36718 F1500  ; un-retract
G1 X54.836 Y60.420 E159.37769 F2400
G1 X54.857 Y59.102 E159.42152 F2400
G1 X54.831 Y60.736 E159.47585 F2400
G1 E157.97585 F1500  ; retract
G1 X51.832 Y61.162 F9000
G1 E159.47585 F1500  ; un-retract
G1 X51.864 Y59.115 E159.54395 F2400
G1 X51.873 Y58.582 E159.56170 F2400
G1 X52.536 Y56.644 E159.62980 F2400
G1 X52.709 Y56.140 E159.64755 F2400
G1 X53.938 Y54.502 E159.71565 F2400
G1 X54.259 Y54.075 E159.73340 F2400
G1 X55.934 Y52.898 E159.80150 F2400
G1 X56.370 Y52.591 E159.81925 F2400
G1 X51.832 Y61.162 E160.14182 F2400
G1 E158.64182 F1500  ; retract
G1 X54.857 Y59.102 F9000
G1 E160.14182 F1500  ; un-retract
G1 X54.959 Y58.803 E160.15232 F2400
G1 X55.386 Y57.557 E160.19615 F2400
G1 X54.857 Y59.102 E160.25048 F2400
G1 E158.75048 F1500  ; retract
G1 X55.386 Y57.557 F9000
G1 E160.25048 F1500  ; un-retract
G1 X55.575 Y57.304 E160.26098 F2400
G1 X56.367 Y56.251 E160.30481 F2400
G1 X55.386 Y57.557 E160.35914 F2400
G1 E158.85914 F1500  ; retract
G1 X56.367 Y56.251 F9000
G1 E160.35914 F1500  ; un-retract
G1 X56.625 Y56.069 E160.36965 F2400
G1 X57.703 Y55.311 E160.41347 F2400
G1 X56.367 Y56.251 E160.46780 F2400
G1 E158.96780 F1500  ; retract
G1 X67.820 Y59.904 F9000
G1 E160.46780 F1500  ; un-retract
G1 X68.004 Y60.088 E160.47649 F3600
G1 E158.97649 F1500  ; retract
G1 X66.840 Y61.753 F9000
G1 E160.47649 F1500  ; un-retract
G1 X67.572 Y62.485 E160.51092 F3600
G1 E159.01092 F1500  ; retract
G1 X55.619 Y53.360 F9000
G1 E160.51092 F1500  ; un-retract
G1 X55.703 Y53.444 E160.51485 F3600
G1 E159.01485 F1500  ; retract
G1 X59.968 Y57.709 F9000
G1 E160.51485 F1500  ; un-retract
G1 X62.291 Y60.032 E160.62410 F3600
G1 E159.12410 F1500  ; retract
G1 X65.861 Y63.602 F9000
G1 E160.62410 F1500  ; un-retract
G1 X66.647 Y64.388 E160.66107 F3600
G1 E159.16107 F1500  ; retract
G1 X54.077 Y54.647 F9000
G1 E160.66107 F1500  ; un-retract
G1 X54.724 Y55.293 E160.69147 F3600
G1 E159.19147 F1500  ; retract
G1 X58.169 Y58.739 F9000
G1 E160.69147 F1500  ; un-retract
G1 X61.261 Y61.831 E160.83692 F3600
G1 E159.33692 F1500  ; retract
G1 X64.882 Y65.451 F9000
G1 E160.83692 F1500  ; un-retract
G1 X65.373 Y65.942 E160.86002 F3600
G1 E159.36002 F1500  ; retract
G1 X52.864 Y56.262 F9000
G1 E160.86002 F1500  ; un-retract
G1 X53.745 Y57.142 E160.90141 F3600
G1 E159.40141 F1500  ; retract
G1 X56.071 Y59.469 F9000
G1 E160.90141 F1500  ; un-retract
G1 X56.531 Y59.929 E160.92306 F3600
G1 E159.42306 F1500  ; retract
G1 X58.215 Y61.613 F9000
G1 E160.92306 F1500  ; un-retract
G1 X58.387 Y61.785 E160.93117 F3600
G1 E159.43117 F1500  ; retract
G1 X60.071 Y63.469 F9000
G1 E160.93117 F1500  ; un-retract
G1 X60.531 Y63.929 E160.95282 F3600
G1 E159.45282 F1500  ; retract
G1 X52.137 Y58.364 F9000
G1 E160.95282 F1500  ; un-retract
G1 X52.765 Y58.992 E160.98236 F3600

; layer 34  z=6.850
G1 Z6.850 F1200
G1 E159.48236 F1500  ; retract
G1 X62.733 Y60.000 F9000
G1 E160.98236 F1500  ; un-retract
G1 X62.525 Y61.046 E161.01783 F2400
G1 X61.933 Y61.933 E161.05330 F2400
G1 X61.046 Y62.525 E161.08878 F2400
G1 X60.000 Y62.733 E161.12425 F2400
G1 X58.954 Y62.525 E161.15972 F2400
G1 X58.067 Y61.933 E161.19519 F2400
G1 X57.475 Y61.046 E161.23066 F2400
G1 X57.267 Y60.000 E161.26613 F2400
G1 X57.475 Y58.954 E161.30161 F2400
G1 X58.067 Y58.067 E161.33708 F2400
G1 X58.954 Y57.475 E161.37255 F2400
G1 X60.000 Y57.267 E161.40802 F2400
G1 X61.046 Y57.475 E161.44349 F2400
G1 X61.933 Y58.067 E161.47897 F2400
G1 X62.525 Y58.954 E161.51444 F2400
G1 X62.733 Y60.000 E161.54991 F2400
G1 E160.04991 F1500  ; retract
G1 X64.589 Y60.340 F9000
G1 E161.54991 F1500  ; un-retract
G1 X64.571 Y60.358 E161.55077 F2400
G1 X64.340 Y60.589 E161.56162 F2400
G1 X64.315 Y60.596 E161.56248 F2400
G1 X64.000 Y60.680 E161.57332 F2400
G1 X63.975 Y60.673 E161.57419 F2400
G1 X63.660 Y60.589 E161.58503 F2400
G1 X63.642 Y60.571 E161.58589 F2400
G1 X63.411 Y60.340 E161.59674 F2400
G1 X63.404 Y60.315 E161.59760 F2400
G1 X63.320 Y60.000 E161.60845 F2400
G1 X63.327 Y59.975 E161.60931 F2400
G1 X63.411 Y59.660 E161.62015 F2400
G1 X63.429 Y59.642 E161.62102 F2400
G1 X63.660 Y59.411 E161.63186 F2400
G1 X63.685 Y59.404 E161.63272 F2400
G1 X64.000 Y59.320 E161.64357 F2400
G1 X64.025 Y59.327 E161.64443 F2400
G1 X64.340 Y59.411 E161.65528 F2400
G1 X64.358 Y59.429 E161.65614 F2400
G1 X64.589 Y59.660 E161.66698 F2400
G1 X64.596 Y59.685 E161.66784 F2400
G1 X64.680 Y60.000 E161.67869 F2400
G1 X64.673 Y60.025 E161.67955 F2400
G1 X64.589 Y60.340 E161.69040 F2400
G1 E160.19040 F1500  ; retract
G1 X60.589 Y64.340 F9000
G1 E161.69040 F1500  ; un-retract
G1 X60.571 Y64.358 E161.69126 F2400
G1 X60.340 Y64.589 E161.70211 F2400
G1 X60.315 Y64.596 E161.70297 F2400
G1 X60.000 Y64.680 E161.71381 F2400
G1 X59.975 Y64.673 E161.71467 F2400
G1 X59.660 Y64.589 E161.72552 F2400
G1 X59.642 Y64.571 E161.72638 F2400
G1 X59.411 Y64.340 E161.73723 F2400
G1 X59.404 Y64.315 E161.73809 F2400
G1 X59.320 Y64.000 E161.74894 F2400
G1 X59.327 Y63.975 E161.74980 F2400
G1 X59.411 Y63.660 E161.76064 F2400
G1 X59.429 Y63.642 E161.76150 F2400
G1 X59.660 Y63.411 E161.77235 F2400
G1 X59.685 Y63.404 E161.77321 F2400
G1 X60.000 Y63.320 E161.78406 F2400
G1 X60.025 Y63.327 E161.78492 F2400
G1 X60.340 Y63.411 E161.79577 F2400
G1 X60.358 Y63.429 E161.79663 F2400
G1 X60.589 Y63.660 E161.80747 F2400
G1 X60.596 Y63.685 E161.80833 F2400
G1 X60.680 Y64.000 E161.81918 F2400
G1 X60.673 Y64.025 E161.82004 F2400
G1 X60.589 Y64.340 E161.83089 F2400
G1 E160.33089 F1500  ; retract
G1 X56.589 Y60.340 F9000
G1 E161.83089 F1500  ; un-retract
G1 X56.571 Y60.358 E161.83175 F2400
G1 X56.340 Y60.589 E161.84259 F2400
G1 X56.315 Y60.596 E161.84346 F2400
G1 X56.000 Y60.680 E161.85430 F2400
G1 X55.975 Y60.673 E161.85516 F2400
G1 X55.660 Y60.589 E161.86601 F2400
G1 X55.642 Y60.571 E161.86687 F2400
G1 X55.411 Y60.340 E161.87772 F2400
G1 X55.404 Y60.315 E161.87858 F2400
G1 X55.320 Y60.000 E161.88942 F2400
G1 X55.327 Y59.975 E161.89029 F2400
G1 X55.411 Y59.660 E161.90113 F2400
G1 X55.429 Y59.642 E161.90199 F2400
G1 X55.660 Y59.411 E161.91284 F2400
G1 X55.685 Y59.404 E161.91370 F2400
G1 X56.000 Y59.320 E161.92455 F2400
G1 X56.025 Y59.327 E161.92541 F2400
G1 X56.340 Y59.411 E161.93625 F2400
G1 X56.358 Y59.429 E161.93711 F2400
G1 X56.589 Y59.660 E161.94796 F2400
G1 X56.596 Y59.685 E161.94882 F2400
G1 X56.680 Y60.000 E161.95967 F2400
G1 X56.673 Y60.025 E161.96053 F2400
G1 X56.589 Y60.340 E161.97138 F2400
G1 E160.47138 F1500  ; retract
G1 X60.589 Y56.340 F9000
G1 E161.97138 F1500  ; un-retract
G1 X60.571 Y56.358 E161.97224 F2400
G1 X60.340 Y56.589 E161.98308 F2400
G1 X60.315 Y56.596 E161.98394 F2400
G1 X60.000 Y56.680 E161.99479 F2400
G1 X59.975 Y56.673 E161.99565 F2400
G1 X59.660 Y56.589 E162.00650 F2400
G1 X59.642 Y56.571 E162.00736 F2400
G1 X59.411 Y56.340 E162.01821 F2400
G1 X59.404 Y56.315 E162.01907 F2400
G1 X59.320 Y56.000 E162.02991 F2400
G1 X59.327 Y55.975 E162.03077 F2400
G1 X59.411 Y55.660 E162.04162 F2400
G1 X59.429 Y55.642 E162.04248 F2400
G1 X59.660 Y55.411 E162.05333 F2400
G1 X59.685 Y55.404 E162.05419 F2400
G1 X60.000 Y55.320 E162.06504 F2400
G1 X60.025 Y55.327 E162.06590 F2400
G1 X60.340 Y55.411 E162.07674 F2400
G1 X60.358 Y55.429 E162.07760 F2400
G1 X60.589 Y55.660 E162.08845 F2400
G1 X60.596 Y55.685 E162.08931 F2400
G1 X60.680 Y56.000 E162.10016 F2400
G1 X60.673 Y56.025 E162.10102 F2400
G1 X60.589 Y56.340 E162.11186 F2400
G1 E160.61186 F1500  ; retract
G1 X64.431 Y60.990 F9000
G1 E162.11186 F1500  ; un-retract
G1 X64.451 Y60.667 E162.12263 F2400
G1 X64.520 Y59.573 E162.15911 F2400
G1 X64.431 Y60.990 E162.20636 F2400
G1 E160.70636 F1500  ; retract
G1 X68.213 Y59.224 F9000
G1 E162.20636 F1500  ; un-retract
G1 X68.179 Y59.769 E162.22455 F2400
G1 X68.051 Y61.800 E162.29221 F2400
G1 X67.850 Y62.308 E162.31040 F2400
G1 X67.101 Y64.200 E162.37806 F2400
G1 X66.753 Y64.621 E162.39625 F2400
G1 X65.456 Y66.188 E162.46391 F2400
G1 X68.213 Y59.224 E162.71306 F2400
G1 E161.21306 F1500  ; retract
G1 X63.908 Y62.311 F9000
G1 E162.71306 F1500  ; un-retract
G1 X64.027 Y62.010 E162.72383 F2400
G1 X64.431 Y60.990 E162.76031 F2400
G1 X63.908 Y62.311 E162.80756 F2400
G1 E161.30756 F1500  ; retract
G1 X63.908 Y62.311 F9000
G1 E162.80756 F1500  ; un-retract
G1 X63.209 Y63.157 E162.84404 F2400
G1 X63.003 Y63.406 E162.85480 F2400
G1 X63.908 Y62.311 E162.90205 F2400
G1 E161.40205 F1500  ; retract
G1 X55.569 Y59.010 F9000
G1 E162.90205 F1500  ; un-retract
G1 X55.549 Y59.333 E162.91282 F2400
G1 X55.480 Y60.427 E162.94930 F2400
G1 X55.569 Y59.010 E162.99655 F2400
G1 E161.49655 F1500  ; retract
G1 X51.787 Y60.776 F9000
G1 E162.99655 F1500  ; un-retract
G1 X51.821 Y60.231 E163.01473 F2400
G1 X51.949 Y58.200 E163.08240 F2400
G1 X52.150 Y57.692 E163.10058 F2400
G1 X52.899 Y55.800 E163.16825 F2400
G1 X53.247 Y55.379 E163.18643 F2400
G1 X54.544 Y53.812 E163.25410 F2400
G1 X51.787 Y60.776 E163.50324 F2400
G1 E162.00324 F1500  ; retract
G1 X56.092 Y57.689 F9000
G1 E163.50324 F1500  ; un-retract
G1 X55.973 Y57.990 E163.51401 F2400
G1 X55.569 Y59.010 E163.55049 F2400
G1 X56.092 Y57.689 E163.59774 F2400
G1 E162.09774 F1500  ; retract
G1 X56.092 Y57.689 F9000
G1 E163.59774 F1500  ; un-retract
G1 X56.791 Y56.843 E163.63422 F2400
G1 X56.997 Y56.594 E163.64499 F2400
G1 X56.092 Y57.689 E163.69223 F2400
G1 E162.19223 F1500  ; retract
G1 X67.662 Y62.568 F9000
G1 E163.69223 F1500  ; un-retract
G1 X66.524 Y63.706 E163.74573 F3600
G1 E162.24573 F1500  ; retract
G1 X64.347 Y60.227 F9000
G1 E163.74573 F1500  ; un-retract
G1 X64.057 Y60.516 E163.75935 F3600
G1 E162.25935 F1500  ; retract
G1 X60.516 Y64.057 F9000
G1 E163.75935 F1500  ; un-retract
G1 X60.057 Y64.516 E163.78093 F3600
G1 E162.28093 F1500  ; retract
G1 X62.428 Y59.317 F9000
G1 E163.78093 F1500  ; un-retract
G1 X59.317 Y62.428 E163.92727 F3600
G1 E162.42727 F1500  ; retract
G1 X61.142 Y57.775 F9000
G1 E163.92727 F1500  ; un-retract
G1 X57.775 Y61.142 E164.08565 F3600
G1 E162.58565 F1500  ; retract
G1 X60.367 Y55.721 F9000
G1 E164.08565 F1500  ; un-retract
G1 X59.721 Y56.367 E164.11604 F3600
G1 E162.61604 F1500  ; retract
G1 X56.367 Y59.721 F9000
G1 E164.11604 F1500  ; un-retract
G1 X55.721 Y60.367 E164.14643 F3600
G1 E162.64643 F1500  ; retract
G1 X53.043 Y57.388 F9000
G1 E164.14643 F1500  ; un-retract
G1 X52.071 Y58.360 E164.19212 F3600

; layer 35  z=7.050
G1 Z7.050 F1200
G1 E162.69212 F1500  ; retract
G1 X63.000 Y60.000 F9000
G1 E164.19212 F1500  ; un-retract
G1 X62.772 Y61.148 E164.23105 F2400
G1 X62.121 Y62.121 E164.26998 F2400
G1 X61.148 Y62.772 E164.30891 F2400
G1 X60.000 Y63.000 E164.34785 F2400
G1 X58.852 Y62.772 E164.38678 F2400
G1 X57.879 Y62.121 E164.42571 F2400
G1 X57.228 Y61.148 E164.46464 F2400
G1 X57.000 Y60.000 E164.50358 F2400
G1 X57.228 Y58.852 E164.54251 F2400
G1 X57.879 Y57.879 E164.58144 F2400
G1 X58.852 Y57.228 E164.62037 F2400
G1 X60.000 Y57.000 E164.65930 F2400
G1 X61.148 Y57.228 E164.69824 F2400
G1 X62.121 Y57.879 E164.73717 F2400
G1 X62.772 Y58.852 E164.77610 F2400
G1 X63.000 Y60.000 E164.81503 F2400
G1 E163.31503 F1500  ; retract
G1 X64.579 Y60.334 F9000
G1 E164.81503 F1500  ; un-retract
G1 X64.550 Y60.363 E164.81639 F2400
G1 X64.334 Y60.579 E164.82654 F2400
G1 X64.295 Y60.590 E164.82790 F2400
G1 X64.000 Y60.669 E164.83805 F2400
G1 X63.961 Y60.658 E164.83941 F2400
G1 X63.666 Y60.579 E164.84957 F2400
G1 X63.637 Y60.550 E164.85092 F2400
G1 X63.421 Y60.334 E164.86108 F2400
G1 X63.410 Y60.295 E164.86243 F2400
G1 X63.331 Y60.000 E164.87259 F2400
G1 X63.342 Y59.961 E164.87394 F2400
G1 X63.421 Y59.666 E164.88410 F2400
G1 X63.450 Y59.637 E164.88545 F2400
G1 X63.666 Y59.421 E164.89561 F2400
G1 X63.705 Y59.410 E164.89696 F2400
G1 X64.000 Y59.331 E164.90712 F2400
G1 X64.039 Y59.342 E164.90847 F2400
G1 X64.334 Y59.421 E164.91863 F2400
G1 X64.363 Y59.450 E164.91998 F2400
G1 X64.579 Y59.666 E164.93014 F2400
G1 X64.590 Y59.705 E164.93149 F2400
G1 X64.669 Y60.000 E164.94165 F2400
G1 X64.658 Y60.039 E164.94301 F2400
G1 X64.579 Y60.334 E164.95316 F2400
G1 E163.45316 F1500  ; retract
G1 X60.579 Y64.334 F9000
G1 E164.95316 F1500  ; un-retract
G1 X60.550 Y64.363 E164.95452 F2400
G1 X60.334 Y64.579 E164.96467 F2400
G1 X60.295 Y64.590 E164.96603 F2400
G1 X60.000 Y64.669 E164.97618 F2400
G1 X59.961 Y64.658 E164.97754 F2400
G1 X59.666 Y64.579 E164.98770 F2400
G1 X59.637 Y64.550 E164.98905 F2400
G1 X59.421 Y64.334 E164.99921 F2400
G1 X59.410 Y64.295 E165.00056 F2400
G1 X59.331 Y64.000 E165.01072 F2400
G1 X59.342 Y63.961 E165.01207 F2400
G1 X59.421 Y63.666 E165.02223 F2400
G1 X59.450 Y63.637 E165.02358 F2400
G1 X59.666 Y63.421 E165.03374 F2400
G1 X59.705 Y63.410 E165.03509 F2400
G1 X60.000 Y63.331 E165.04525 F2400
G1 X60.039 Y63.342 E165.04660 F2400
G1 X60.334 Y63.421 E165.05676 F2400
G1 X60.363 Y63.450 E165.05811 F2400
G1 X60.579 Y63.666 E165.06827 F2400
G1 X60.590 Y63.705 E165.06962 F2400
G1 X60.669 Y64.000 E165.07978 F2400
G1 X60.658 Y64.039 E165.08114 F2400
G1 X60.579 Y64.334 E165.09129 F2400
G1 E163.59129 F1500  ; retract
G1 X56.579 Y60.334 F9000
G1 E165.09129 F1500  ; un-retract
G1 X56.550 Y60.363 E165.09265 F2400
G1 X56.334 Y60.579 E165.10280 F2400
G1 X56.295 Y60.590 E165.10416 F2400
G1 X56.000 Y60.669 E165.11431 F2400
G1 X55.961 Y60.658 E165.11567 F2400
G1 X55.666 Y60.579 E165.12583 F2400
G1 X55.637 Y60.550 E165.12718 F2400
G1 X55.421 Y60.334 E165.13734 F2400
G1 X55.410 Y60.295 E165.13869 F2400
G1 X55.331 Y60.000 E165.14885 F2400
G1 X55.342 Y59.961 E165.15020 F2400
G1 X55.421 Y59.666 E165.16036 F2400
G1 X55.450 Y59.637 E165.16171 F2400
G1 X55.666 Y59.421 E165.17187 F2400
G1 X55.705 Y59.410 E165.17322 F2400
G1 X56.000 Y59.331 E165.18338 F2400
G1 X56.039 Y59.342 E165.18473 F2400
G1 X56.334 Y59.421 E165.19489 F2400
G1 X56.363 Y59.450 E165.19624 F2400
G1 X56.579 Y59.666 E165.20640 F2400
G1 X56.590 Y59.705 E165.20775 F2400
G1 X56.669 Y60.000 E165.21791 F2400
G1 X56.658 Y60.039 E165.21927 F2400
G1 X56.579 Y60.334 E165.22942 F2400
G1 E163.72942 F1500  ; retract
G1 X60.579 Y56.334 F9000
G1 E165.22942 F1500  ; un-retract
G1 X60.550 Y56.363 E165.23078 F2400
G1 X60.334 Y56.579 E165.24093 F2400
G1 X60.295 Y56.590 E165.24229 F2400
G1 X60.000 Y56.669 E165.25244 F2400
G1 X59.961 Y56.658 E165.25380 F2400
G1 X59.666 Y56.579 E165.26396 F2400
G1 X59.637 Y56.550 E165.26531 F2400
G1 X59.421 Y56.334 E165.27547 F2400
G1 X59.410 Y56.295 E165.27682 F2400
G1 X59.331 Y56.000 E165.28698 F2400
G1 X59.342 Y55.961 E165.28833 F2400
G1 X59.421 Y55.666 E165.29849 F2400
G1 X59.450 Y55.637 E165.29984 F2400
G1 X59.666 Y55.421 E165.31000 F2400
G1 X59.705 Y55.410 E165.31135 F2400
G1 X60.000 Y55.331 E165.32151 F2400
G1 X60.039 Y55.342 E165.32286 F2400
G1 X60.334 Y55.421 E165.33302 F2400
G1 X60.363 Y55.450 E165.33437 F2400
G1 X60.579 Y55.666 E165.34453 F2400
G1 X60.590 Y55.705 E165.34588 F2400
G1 X60.669 Y56.000 E165.35604 F2400
G1 X60.658 Y56.039 E165.35740 F2400
G1 X60.579 Y56.334 E165.36755 F2400
G1 E163.86755 F1500  ; retract
G1 X63.668 Y60.483 F9000
G1 E165.36755 F1500  ; un-retract
G1 X63.662 Y60.513 E165.36856 F2400
G1 X63.574 Y60.958 E165.38365 F2400
G1 X63.564 Y60.986 E165.38466 F2400
G1 X63.418 Y61.416 E165.39975 F2400
G1 X63.405 Y61.443 E165.40076 F2400
G1 X63.204 Y61.850 E165.41585 F2400
G1 X63.188 Y61.875 E165.41685 F2400
G1 X62.935 Y62.252 E165.43194 F2400
G1 X62.916 Y62.275 E165.43295 F2400
G1 X62.616 Y62.616 E165.44804 F2400
G1 X62.594 Y62.636 E165.44905 F2400
G1 X62.252 Y62.935 E165.46414 F2400
G1 X61.850 Y63.204 E165.48024 F2400
G1 X61.823 Y63.218 E165.48124 F2400
G1 X61.416 Y63.418 E165.49634 F2400
G1 X61.387 Y63.428 E165.49734 F2400
G1 X60.958 Y63.574 E165.51243 F2400
G1 X60.928 Y63.580 E165.51344 F2400
G1 X60.483 Y63.668 E165.52853 F2400
G1 X60.453 Y63.670 E165.52953 F2400
G1 X60.000 Y63.700 E165.54463 F2400
G1 X59.970 Y63.698 E165.54563 F2400
G1 X59.517 Y63.668 E165.56072 F2400
G1 X59.042 Y63.574 E165.57682 F2400
G1 X59.014 Y63.564 E165.57783 F2400
G1 X58.584 Y63.418 E165.59292 F2400
G1 X58.557 Y63.405 E165.59392 F2400
G1 X58.150 Y63.204 E165.60901 F2400
G1 X58.125 Y63.188 E165.61002 F2400
G1 X57.748 Y62.935 E165.62511 F2400
G1 X57.725 Y62.916 E165.62612 F2400
G1 X57.384 Y62.616 E165.64121 F2400
G1 X57.364 Y62.594 E165.64221 F2400
G1 X57.065 Y62.252 E165.65731 F2400
G1 X56.796 Y61.850 E165.67340 F2400
G1 X56.782 Y61.823 E165.67441 F2400
G1 X56.582 Y61.416 E165.68950 F2400
G1 X56.572 Y61.387 E165.69051 F2400
G1 X56.426 Y60.958 E165.70560 F2400
G1 X56.420 Y60.928 E165.70660 F2400
G1 X56.332 Y60.483 E165.72170 F2400
G1 X56.330 Y60.453 E165.72270 F2400
G1 X56.300 Y60.000 E165.73779 F2400
G1 X56.302 Y59.970 E165.73880 F2400
G1 X56.332 Y59.517 E165.75389 F2400
G1 X56.426 Y59.042 E165.76999 F2400
G1 X56.436 Y59.014 E165.77099 F2400
G1 X56.582 Y58.584 E165.78608 F2400
G1 X56.595 Y58.557 E165.78709 F2400
G1 X56.796 Y58.150 E165.80218 F2400
G1 X56.812 Y58.125 E165.80319 F2400
G1 X57.065 Y57.748 E165.81828 F2400
G1 X57.084 Y57.725 E165.81929 F2400
G1 X57.384 Y57.384 E165.83438 F2400
G1 X57.406 Y57.364 E165.83538 F2400
G1 X57.748 Y57.065 E165.85047 F2400
G1 X58.150 Y56.796 E165.86657 F2400
G1 X58.177 Y56.782 E165.86758 F2400
G1 X58.584 Y56.582 E165.88267 F2400
G1 X58.613 Y56.572 E165.88367 F2400
G1 X59.042 Y56.426 E165.89877 F2400
G1 X59.072 Y56.420 E165.89977 F2400
G1 X59.517 Y56.332 E165.91486 F2400
G1 X59.547 Y56.330 E165.91587 F2400
G1 X60.000 Y56.300 E165.93096 F2400
G1 X60.030 Y56.302 E165.93197 F2400
G1 X60.483 Y56.332 E165.94706 F2400
G1 X60.958 Y56.426 E165.96315 F2400
G1 X60.986 Y56.436 E165.96416 F2400
G1 X61.416 Y56.582 E165.97925 F2400
G1 X61.443 Y56.595 E165.98026 F2400
G1 X61.850 Y56.796 E165.99535 F2400
G1 X61.875 Y56.812 E165.99636 F2400
G1 X62.252 Y57.065 E166.01145 F2400
G1 X62.275 Y57.084 E166.01245 F2400
G1 X62.616 Y57.384 E166.02754 F2400
G1 X62.636 Y57.406 E166.02855 F2400
G1 X62.935 Y57.748 E166.04364 F2400
G1 X63.204 Y58.150 E166.05974 F2400
G1 X63.218 Y58.177 E166.06074 F2400
G1 X63.418 Y58.584 E166.07584 F2400
G1 X63.428 Y58.613 E166.07684 F2400
G1 X63.574 Y59.042 E166.09193 F2400
G1 X63.580 Y59.072 E166.09294 F2400
G1 X63.668 Y59.517 E166.10803 F2400
G1 X63.670 Y59.547 E166.10904 F2400
G1 X63.700 Y60.000 E166.12413 F2400
G1 X63.698 Y60.030 E166.12513 F2400
G1 X63.668 Y60.483 E166.14022 F2400
G1 E164.64022 F1500  ; retract
G1 X64.462 Y60.587 F9000
G1 E166.14022 F1500  ; un-retract
G1 X64.354 Y61.129 E166.15858 F2400
G1 X64.347 Y61.165 E166.15980 F2400
G1 X64.169 Y61.687 E166.17815 F2400
G1 X64.157 Y61.722 E166.17938 F2400
G1 X63.913 Y62.217 E166.19773 F2400
G1 X63.897 Y62.250 E166.19896 F2400
G1 X63.590 Y62.709 E166.21731 F2400
G1 X63.570 Y62.739 E166.21853 F2400
G1 X63.206 Y63.154 E166.23689 F2400
G1 X63.182 Y63.182 E166.23811 F2400
G1 X62.767 Y63.546 E166.25647 F2400
G1 X62.739 Y63.570 E166.25769 F2400
G1 X62.281 Y63.877 E166.27604 F2400
G1 X62.250 Y63.897 E166.27727 F2400
G1 X61.755 Y64.141 E166.29562 F2400
G1 X61.722 Y64.157 E166.29685 F2400
G1 X61.200 Y64.335 E166.31520 F2400
G1 X61.165 Y64.347 E166.31642 F2400
G1 X60.623 Y64.454 E166.33478 F2400
G1 X60.587 Y64.462 E166.33600 F2400
G1 X60.037 Y64.498 E166.35436 F2400
G1 X60.000 Y64.500 E166.35558 F2400
G1 X59.449 Y64.464 E166.37394 F2400
G1 X59.413 Y64.462 E166.37516 F2400
G1 X58.871 Y64.354 E166.39351 F2400
G1 X58.835 Y64.347 E166.39474 F2400
G1 X58.313 Y64.169 E166.41309 F2400
G1 X58.278 Y64.157 E166.41431 F2400
G1 X57.783 Y63.913 E166.43267 F2400
G1 X57.750 Y63.897 E166.43389 F2400
G1 X57.291 Y63.590 E166.45225 F2400
G1 X57.261 Y63.570 E166.45347 F2400
G1 X56.846 Y63.206 E166.47182 F2400
G1 X56.818 Y63.182 E166.47305 F2400
G1 X56.454 Y62.767 E166.49140 F2400
G1 X56.430 Y62.739 E166.49263 F2400
G1 X56.123 Y62.281 E166.51098 F2400
G1 X56.103 Y62.250 E166.51220 F2400
G1 X55.859 Y61.755 E166.53056 F2400
G1 X55.843 Y61.722 E166.53178 F2400
G1 X55.665 Y61.200 E166.55014 F2400
G1 X55.653 Y61.165 E166.55136 F2400
G1 X55.546 Y60.623 E166.56971 F2400
G1 X55.538 Y60.587 E166.57094 F2400
G1 X55.502 Y60.037 E166.58929 F2400
G1 X55.500 Y60.000 E166.59052 F2400
G1 X55.536 Y59.449 E166.60887 F2400
G1 X55.538 Y59.413 E166.61009 F2400
G1 X55.646 Y58.871 E166.62845 F2400
G1 X55.653 Y58.835 E166.62967 F2400
G1 X55.831 Y58.313 E166.64802 F2400
G1 X55.843 Y58.278 E166.64925 F2400
G1 X56.087 Y57.783 E166.66760 F2400
G1 X56.103 Y57.750 E166.66883 F2400
G1 X56.410 Y57.291 E166.68718 F2400
G1 X56.430 Y57.261 E166.68840 F2400
G1 X56.794 Y56.846 E166.70676 F2400
G1 X56.818 Y56.818 E166.70798 F2400
G1 X57.233 Y56.454 E166.72634 F2400
G1 X57.261 Y56.430 E166.72756 F2400
G1 X57.719 Y56.123 E166.74591 F2400
G1 X57.750 Y56.103 E166.74714 F2400
G1 X58.245 Y55.859 E166.76549 F2400
G1 X58.278 Y55.843 E166.76672 F2400
G1 X58.800 Y55.665 E166.78507 F2400
G1 X58.835 Y55.653 E166.78629 F2400
G1 X59.377 Y55.546 E166.80465 F2400
G1 X59.413 Y55.538 E166.80587 F2400
G1 X59.963 Y55.502 E166.82423 F2400
G1 X60.000 Y55.500 E166.82545 F2400
G1 X60.551 Y55.536 E166.84381 F2400
G1 X60.587 Y55.538 E166.84503 F2400
G1 X61.129 Y55.646 E166.86338 F2400
G1 X61.165 Y55.653 E166.86461 F2400
G1 X61.687 Y55.831 E166.88296 F2400
G1 X61.722 Y55.843 E166.88418 F2400
G1 X62.217 Y56.087 E166.90254 F2400
G1 X62.250 Y56.103 E166.90376 F2400
G1 X62.709 Y56.410 E166.92212 F2400
G1 X62.739 Y56.430 E166.92334 F2400
G1 X63.154 Y56.794 E166.94169 F2400
G1 X63.182 Y56.818 E166.94292 F2400
G1 X63.546 Y57.233 E166.96127 F2400
G1 X63.570 Y57.261 E166.96250 F2400
G1 X63.877 Y57.719 E166.98085 F2400
G1 X63.897 Y57.750 E166.98207 F2400
G1 X64.141 Y58.245 E167.00043 F2400
G1 X64.157 Y58.278 E167.00165 F2400
G1 X64.335 Y58.800 E167.02001 F2400
G1 X64.347 Y58.835 E167.02123 F2400
G1 X64.454 Y59.377 E167.03958 F2400
G1 X64.462 Y59.413 E167.04081 F2400
G1 X64.498 Y59.963 E167.05916 F2400
G1 X64.500 Y60.000 E167.06038 F2400
G1 X64.464 Y60.551 E167.07874 F2400
G1 X64.462 Y60.587 E167.07996 F2400
G1 E165.57996 F1500  ; retract
G1 X60.623 Y55.673 F9000
G1 E167.07996 F1500  ; un-retract
G1 X61.502 Y56.553 E167.12134 F3600
G1 E165.62134 F1500  ; retract
G1 X63.447 Y58.498 F9000
G1 E167.12134 F1500  ; un-retract
G1 X64.327 Y59.377 E167.16271 F3600
G1 E165.66271 F1500  ; retract
G1 X58.209 Y56.088 F9000
G1 E167.16271 F1500  ; un-retract
G1 X58.531 Y56.410 E167.17787 F3600
G1 E165.67787 F1500  ; retract
G1 X59.409 Y57.287 F9000
G1 E167.17787 F1500  ; un-retract
G1 X62.713 Y60.591 E167.33329 F3600
G1 E165.83329 F1500  ; retract
G1 X63.590 Y61.469 F9000
G1 E167.33329 F1500  ; un-retract
G1 X63.912 Y61.791 E167.34846 F3600
G1 E165.84846 F1500  ; retract
G1 X56.629 Y57.336 F9000
G1 E167.34846 F1500  ; un-retract
G1 X56.914 Y57.621 E167.36184 F3600
G1 E165.86184 F1500  ; retract
G1 X57.737 Y58.444 F9000
G1 E167.36184 F1500  ; un-retract
G1 X61.556 Y62.263 E167.54148 F3600
G1 E166.04148 F1500  ; retract
G1 X62.379 Y63.086 F9000
G1 E167.54148 F1500  ; un-retract
G1 X62.664 Y63.371 E167.55486 F3600
G1 E166.05486 F1500  ; retract
G1 X57.274 Y60.810 F9000
G1 E167.55486 F1500  ; un-retract
G1 X59.190 Y62.726 E167.64497 F3600

; layer 36  z=7.250
G1 Z7.250 F1200
G1 E166.14497 F1500  ; retract
G1 X63.267 Y60.000 F9000
G1 E167.64497 F1500  ; un-retract
G1 X63.018 Y61.250 E167.68736 F2400
G1 X62.310 Y62.310 E167.72975 F2400
G1 X61.250 Y63.018 E167.77215 F2400
G1 X60.000 Y63.267 E167.81454 F2400
G1 X58.750 Y63.018 E167.85693 F2400
G1 X57.690 Y62.310 E167.89933 F2400
G1 X56.982 Y61.250 E167.94172 F2400
G1 X56.733 Y60.000 E167.98411 F2400
G1 X56.982 Y58.750 E168.02650 F2400
G1 X57.690 Y57.690 E168.06890 F2400
G1 X58.750 Y56.982 E168.11129 F2400
G1 X60.000 Y56.733 E168.15368 F2400
G1 X61.250 Y56.982 E168.19608 F2400
G1 X62.310 Y57.690 E168.23847 F2400
G1 X63.018 Y58.750 E168.28086 F2400
G1 X63.267 Y60.000 E168.32326 F2400
G1 E166.82326 F1500  ; retract
G1 X64.569 Y60.329 F9000
G1 E168.32326 F1500  ; un-retract
G1 X64.530 Y60.368 E168.32510 F2400
G1 X64.329 Y60.569 E168.33457 F2400
G1 X64.275 Y60.584 E168.33642 F2400
G1 X64.000 Y60.657 E168.34588 F2400
G1 X63.946 Y60.643 E168.34773 F2400
G1 X63.671 Y60.569 E168.35720 F2400
G1 X63.431 Y60.329 E168.36851 F2400
G1 X63.416 Y60.275 E168.37036 F2400
G1 X63.343 Y60.000 E168.37982 F2400
G1 X63.357 Y59.946 E168.38167 F2400
G1 X63.431 Y59.671 E168.39114 F2400
G1 X63.671 Y59.431 E168.40245 F2400
G1 X63.725 Y59.416 E168.40430 F2400
G1 X64.000 Y59.343 E168.41377 F2400
G1 X64.054 Y59.357 E168.41561 F2400
G1 X64.329 Y59.431 E168.42508 F2400
G1 X64.569 Y59.671 E168.43639 F2400
G1 X64.584 Y59.725 E168.43824 F2400
G1 X64.657 Y60.000 E168.44771 F2400
G1 X64.643 Y60.054 E168.44955 F2400
G1 X64.569 Y60.329 E168.45902 F2400
G1 E166.95902 F1500  ; retract
G1 X60.569 Y64.329 F9000
G1 E168.45902 F1500  ; un-retract
G1 X60.530 Y64.368 E168.46087 F2400
G1 X60.329 Y64.569 E168.47033 F2400
G1 X60.275 Y64.584 E168.47218 F2400
G1 X60.000 Y64.657 E168.48165 F2400
G1 X59.946 Y64.643 E168.48349 F2400
G1 X59.671 Y64.569 E168.49296 F2400
G1 X59.431 Y64.329 E168.50428 F2400
G1 X59.416 Y64.275 E168.50612 F2400
G1 X59.343 Y64.000 E168.51559 F2400
G1 X59.357 Y63.946 E168.51743 F2400
G1 X59.431 Y63.671 E168.52690 F2400
G1 X59.671 Y63.431 E168.53822 F2400
G1 X59.725 Y63.416 E168.54006 F2400
G1 X60.000 Y63.343 E168.54953 F2400
G1 X60.054 Y63.357 E168.55138 F2400
G1 X60.329 Y63.431 E168.56085 F2400
G1 X60.569 Y63.671 E168.57216 F2400
G1 X60.584 Y63.725 E168.57400 F2400
G1 X60.657 Y64.000 E168.58347 F2400
G1 X60.643 Y64.054 E168.58532 F2400
G1 X60.569 Y64.329 E168.59479 F2400
G1 E167.09479 F1500  ; retract
G1 X56.569 Y60.329 F9000
G1 E168.59479 F1500  ; un-retract
G1 X56.530 Y60.368 E168.59663 F2400
G1 X56.329 Y60.569 E168.60610 F2400
G1 X56.275 Y60.584 E168.60794 F2400
G1 X56.000 Y60.657 E168.61741 F2400
G1 X55.946 Y60.643 E168.61926 F2400
G1 X55.671 Y60.569 E168.62873 F2400
G1 X55.431 Y60.329 E168.64004 F2400
G1 X55.416 Y60.275 E168.64189 F2400
G1 X55.343 Y60.000 E168.65135 F2400
G1 X55.357 Y59.946 E168.65320 F2400
G1 X55.431 Y59.671 E168.66267 F2400
G1 X55.671 Y59.431 E168.67398 F2400
G1 X55.725 Y59.416 E168.67583 F2400
G1 X56.000 Y59.343 E168.68530 F2400
G1 X56.054 Y59.357 E168.68714 F2400
G1 X56.329 Y59.431 E168.69661 F2400
G1 X56.569 Y59.671 E168.70792 F2400
G1 X56.584 Y59.725 E168.70977 F2400
G1 X56.657 Y60.000 E168.71924 F2400
G1 X56.643 Y60.054 E168.72108 F2400
G1 X56.569 Y60.329 E168.73055 F2400
G1 E167.23055 F1500  ; retract
G1 X60.569 Y56.329 F9000
G1 E168.73055 F1500  ; un-retract
G1 X60.530 Y56.368 E168.73240 F2400
G1 X60.329 Y56.569 E168.74186 F2400
G1 X60.275 Y56.584 E168.74371 F2400
G1 X60.000 Y56.657 E168.75318 F2400
G1 X59.946 Y56.643 E168.75502 F2400
G1 X59.671 Y56.569 E168.76449 F2400
G1 X59.431 Y56.329 E168.77581 F2400
G1 X59.416 Y56.275 E168.77765 F2400
G1 X59.343 Y56.000 E168.78712 F2400
G1 X59.357 Y55.946 E168.78896 F2400
G1 X59.431 Y55.671 E168.79843 F2400
G1 X59.671 Y55.431 E168.80975 F2400
G1 X59.725 Y55.416 E168.81159 F2400
G1 X60.000 Y55.343 E168.82106 F2400
G1 X60.054 Y55.357 E168.82291 F2400
G1 X60.329 Y55.431 E168.83238 F2400
G1 X60.569 Y55.671 E168.84369 F2400
G1 X60.584 Y55.725 E168.84553 F2400
G1 X60.657 Y56.000 E168.85500 F2400
G1 X60.643 Y56.054 E168.85685 F2400
G1 X60.569 Y56.329 E168.86632 F2400
G1 E167.36632 F1500  ; retract
G1 X63.668 Y60.483 F9000
G1 E168.86632 F1500  ; un-retract
G1 X63.639 Y60.631 E168.87135 F2400
G1 X63.574 Y60.958 E168.88241 F2400
G1 X63.525 Y61.101 E168.88744 F2400
G1 X63.418 Y61.416 E168.89851 F2400
G1 X63.352 Y61.552 E168.90354 F2400
G1 X63.204 Y61.850 E168.91461 F2400
G1 X63.120 Y61.976 E168.91964 F2400
G1 X62.935 Y62.252 E168.93071 F2400
G1 X62.836 Y62.366 E168.93574 F2400
G1 X62.616 Y62.616 E168.94680 F2400
G1 X62.503 Y62.716 E168.95183 F2400
G1 X62.252 Y62.935 E168.96290 F2400
G1 X62.127 Y63.019 E168.96793 F2400
G1 X61.850 Y63.204 E168.97900 F2400
G1 X61.714 Y63.271 E168.98403 F2400
G1 X61.416 Y63.418 E168.99510 F2400
G1 X61.273 Y63.467 E169.00013 F2400
G1 X60.958 Y63.574 E169.01119 F2400
G1 X60.809 Y63.603 E169.01622 F2400
G1 X60.483 Y63.668 E169.02729 F2400
G1 X60.332 Y63.678 E169.03232 F2400
G1 X60.000 Y63.700 E169.04339 F2400
G1 X59.849 Y63.690 E169.04842 F2400
G1 X59.517 Y63.668 E169.05948 F2400
G1 X59.369 Y63.639 E169.06452 F2400
G1 X59.042 Y63.574 E169.07558 F2400
G1 X58.899 Y63.525 E169.08061 F2400
G1 X58.584 Y63.418 E169.09168 F2400
G1 X58.448 Y63.352 E169.09671 F2400
G1 X58.150 Y63.204 E169.10778 F2400
G1 X58.024 Y63.120 E169.11281 F2400
G1 X57.748 Y62.935 E169.12387 F2400
G1 X57.634 Y62.836 E169.12890 F2400
G1 X57.384 Y62.616 E169.13997 F2400
G1 X57.284 Y62.503 E169.14500 F2400
G1 X57.065 Y62.252 E169.15607 F2400
G1 X56.981 Y62.127 E169.16110 F2400
G1 X56.796 Y61.850 E169.17217 F2400
G1 X56.729 Y61.714 E169.17720 F2400
G1 X56.582 Y61.416 E169.18827 F2400
G1 X56.533 Y61.273 E169.19329 F2400
G1 X56.426 Y60.958 E169.20436 F2400
G1 X56.397 Y60.809 E169.20939 F2400
G1 X56.332 Y60.483 E169.22046 F2400
G1 X56.322 Y60.332 E169.22549 F2400
G1 X56.300 Y60.000 E169.23656 F2400
G1 X56.310 Y59.849 E169.24159 F2400
G1 X56.332 Y59.517 E169.25265 F2400
G1 X56.361 Y59.369 E169.25768 F2400
G1 X56.426 Y59.042 E169.26875 F2400
G1 X56.475 Y58.899 E169.27378 F2400
G1 X56.582 Y58.584 E169.28485 F2400
G1 X56.648 Y58.448 E169.28988 F2400
G1 X56.796 Y58.150 E169.30094 F2400
G1 X56.880 Y58.024 E169.30598 F2400
G1 X57.065 Y57.748 E169.31704 F2400
G1 X57.164 Y57.634 E169.32207 F2400
G1 X57.384 Y57.384 E169.33314 F2400
G1 X57.497 Y57.284 E169.33817 F2400
G1 X57.748 Y57.065 E169.34924 F2400
G1 X57.873 Y56.981 E169.35427 F2400
G1 X58.150 Y56.796 E169.36533 F2400
G1 X58.286 Y56.729 E169.37036 F2400
G1 X58.584 Y56.582 E169.38143 F2400
G1 X58.727 Y56.533 E169.38646 F2400
G1 X59.042 Y56.426 E169.39753 F2400
G1 X59.191 Y56.397 E169.40256 F2400
G1 X59.517 Y56.332 E169.41363 F2400
G1 X59.668 Y56.322 E169.41866 F2400
G1 X60.000 Y56.300 E169.42972 F2400
G1 X60.151 Y56.310 E169.43475 F2400
G1 X60.483 Y56.332 E169.44582 F2400
G1 X60.631 Y56.361 E169.45085 F2400
G1 X60.958 Y56.426 E169.46192 F2400
G1 X61.101 Y56.475 E169.46695 F2400
G1 X61.416 Y56.582 E169.47801 F2400
G1 X61.552 Y56.648 E169.48305 F2400
G1 X61.850 Y56.796 E169.49411 F2400
G1 X61.976 Y56.880 E169.49914 F2400
G1 X62.252 Y57.065 E169.51021 F2400
G1 X62.366 Y57.164 E169.51524 F2400
G1 X62.616 Y57.384 E169.52631 F2400
G1 X62.716 Y57.497 E169.53134 F2400
G1 X62.935 Y57.748 E169.54240 F2400
G1 X63.019 Y57.873 E169.54743 F2400
G1 X63.204 Y58.150 E169.55850 F2400
G1 X63.271 Y58.286 E169.56353 F2400
G1 X63.418 Y58.584 E169.57460 F2400
G1 X63.467 Y58.727 E169.57963 F2400
G1 X63.574 Y59.042 E169.59070 F2400
G1 X63.603 Y59.191 E169.59573 F2400
G1 X63.668 Y59.517 E169.60679 F2400
G1 X63.678 Y59.668 E169.61182 F2400
G1 X63.700 Y60.000 E169.62289 F2400
G1 X63.690 Y60.151 E169.62792 F2400
G1 X63.668 Y60.483 E169.63899 F2400
G1 E168.13899 F1500  ; retract
G1 X64.462 Y60.587 F9000
G1 E169.63899 F1500  ; un-retract
G1 X64.383 Y60.984 E169.65245 F2400
G1 X64.347 Y61.165 E169.65856 F2400
G1 X64.217 Y61.548 E169.67202 F2400
G1 X64.157 Y61.722 E169.67814 F2400
G1 X63.978 Y62.085 E169.69160 F2400
G1 X63.897 Y62.250 E169.69772 F2400
G1 X63.672 Y62.587 E169.71118 F2400
G1 X63.570 Y62.739 E169.71730 F2400
G1 X63.303 Y63.044 E169.73076 F2400
G1 X63.182 Y63.182 E169.73688 F2400
G1 X62.878 Y63.449 E169.75034 F2400
G1 X62.739 Y63.570 E169.75645 F2400
G1 X62.403 Y63.795 E169.76991 F2400
G1 X62.250 Y63.897 E169.77603 F2400
G1 X61.887 Y64.076 E169.78949 F2400
G1 X61.722 Y64.157 E169.79561 F2400
G1 X61.339 Y64.287 E169.80907 F2400
G1 X61.165 Y64.347 E169.81519 F2400
G1 X60.768 Y64.426 E169.82865 F2400
G1 X60.587 Y64.462 E169.83476 F2400
G1 X60.184 Y64.488 E169.84822 F2400
G1 X60.000 Y64.500 E169.85434 F2400
G1 X59.596 Y64.474 E169.86780 F2400
G1 X59.413 Y64.462 E169.87392 F2400
G1 X59.016 Y64.383 E169.88738 F2400
G1 X58.835 Y64.347 E169.89350 F2400
G1 X58.452 Y64.217 E169.90696 F2400
G1 X58.278 Y64.157 E169.91308 F2400
G1 X57.915 Y63.978 E169.92654 F2400
G1 X57.750 Y63.897 E169.93265 F2400
G1 X57.413 Y63.672 E169.94611 F2400
G1 X57.261 Y63.570 E169.95223 F2400
G1 X56.956 Y63.303 E169.96569 F2400
G1 X56.818 Y63.182 E169.97181 F2400
G1 X56.551 Y62.878 E169.98527 F2400
G1 X56.430 Y62.739 E169.99139 F2400
G1 X56.205 Y62.403 E170.00485 F2400
G1 X56.103 Y62.250 E170.01097 F2400
G1 X55.924 Y61.887 E170.02442 F2400
G1 X55.843 Y61.722 E170.03054 F2400
G1 X55.712 Y61.339 E170.04400 F2400
G1 X55.653 Y61.165 E170.05012 F2400
G1 X55.574 Y60.768 E170.06358 F2400
G1 X55.538 Y60.587 E170.06970 F2400
G1 X55.512 Y60.184 E170.08316 F2400
G1 X55.500 Y60.000 E170.08928 F2400
G1 X55.526 Y59.596 E170.10274 F2400
G1 X55.538 Y59.413 E170.10886 F2400
G1 X55.617 Y59.016 E170.12232 F2400
G1 X55.653 Y58.835 E170.12843 F2400
G1 X55.783 Y58.452 E170.14189 F2400
G1 X55.843 Y58.278 E170.14801 F2400
G1 X56.022 Y57.915 E170.16147 F2400
G1 X56.103 Y57.750 E170.16759 F2400
G1 X56.328 Y57.413 E170.18105 F2400
G1 X56.430 Y57.261 E170.18717 F2400
G1 X56.697 Y56.956 E170.20063 F2400
G1 X56.818 Y56.818 E170.20675 F2400
G1 X57.122 Y56.551 E170.22021 F2400
G1 X57.261 Y56.430 E170.22632 F2400
G1 X57.597 Y56.205 E170.23978 F2400
G1 X57.750 Y56.103 E170.24590 F2400
G1 X58.113 Y55.924 E170.25936 F2400
G1 X58.278 Y55.843 E170.26548 F2400
G1 X58.661 Y55.712 E170.27894 F2400
G1 X58.835 Y55.653 E170.28506 F2400
G1 X59.232 Y55.574 E170.29852 F2400
G1 X59.413 Y55.538 E170.30463 F2400
G1 X59.816 Y55.512 E170.31809 F2400
G1 X60.000 Y55.500 E170.32421 F2400
G1 X60.404 Y55.526 E170.33767 F2400
G1 X60.587 Y55.538 E170.34379 F2400
G1 X60.984 Y55.617 E170.35725 F2400
G1 X61.165 Y55.653 E170.36337 F2400
G1 X61.548 Y55.783 E170.37683 F2400
G1 X61.722 Y55.843 E170.38295 F2400
G1 X62.085 Y56.022 E170.39641 F2400
G1 X62.250 Y56.103 E170.40252 F2400
G1 X62.587 Y56.328 E170.41598 F2400
G1 X62.739 Y56.430 E170.42210 F2400
G1 X63.044 Y56.697 E170.43556 F2400
G1 X63.182 Y56.818 E170.44168 F2400
G1 X63.449 Y57.122 E170.45514 F2400
G1 X63.570 Y57.261 E170.46126 F2400
G1 X63.795 Y57.597 E170.47472 F2400
G1 X63.897 Y57.750 E170.48084 F2400
G1 X64.076 Y58.113 E170.49429 F2400
G1 X64.157 Y58.278 E170.50041 F2400
G1 X64.287 Y58.661 E170.51387 F2400
G1 X64.347 Y58.835 E170.51999 F2400
G1 X64.426 Y59.232 E170.53345 F2400
G1 X64.462 Y59.413 E170.53957 F2400
G1 X64.488 Y59.816 E170.55303 F2400
G1 X64.500 Y60.000 E170.55915 F2400
G1 X64.474 Y60.404 E170.57261 F2400
G1 X64.462 Y60.587 E170.57873 F2400
G1 E169.07873 F1500  ; retract
G1 X64.327 Y60.623 F9000
G1 E170.57873 F1500  ; un-retract
G1 X63.447 Y61.502 E170.62010 F3600
G1 E169.12010 F1500  ; retract
G1 X61.502 Y63.447 F9000
G1 E170.62010 F1500  ; un-retract
G1 X60.623 Y64.327 E170.66147 F3600
G1 E169.16147 F1500  ; retract
G1 X63.912 Y58.209 F9000
G1 E170.66147 F1500  ; un-retract
G1 X63.590 Y58.531 E170.67663 F3600
G1 E169.17663 F1500  ; retract
G1 X62.935 Y59.186 F9000
G1 E170.67663 F1500  ; un-retract
G1 X59.186 Y62.935 E170.85298 F3600
G1 E169.35298 F1500  ; retract
G1 X58.531 Y63.590 F9000
G1 E170.85298 F1500  ; un-retract
G1 X58.209 Y63.912 E170.86815 F3600
G1 E169.36815 F1500  ; retract
G1 X62.664 Y56.629 F9000
G1 E170.86815 F1500  ; un-retract
G1 X62.379 Y56.914 E170.88153 F3600
G1 E169.38153 F1500  ; retract
G1 X61.745 Y57.548 F9000
G1 E170.88153 F1500  ; un-retract
G1 X57.548 Y61.745 E171.07891 F3600
G1 E169.57891 F1500  ; retract
G1 X56.914 Y62.379 F9000
G1 E171.07891 F1500  ; un-retract
G1 X56.629 Y62.664 E171.09229 F3600
G1 E169.59229 F1500  ; retract
G1 X59.523 Y56.941 F9000
G1 E171.09229 F1500  ; un-retract
G1 X56.941 Y59.523 E171.21371 F3600

; layer 37  z=7.450
G1 Z7.450 F1200
G1 E169.71371 F1500  ; retract
G1 X63.533 Y60.000 F9000
G1 E171.21371 F1500  ; un-retract
G1 X63.264 Y61.352 E171.25957 F2400
G1 X62.498 Y62.498 E171.30542 F2400
G1 X61.352 Y63.264 E171.35128 F2400
G1 X60.000 Y63.533 E171.39713 F2400
G1 X58.648 Y63.264 E171.44298 F2400
G1 X57.502 Y62.498 E171.48884 F2400
G1 X56.736 Y61.352 E171.53469 F2400
G1 X56.467 Y60.000 E171.58054 F2400
G1 X56.736 Y58.648 E171.62639 F2400
G1 X57.502 Y57.502 E171.67225 F2400
G1 X58.648 Y56.736 E171.71810 F2400
G1 X60.000 Y56.467 E171.76396 F2400
G1 X61.352 Y56.736 E171.80981 F2400
G1 X62.498 Y57.502 E171.85566 F2400
G1 X63.264 Y58.648 E171.90152 F2400
G1 X63.533 Y60.000 E171.94737 F2400
G1 E170.44737 F1500  ; retract
G1 X64.559 Y60.323 F9000
G1 E171.94737 F1500  ; un-retract
G1 X64.510 Y60.373 E171.94970 F2400
G1 X64.323 Y60.559 E171.95848 F2400
G1 X64.255 Y60.577 E171.96082 F2400
G1 X64.000 Y60.646 E171.96960 F2400
G1 X63.932 Y60.627 E171.97194 F2400
G1 X63.677 Y60.559 E171.98072 F2400
G1 X63.627 Y60.510 E171.98306 F2400
G1 X63.441 Y60.323 E171.99184 F2400
G1 X63.423 Y60.255 E171.99417 F2400
G1 X63.354 Y60.000 E172.00295 F2400
G1 X63.373 Y59.932 E172.00529 F2400
G1 X63.441 Y59.677 E172.01407 F2400
G1 X63.490 Y59.627 E172.01641 F2400
G1 X63.677 Y59.441 E172.02519 F2400
G1 X63.745 Y59.423 E172.02753 F2400
G1 X64.000 Y59.354 E172.03631 F2400
G1 X64.068 Y59.373 E172.03864 F2400
G1 X64.323 Y59.441 E172.04742 F2400
G1 X64.373 Y59.490 E172.04976 F2400
G1 X64.559 Y59.677 E172.05854 F2400
G1 X64.577 Y59.745 E172.06088 F2400
G1 X64.646 Y60.000 E172.06966 F2400
G1 X64.627 Y60.068 E172.07200 F2400
G1 X64.559 Y60.323 E172.08078 F2400
G1 E170.58078 F1500  ; retract
G1 X60.559 Y64.323 F9000
G1 E172.08078 F1500  ; un-retract
G1 X60.510 Y64.373 E172.08311 F2400
G1 X60.323 Y64.559 E172.09189 F2400
G1 X60.255 Y64.577 E172.09423 F2400
G1 X60.000 Y64.646 E172.10301 F2400
G1 X59.932 Y64.627 E172.10535 F2400
G1 X59.677 Y64.559 E172.11413 F2400
G1 X59.627 Y64.510 E172.11646 F2400
G1 X59.441 Y64.323 E172.12524 F2400
G1 X59.423 Y64.255 E172.12758 F2400
G1 X59.354 Y64.000 E172.13636 F2400
G1 X59.373 Y63.932 E172.13870 F2400
G1 X59.441 Y63.677 E172.14748 F2400
G1 X59.490 Y63.627 E172.14981 F2400
G1 X59.677 Y63.441 E172.15859 F2400
G1 X59.745 Y63.423 E172.16093 F2400
G1 X60.000 Y63.354 E172.16971 F2400
G1 X60.068 Y63.373 E172.17205 F2400
G1 X60.323 Y63.441 E172.18083 F2400
G1 X60.373 Y63.490 E172.18317 F2400
G1 X60.559 Y63.677 E172.19195 F2400
G1 X60.577 Y63.745 E172.19428 F2400
G1 X60.646 Y64.000 E172.20306 F2400
G1 X60.627 Y64.068 E172.20540 F2400
G1 X60.559 Y64.323 E172.21418 F2400
G1 E170.71418 F1500  ; retract
G1 X56.559 Y60.323 F9000
G1 E172.21418 F1500  ; un-retract
G1 X56.510 Y60.373 E172.21652 F2400
G1 X56.323 Y60.559 E172.22530 F2400
G1 X56.255 Y60.577 E172.22763 F2400
G1 X56.000 Y60.646 E172.23642 F2400
G1 X55.932 Y60.627 E172.23875 F2400
G1 X55.677 Y60.559 E172.24753 F2400
G1 X55.627 Y60.510 E172.24987 F2400
G1 X55.441 Y60.323 E172.25865 F2400
G1 X55.423 Y60.255 E172.26099 F2400
G1 X55.354 Y60.000 E172.26977 F2400
G1 X55.373 Y59.932 E172.27210 F2400
G1 X55.441 Y59.677 E172.28089 F2400
G1 X55.490 Y59.627 E172.28322 F2400
G1 X55.677 Y59.441 E172.29200 F2400
G1 X55.745 Y59.423 E172.29434 F2400
G1 X56.000 Y59.354 E172.30312 F2400
G1 X56.068 Y59.373 E172.30546 F2400
G1 X56.323 Y59.441 E172.31424 F2400
G1 X56.373 Y59.490 E172.31657 F2400
G1 X56.559 Y59.677 E172.32535 F2400
G1 X56.577 Y59.745 E172.32769 F2400
G1 X56.646 Y60.000 E172.33647 F2400
G1 X56.627 Y60.068 E172.33881 F2400
G1 X56.559 Y60.323 E172.34759 F2400
G1 E170.84759 F1500  ; retract
G1 X60.559 Y56.323 F9000
G1 E172.34759 F1500  ; un-retract
G1 X60.510 Y56.373 E172.34992 F2400
G1 X60.323 Y56.559 E172.35870 F2400
G1 X60.255 Y56.577 E172.36104 F2400
G1 X60.000 Y56.646 E172.36982 F2400
G1 X59.932 Y56.627 E172.37216 F2400
G1 X59.677 Y56.559 E172.38094 F2400
G1 X59.627 Y56.510 E172.38328 F2400
G1 X59.441 Y56.323 E172.39205 F2400
G1 X59.423 Y56.255 E172.39439 F2400
G1 X59.354 Y56.000 E172.40317 F2400
G1 X59.373 Y55.932 E172.40551 F2400
G1 X59.441 Y55.677 E172.41429 F2400
G1 X59.490 Y55.627 E172.41663 F2400
G1 X59.677 Y55.441 E172.42541 F2400
G1 X59.745 Y55.423 E172.42774 F2400
G1 X60.000 Y55.354 E172.43652 F2400
G1 X60.068 Y55.373 E172.43886 F2400
G1 X60.323 Y55.441 E172.44764 F2400
G1 X60.373 Y55.490 E172.44998 F2400
G1 X60.559 Y55.677 E172.45876 F2400
G1 X60.577 Y55.745 E172.46110 F2400
G1 X60.646 Y56.000 E172.46988 F2400
G1 X60.627 Y56.068 E172.47221 F2400
G1 X60.559 Y56.323 E172.48099 F2400
G1 E170.98099 F1500  ; retract
G1 X63.668 Y60.483 F9000
G1 E172.48099 F1500  ; un-retract
G1 X63.615 Y60.750 E172.49005 F2400
G1 X63.574 Y60.958 E172.49709 F2400
G1 X63.486 Y61.215 E172.50615 F2400
G1 X63.418 Y61.416 E172.51319 F2400
G1 X63.298 Y61.660 E172.52225 F2400
G1 X63.204 Y61.850 E172.52929 F2400
G1 X63.053 Y62.076 E172.53834 F2400
G1 X62.935 Y62.252 E172.54538 F2400
G1 X62.756 Y62.457 E172.55444 F2400
G1 X62.616 Y62.616 E172.56148 F2400
G1 X62.412 Y62.796 E172.57054 F2400
G1 X62.252 Y62.935 E172.57758 F2400
G1 X62.026 Y63.087 E172.58663 F2400
G1 X61.850 Y63.204 E172.59368 F2400
G1 X61.606 Y63.325 E172.60273 F2400
G1 X61.416 Y63.418 E172.60978 F2400
G1 X61.158 Y63.506 E172.61883 F2400
G1 X60.958 Y63.574 E172.62587 F2400
G1 X60.691 Y63.627 E172.63493 F2400
G1 X60.483 Y63.668 E172.64197 F2400
G1 X60.211 Y63.686 E172.65102 F2400
G1 X60.000 Y63.700 E172.65807 F2400
G1 X59.728 Y63.682 E172.66712 F2400
G1 X59.517 Y63.668 E172.67416 F2400
G1 X59.250 Y63.615 E172.68322 F2400
G1 X59.042 Y63.574 E172.69026 F2400
G1 X58.785 Y63.486 E172.69931 F2400
G1 X58.584 Y63.418 E172.70636 F2400
G1 X58.340 Y63.298 E172.71541 F2400
G1 X58.150 Y63.204 E172.72246 F2400
G1 X57.924 Y63.053 E172.73151 F2400
G1 X57.748 Y62.935 E172.73855 F2400
G1 X57.543 Y62.756 E172.74761 F2400
G1 X57.384 Y62.616 E172.75465 F2400
G1 X57.204 Y62.412 E172.76371 F2400
G1 X57.065 Y62.252 E172.77075 F2400
G1 X56.913 Y62.026 E172.77980 F2400
G1 X56.796 Y61.850 E172.78684 F2400
G1 X56.675 Y61.606 E172.79590 F2400
G1 X56.582 Y61.416 E172.80294 F2400
G1 X56.494 Y61.158 E172.81200 F2400
G1 X56.426 Y60.958 E172.81904 F2400
G1 X56.373 Y60.691 E172.82809 F2400
G1 X56.332 Y60.483 E172.83514 F2400
G1 X56.314 Y60.211 E172.84419 F2400
G1 X56.300 Y60.000 E172.85123 F2400
G1 X56.318 Y59.728 E172.86029 F2400
G1 X56.332 Y59.517 E172.86733 F2400
G1 X56.385 Y59.250 E172.87639 F2400
G1 X56.426 Y59.042 E172.88343 F2400
G1 X56.514 Y58.785 E172.89248 F2400
G1 X56.582 Y58.584 E172.89952 F2400
G1 X56.702 Y58.340 E172.90858 F2400
G1 X56.796 Y58.150 E172.91562 F2400
G1 X56.947 Y57.924 E172.92468 F2400
G1 X57.065 Y57.748 E172.93172 F2400
G1 X57.244 Y57.543 E172.94078 F2400
G1 X57.384 Y57.384 E172.94782 F2400
G1 X57.588 Y57.204 E172.95687 F2400
G1 X57.748 Y57.065 E172.96392 F2400
G1 X57.974 Y56.913 E172.97297 F2400
G1 X58.150 Y56.796 E172.98001 F2400
G1 X58.394 Y56.675 E172.98907 F2400
G1 X58.584 Y56.582 E172.99611 F2400
G1 X58.842 Y56.494 E173.00517 F2400
G1 X59.042 Y56.426 E173.01221 F2400
G1 X59.309 Y56.373 E173.02126 F2400
G1 X59.517 Y56.332 E173.02831 F2400
G1 X59.789 Y56.314 E173.03736 F2400
G1 X60.000 Y56.300 E173.04440 F2400
G1 X60.272 Y56.318 E173.05346 F2400
G1 X60.483 Y56.332 E173.06050 F2400
G1 X60.750 Y56.385 E173.06955 F2400
G1 X60.958 Y56.426 E173.07660 F2400
G1 X61.215 Y56.514 E173.08565 F2400
G1 X61.416 Y56.582 E173.09269 F2400
G1 X61.660 Y56.702 E173.10175 F2400
G1 X61.850 Y56.796 E173.10879 F2400
G1 X62.076 Y56.947 E173.11785 F2400
G1 X62.252 Y57.065 E173.12489 F2400
G1 X62.457 Y57.244 E173.13394 F2400
G1 X62.616 Y57.384 E173.14099 F2400
G1 X62.796 Y57.588 E173.15004 F2400
G1 X62.935 Y57.748 E173.15708 F2400
G1 X63.087 Y57.974 E173.16614 F2400
G1 X63.204 Y58.150 E173.17318 F2400
G1 X63.325 Y58.394 E173.18224 F2400
G1 X63.418 Y58.584 E173.18928 F2400
G1 X63.506 Y58.842 E173.19833 F2400
G1 X63.574 Y59.042 E173.20538 F2400
G1 X63.627 Y59.309 E173.21443 F2400
G1 X63.668 Y59.517 E173.22147 F2400
G1 X63.686 Y59.789 E173.23053 F2400
G1 X63.700 Y60.000 E173.23757 F2400
G1 X63.682 Y60.272 E173.24663 F2400
G1 X63.668 Y60.483 E173.25366 F2400
G1 E171.75366 F1500  ; retract
G1 X64.462 Y60.587 F9000
G1 E173.25366 F1500  ; un-retract
G1 X64.411 Y60.840 E173.26223 F2400
G1 X64.347 Y61.165 E173.27324 F2400
G1 X64.264 Y61.409 E173.28181 F2400
G1 X64.157 Y61.722 E173.29282 F2400
G1 X64.044 Y61.953 E173.30138 F2400
G1 X63.897 Y62.250 E173.31240 F2400
G1 X63.754 Y62.464 E173.32096 F2400
G1 X63.570 Y62.739 E173.33197 F2400
G1 X63.400 Y62.933 E173.34054 F2400
G1 X63.182 Y63.182 E173.35155 F2400
G1 X62.988 Y63.352 E173.36012 F2400
G1 X62.739 Y63.570 E173.37113 F2400
G1 X62.525 Y63.713 E173.37970 F2400
G1 X62.250 Y63.897 E173.39071 F2400
G1 X62.019 Y64.011 E173.39928 F2400
G1 X61.722 Y64.157 E173.41029 F2400
G1 X61.478 Y64.240 E173.41885 F2400
G1 X61.165 Y64.347 E173.42986 F2400
G1 X60.912 Y64.397 E173.43843 F2400
G1 X60.587 Y64.462 E173.44944 F2400
G1 X60.330 Y64.478 E173.45801 F2400
G1 X60.000 Y64.500 E173.46902 F2400
G1 X59.743 Y64.483 E173.47759 F2400
G1 X59.413 Y64.462 E173.48860 F2400
G1 X59.160 Y64.411 E173.49716 F2400
G1 X58.835 Y64.347 E173.50818 F2400
G1 X58.591 Y64.264 E173.51674 F2400
G1 X58.278 Y64.157 E173.52776 F2400
G1 X58.047 Y64.044 E173.53632 F2400
G1 X57.750 Y63.897 E173.54733 F2400
G1 X57.536 Y63.754 E173.55590 F2400
G1 X57.261 Y63.570 E173.56691 F2400
G1 X57.067 Y63.400 E173.57547 F2400
G1 X56.818 Y63.182 E173.58649 F2400
G1 X56.648 Y62.988 E173.59505 F2400
G1 X56.430 Y62.739 E173.60607 F2400
G1 X56.287 Y62.525 E173.61463 F2400
G1 X56.103 Y62.250 E173.62564 F2400
G1 X55.989 Y62.019 E173.63421 F2400
G1 X55.843 Y61.722 E173.64522 F2400
G1 X55.760 Y61.478 E173.65379 F2400
G1 X55.653 Y61.165 E173.66480 F2400
G1 X55.603 Y60.912 E173.67337 F2400
G1 X55.538 Y60.587 E173.68438 F2400
G1 X55.522 Y60.330 E173.69294 F2400
G1 X55.500 Y60.000 E173.70396 F2400
G1 X55.517 Y59.743 E173.71252 F2400
G1 X55.538 Y59.413 E173.72353 F2400
G1 X55.589 Y59.160 E173.73210 F2400
G1 X55.653 Y58.835 E173.74311 F2400
G1 X55.736 Y58.591 E173.75168 F2400
G1 X55.843 Y58.278 E173.76269 F2400
G1 X55.956 Y58.047 E173.77125 F2400
G1 X56.103 Y57.750 E173.78227 F2400
G1 X56.246 Y57.536 E173.79083 F2400
G1 X56.430 Y57.261 E173.80184 F2400
G1 X56.600 Y57.067 E173.81041 F2400
G1 X56.818 Y56.818 E173.82142 F2400
G1 X57.012 Y56.648 E173.82999 F2400
G1 X57.261 Y56.430 E173.84100 F2400
G1 X57.475 Y56.287 E173.84957 F2400
G1 X57.750 Y56.103 E173.86058 F2400
G1 X57.981 Y55.989 E173.86915 F2400
G1 X58.278 Y55.843 E173.88016 F2400
G1 X58.522 Y55.760 E173.88872 F2400
G1 X58.835 Y55.653 E173.89973 F2400
G1 X59.088 Y55.603 E173.90830 F2400
G1 X59.413 Y55.538 E173.91931 F2400
G1 X59.670 Y55.522 E173.92788 F2400
G1 X60.000 Y55.500 E173.93889 F2400
G1 X60.257 Y55.517 E173.94746 F2400
G1 X60.587 Y55.538 E173.95847 F2400
G1 X60.840 Y55.589 E173.96703 F2400
G1 X61.165 Y55.653 E173.97805 F2400
G1 X61.409 Y55.736 E173.98661 F2400
G1 X61.722 Y55.843 E173.99762 F2400
G1 X61.953 Y55.956 E174.00619 F2400
G1 X62.250 Y56.103 E174.01720 F2400
G1 X62.464 Y56.246 E174.02577 F2400
G1 X62.739 Y56.430 E174.03678 F2400
G1 X62.933 Y56.600 E174.04534 F2400
G1 X63.182 Y56.818 E174.05636 F2400
G1 X63.352 Y57.012 E174.06492 F2400
G1 X63.570 Y57.261 E174.07594 F2400
G1 X63.713 Y57.475 E174.08450 F2400
G1 X63.897 Y57.750 E174.09551 F2400
G1 X64.011 Y57.981 E174.10408 F2400
G1 X64.157 Y58.278 E174.11509 F2400
G1 X64.240 Y58.522 E174.12366 F2400
G1 X64.347 Y58.835 E174.13467 F2400
G1 X64.397 Y59.088 E174.14324 F2400
G1 X64.462 Y59.413 E174.15425 F2400
G1 X64.478 Y59.670 E174.16281 F2400
G1 X64.500 Y60.000 E174.17383 F2400
G1 X64.483 Y60.257 E174.18239 F2400
G1 X64.462 Y60.587 E174.19340 F2400
G1 E172.69340 F1500  ; retract
G1 X60.623 Y55.673 F9000
G1 E174.19340 F1500  ; un-retract
G1 X61.502 Y56.553 E174.23478 F3600
G1 E172.73478 F1500  ; retract
G1 X63.447 Y58.498 F9000
G1 E174.23478 F1500  ; un-retract
G1 X64.327 Y59.377 E174.27616 F3600
G1 E172.77616 F1500  ; retract
G1 X58.209 Y56.088 F9000
G1 E174.27616 F1500  ; un-retract
G1 X58.531 Y56.410 E174.29132 F3600
G1 E172.79132 F1500  ; retract
G1 X58.964 Y56.842 F9000
G1 E174.29132 F1500  ; un-retract
G1 X63.158 Y61.036 E174.48859 F3600
G1 E172.98859 F1500  ; retract
G1 X63.590 Y61.469 F9000
G1 E174.48859 F1500  ; un-retract
G1 X63.912 Y61.791 E174.50376 F3600
G1 E173.00376 F1500  ; retract
G1 X56.629 Y57.336 F9000
G1 E174.50376 F1500  ; un-retract
G1 X56.914 Y57.621 E174.51714 F3600
G1 E173.01714 F1500  ; retract
G1 X57.360 Y58.067 F9000
G1 E174.51714 F1500  ; un-retract
G1 X61.933 Y62.640 E174.73226 F3600
G1 E173.23226 F1500  ; retract
G1 X62.379 Y63.086 F9000
G1 E174.73226 F1500  ; un-retract
G1 X62.664 Y63.371 E174.74564 F3600
G1 E173.24564 F1500  ; retract
G1 X56.749 Y60.284 F9000
G1 E174.74564 F1500  ; un-retract
G1 X59.716 Y63.251 E174.88519 F3600

; layer 38  z=7.650
G1 Z7.650 F1200
G1 E173.38519 F1500  ; retract
G1 X63.800 Y60.000 F9000
G1 E174.88519 F1500  ; un-retract
G1 X63.511 Y61.454 E174.93450 F2400
G1 X62.687 Y62.687 E174.98381 F2400
G1 X61.454 Y63.511 E175.03313 F2400
G1 X60.000 Y63.800 E175.08244 F2400
G1 X58.546 Y63.511 E175.13176 F2400
G1 X57.313 Y62.687 E175.18107 F2400
G1 X56.489 Y61.454 E175.23038 F2400
G1 X56.200 Y60.000 E175.27970 F2400
G1 X56.489 Y58.546 E175.32901 F2400
G1 X57.313 Y57.313 E175.37833 F2400
G1 X58.546 Y56.489 E175.42764 F2400
G1 X60.000 Y56.200 E175.47696 F2400
G1 X61.454 Y56.489 E175.52627 F2400
G1 X62.687 Y57.313 E175.57558 F2400
G1 X63.511 Y58.546 E175.62490 F2400
G1 X63.800 Y60.000 E175.67421 F2400
G1 E174.17421 F1500  ; retract
G1 X64.549 Y60.317 F9000
G1 E175.67421 F1500  ; un-retract
G1 X64.489 Y60.377 E175.67704 F2400
G1 X64.317 Y60.549 E175.68513 F2400
G1 X64.235 Y60.571 E175.68796 F2400
G1 X64.000 Y60.634 E175.69605 F2400
G1 X63.918 Y60.612 E175.69888 F2400
G1 X63.683 Y60.549 E175.70697 F2400
G1 X63.623 Y60.489 E175.70980 F2400
G1 X63.451 Y60.317 E175.71789 F2400
G1 X63.429 Y60.235 E175.72072 F2400
G1 X63.366 Y60.000 E175.72881 F2400
G1 X63.388 Y59.918 E175.73164 F2400
G1 X63.451 Y59.683 E175.73973 F2400
G1 X63.511 Y59.623 E175.74256 F2400
G1 X63.683 Y59.451 E175.75065 F2400
G1 X63.765 Y59.429 E175.75348 F2400
G1 X64.000 Y59.366 E175.76157 F2400
G1 X64.082 Y59.388 E175.76440 F2400
G1 X64.317 Y59.451 E175.77249 F2400
G1 X64.377 Y59.511 E175.77532 F2400
G1 X64.549 Y59.683 E175.78341 F2400
G1 X64.571 Y59.765 E175.78624 F2400
G1 X64.634 Y60.000 E175.79433 F2400
G1 X64.612 Y60.082 E175.79716 F2400
G1 X64.549 Y60.317 E175.80525 F2400
G1 E174.30525 F1500  ; retract
G1 X60.549 Y64.317 F9000
G1 E175.80525 F1500  ; un-retract
G1 X60.489 Y64.377 E175.80808 F2400
G1 X60.317 Y64.549 E175.81617 F2400
G1 X60.235 Y64.571 E175.81900 F2400
G1 X60.000 Y64.634 E175.82709 F2400
G1 X59.918 Y64.612 E175.82992 F2400
G1 X59.683 Y64.549 E175.83801 F2400
G1 X59.623 Y64.489 E175.84084 F2400
G1 X59.451 Y64.317 E175.84893 F2400
G1 X59.429 Y64.235 E175.85176 F2400
G1 X59.366 Y64.000 E175.85985 F2400
G1 X59.388 Y63.918 E175.86268 F2400
G1 X59.451 Y63.683 E175.87077 F2400
G1 X59.511 Y63.623 E175.87360 F2400
G1 X59.683 Y63.451 E175.88170 F2400
G1 X59.765 Y63.429 E175.88452 F2400
G1 X60.000 Y63.366 E175.89261 F2400
G1 X60.082 Y63.388 E175.89544 F2400
G1 X60.317 Y63.451 E175.90353 F2400
G1 X60.377 Y63.511 E175.90636 F2400
G1 X60.549 Y63.683 E175.91446 F2400
G1 X60.571 Y63.765 E175.91728 F2400
G1 X60.634 Y64.000 E175.92537 F2400
G1 X60.612 Y64.082 E175.92820 F2400
G1 X60.549 Y64.317 E175.93629 F2400
G1 E174.43629 F1500  ; retract
G1 X56.549 Y60.317 F9000
G1 E175.93629 F1500  ; un-retract
G1 X56.489 Y60.377 E175.93912 F2400
G1 X56.317 Y60.549 E175.94722 F2400
G1 X56.235 Y60.571 E175.95004 F2400
G1 X56.000 Y60.634 E175.95813 F2400
G1 X55.918 Y60.612 E175.96096 F2400
G1 X55.683 Y60.549 E175.96905 F2400
G1 X55.623 Y60.489 E175.97188 F2400
G1 X55.451 Y60.317 E175.97998 F2400
G1 X55.429 Y60.235 E175.98280 F2400
G1 X55.366 Y60.000 E175.99089 F2400
G1 X55.388 Y59.918 E175.99372 F2400
G1 X55.451 Y59.683 E176.00181 F2400
G1 X55.511 Y59.623 E176.00464 F2400
G1 X55.683 Y59.451 E176.01274 F2400
G1 X55.765 Y59.429 E176.01556 F2400
G1 X56.000 Y59.366 E176.02366 F2400
G1 X56.082 Y59.388 E176.02648 F2400
G1 X56.317 Y59.451 E176.03457 F2400
G1 X56.377 Y59.511 E176.03740 F2400
G1 X56.549 Y59.683 E176.04550 F2400
G1 X56.571 Y59.765 E176.04832 F2400
G1 X56.634 Y60.000 E176.05642 F2400
G1 X56.612 Y60.082 E176.05924 F2400
G1 X56.549 Y60.317 E176.06733 F2400
G1 E174.56733 F1500  ; retract
G1 X60.549 Y56.317 F9000
G1 E176.06733 F1500  ; un-retract
G1 X60.489 Y56.377 E176.07016 F2400
G1 X60.317 Y56.549 E176.07826 F2400
G1 X60.235 Y56.571 E176.08108 F2400
G1 X60.000 Y56.634 E176.08918 F2400
G1 X59.918 Y56.612 E176.09200 F2400
G1 X59.683 Y56.549 E176.10009 F2400
G1 X59.623 Y56.489 E176.10292 F2400
G1 X59.451 Y56.317 E176.11102 F2400
G1 X59.429 Y56.235 E176.11384 F2400
G1 X59.366 Y56.000 E176.12194 F2400
G1 X59.388 Y55.918 E176.12476 F2400
G1 X59.451 Y55.683 E176.13285 F2400
G1 X59.511 Y55.623 E176.13568 F2400
G1 X59.683 Y55.451 E176.14378 F2400
G1 X59.765 Y55.429 E176.14660 F2400
G1 X60.000 Y55.366 E176.15470 F2400
G1 X60.082 Y55.388 E176.15752 F2400
G1 X60.317 Y55.451 E176.16562 F2400
G1 X60.377 Y55.511 E176.16844 F2400
G1 X60.549 Y55.683 E176.17654 F2400
G1 X60.571 Y55.765 E176.17936 F2400
G1 X60.634 Y56.000 E176.18746 F2400
G1 X60.612 Y56.082 E176.19028 F2400
G1 X60.549 Y56.317 E176.19838 F2400
G1 E174.69838 F1500  ; retract
G1 X63.668 Y60.483 F9000
G1 E176.19838 F1500  ; un-retract
G1 X63.592 Y60.869 E176.21145 F2400
G1 X63.574 Y60.958 E176.21447 F2400
G1 X63.447 Y61.330 E176.22755 F2400
G1 X63.418 Y61.416 E176.23057 F2400
G1 X63.244 Y61.769 E176.24365 F2400
G1 X63.204 Y61.850 E176.24667 F2400
G1 X62.986 Y62.177 E176.25975 F2400
G1 X62.935 Y62.252 E176.26277 F2400
G1 X62.676 Y62.548 E176.27585 F2400
G1 X62.616 Y62.616 E176.27886 F2400
G1 X62.321 Y62.876 E176.29194 F2400
G1 X62.252 Y62.935 E176.29496 F2400
G1 X61.925 Y63.154 E176.30804 F2400
G1 X61.850 Y63.204 E176.31106 F2400
G1 X61.497 Y63.378 E176.32414 F2400
G1 X61.416 Y63.418 E176.32716 F2400
G1 X61.044 Y63.545 E176.34023 F2400
G1 X60.958 Y63.574 E176.34325 F2400
G1 X60.572 Y63.651 E176.35633 F2400
G1 X60.483 Y63.668 E176.35935 F2400
G1 X60.091 Y63.694 E176.37243 F2400
G1 X60.000 Y63.700 E176.37545 F2400
G1 X59.608 Y63.674 E176.38853 F2400
G1 X59.517 Y63.668 E176.39154 F2400
G1 X59.131 Y63.592 E176.40462 F2400
G1 X59.042 Y63.574 E176.40764 F2400
G1 X58.670 Y63.447 E176.42072 F2400
G1 X58.584 Y63.418 E176.42374 F2400
G1 X58.231 Y63.244 E176.43682 F2400
G1 X58.150 Y63.204 E176.43984 F2400
G1 X57.823 Y62.986 E176.45292 F2400
G1 X57.748 Y62.935 E176.45593 F2400
G1 X57.452 Y62.676 E176.46901 F2400
G1 X57.384 Y62.616 E176.47203 F2400
G1 X57.124 Y62.321 E176.48511 F2400
G1 X57.065 Y62.252 E176.48813 F2400
G1 X56.846 Y61.925 E176.50121 F2400
G1 X56.796 Y61.850 E176.50423 F2400
G1 X56.622 Y61.497 E176.51730 F2400
G1 X56.582 Y61.416 E176.52032 F2400
G1 X56.455 Y61.044 E176.53340 F2400
G1 X56.426 Y60.958 E176.53642 F2400
G1 X56.349 Y60.572 E176.54950 F2400
G1 X56.332 Y60.483 E176.55252 F2400
G1 X56.306 Y60.091 E176.56559 F2400
G1 X56.300 Y60.000 E176.56861 F2400
G1 X56.326 Y59.608 E176.58169 F2400
G1 X56.332 Y59.517 E176.58471 F2400
G1 X56.408 Y59.131 E176.59779 F2400
G1 X56.426 Y59.042 E176.60081 F2400
G1 X56.553 Y58.670 E176.61389 F2400
G1 X56.582 Y58.584 E176.61690 F2400
G1 X56.756 Y58.231 E176.62999 F2400
G1 X56.796 Y58.150 E176.63300 F2400
G1 X57.014 Y57.823 E176.64608 F2400
G1 X57.065 Y57.748 E176.64910 F2400
G1 X57.324 Y57.452 E176.66218 F2400
G1 X57.384 Y57.384 E176.66520 F2400
G1 X57.679 Y57.124 E176.67828 F2400
G1 X57.748 Y57.065 E176.68130 F2400
G1 X58.075 Y56.846 E176.69437 F2400
G1 X58.150 Y56.796 E176.69739 F2400
G1 X58.503 Y56.622 E176.71047 F2400
G1 X58.584 Y56.582 E176.71349 F2400
G1 X58.956 Y56.455 E176.72657 F2400
G1 X59.042 Y56.426 E176.72959 F2400
G1 X59.428 Y56.349 E176.74267 F2400
G1 X59.517 Y56.332 E176.74569 F2400
G1 X59.909 Y56.306 E176.75876 F2400
G1 X60.000 Y56.300 E176.76178 F2400
G1 X60.392 Y56.326 E176.77486 F2400
G1 X60.483 Y56.332 E176.77788 F2400
G1 X60.869 Y56.408 E176.79096 F2400
G1 X60.958 Y56.426 E176.79398 F2400
G1 X61.330 Y56.553 E176.80706 F2400
G1 X61.416 Y56.582 E176.81007 F2400
G1 X61.769 Y56.756 E176.82315 F2400
G1 X61.850 Y56.796 E176.82617 F2400
G1 X62.177 Y57.014 E176.83925 F2400
G1 X62.252 Y57.065 E176.84227 F2400
G1 X62.548 Y57.324 E176.85535 F2400
G1 X62.616 Y57.384 E176.85837 F2400
G1 X62.876 Y57.679 E176.87145 F2400
G1 X62.935 Y57.748 E176.87446 F2400
G1 X63.154 Y58.075 E176.88754 F2400
G1 X63.204 Y58.150 E176.89056 F2400
G1 X63.378 Y58.503 E176.90364 F2400
G1 X63.418 Y58.584 E176.90666 F2400
G1 X63.545 Y58.956 E176.91974 F2400
G1 X63.574 Y59.042 E176.92276 F2400
G1 X63.651 Y59.428 E176.93583 F2400
G1 X63.668 Y59.517 E176.93885 F2400
G1 X63.694 Y59.909 E176.95193 F2400
G1 X63.700 Y60.000 E176.95495 F2400
G1 X63.674 Y60.392 E176.96803 F2400
G1 X63.668 Y60.483 E176.97105 F2400
G1 E175.47105 F1500  ; retract
G1 X64.462 Y60.587 F9000
G1 E176.97105 F1500  ; un-retract
G1 X64.440 Y60.696 E176.97471 F2400
G1 X64.347 Y61.165 E176.99062 F2400
G1 X64.311 Y61.269 E176.99429 F2400
G1 X64.157 Y61.722 E177.01020 F2400
G1 X64.109 Y61.821 E177.01387 F2400
G1 X63.897 Y62.250 E177.02978 F2400
G1 X63.836 Y62.342 E177.03345 F2400
G1 X63.570 Y62.739 E177.04936 F2400
G1 X63.497 Y62.822 E177.05303 F2400
G1 X63.182 Y63.182 E177.06893 F2400
G1 X63.099 Y63.255 E177.07261 F2400
G1 X62.739 Y63.570 E177.08851 F2400
G1 X62.648 Y63.631 E177.09218 F2400
G1 X62.250 Y63.897 E177.10809 F2400
G1 X62.151 Y63.946 E177.11176 F2400
G1 X61.722 Y64.157 E177.12767 F2400
G1 X61.618 Y64.193 E177.13134 F2400
G1 X61.165 Y64.347 E177.14725 F2400
G1 X61.056 Y64.368 E177.15092 F2400
G1 X60.587 Y64.462 E177.16682 F2400
G1 X60.477 Y64.469 E177.17050 F2400
G1 X60.000 Y64.500 E177.18640 F2400
G1 X59.890 Y64.493 E177.19007 F2400
G1 X59.413 Y64.462 E177.20598 F2400
G1 X59.304 Y64.440 E177.20965 F2400
G1 X58.835 Y64.347 E177.22556 F2400
G1 X58.731 Y64.311 E177.22923 F2400
G1 X58.278 Y64.157 E177.24514 F2400
G1 X58.179 Y64.109 E177.24881 F2400
G1 X57.750 Y63.897 E177.26471 F2400
G1 X57.658 Y63.836 E177.26839 F2400
G1 X57.261 Y63.570 E177.28429 F2400
G1 X57.178 Y63.497 E177.28796 F2400
G1 X56.818 Y63.182 E177.30387 F2400
G1 X56.745 Y63.099 E177.30754 F2400
G1 X56.430 Y62.739 E177.32345 F2400
G1 X56.369 Y62.648 E177.32712 F2400
G1 X56.103 Y62.250 E177.34302 F2400
G1 X56.054 Y62.151 E177.34670 F2400
G1 X55.843 Y61.722 E177.36260 F2400
G1 X55.807 Y61.618 E177.36627 F2400
G1 X55.653 Y61.165 E177.38218 F2400
G1 X55.632 Y61.056 E177.38585 F2400
G1 X55.538 Y60.587 E177.40176 F2400
G1 X55.531 Y60.477 E177.40543 F2400
G1 X55.500 Y60.000 E177.42134 F2400
G1 X55.507 Y59.890 E177.42501 F2400
G1 X55.538 Y59.413 E177.44092 F2400
G1 X55.560 Y59.304 E177.44458 F2400
G1 X55.653 Y58.835 E177.46049 F2400
G1 X55.689 Y58.731 E177.46416 F2400
G1 X55.843 Y58.278 E177.48007 F2400
G1 X55.891 Y58.179 E177.48374 F2400
G1 X56.103 Y57.750 E177.49965 F2400
G1 X56.164 Y57.658 E177.50332 F2400
G1 X56.430 Y57.261 E177.51923 F2400
G1 X56.503 Y57.178 E177.52290 F2400
G1 X56.818 Y56.818 E177.53880 F2400
G1 X56.901 Y56.745 E177.54248 F2400
G1 X57.261 Y56.430 E177.55838 F2400
G1 X57.352 Y56.369 E177.56205 F2400
G1 X57.750 Y56.103 E177.57796 F2400
G1 X57.849 Y56.054 E177.58163 F2400
G1 X58.278 Y55.843 E177.59754 F2400
G1 X58.382 Y55.807 E177.60121 F2400
G1 X58.835 Y55.653 E177.61712 F2400
G1 X58.944 Y55.632 E177.62079 F2400
G1 X59.413 Y55.538 E177.63669 F2400
G1 X59.523 Y55.531 E177.64037 F2400
G1 X60.000 Y55.500 E177.65627 F2400
G1 X60.110 Y55.507 E177.65994 F2400
G1 X60.587 Y55.538 E177.67585 F2400
G1 X60.696 Y55.560 E177.67952 F2400
G1 X61.165 Y55.653 E177.69543 F2400
G1 X61.269 Y55.689 E177.69910 F2400
G1 X61.722 Y55.843 E177.71501 F2400
G1 X61.821 Y55.891 E177.71868 F2400
G1 X62.250 Y56.103 E177.73458 F2400
G1 X62.342 Y56.164 E177.73826 F2400
G1 X62.739 Y56.430 E177.75416 F2400
G1 X62.822 Y56.503 E177.75783 F2400
G1 X63.182 Y56.818 E177.77374 F2400
G1 X63.255 Y56.901 E177.77741 F2400
G1 X63.570 Y57.261 E177.79332 F2400
G1 X63.631 Y57.352 E177.79699 F2400
G1 X63.897 Y57.750 E177.81289 F2400
G1 X63.946 Y57.849 E177.81657 F2400
G1 X64.157 Y58.278 E177.83247 F2400
G1 X64.193 Y58.382 E177.83614 F2400
G1 X64.347 Y58.835 E177.85205 F2400
G1 X64.368 Y58.944 E177.85572 F2400
G1 X64.462 Y59.413 E177.87163 F2400
G1 X64.469 Y59.523 E177.87530 F2400
G1 X64.500 Y60.000 E177.89121 F2400
G1 X64.493 Y60.110 E177.89488 F2400
G1 X64.462 Y60.587 E177.91079 F2400
G1 E176.41079 F1500  ; retract
G1 X64.327 Y60.623 F9000
G1 E177.91079 F1500  ; un-retract
G1 X63.656 Y61.294 E177.94235 F3600
G1 E176.44235 F1500  ; retract
G1 X63.165 Y61.785 F9000
G1 E177.94235 F1500  ; un-retract
G1 X61.785 Y63.165 E178.00723 F3600
G1 E176.50723 F1500  ; retract
G1 X61.294 Y63.656 F9000
G1 E178.00723 F1500  ; un-retract
G1 X60.623 Y64.327 E178.03880 F3600
G1 E176.53880 F1500  ; retract
G1 X63.912 Y58.209 F9000
G1 E178.03880 F1500  ; un-retract
G1 X63.663 Y58.458 E178.05053 F3600
G1 E176.55053 F1500  ; retract
G1 X63.307 Y58.814 F9000
G1 E178.05053 F1500  ; un-retract
G1 X58.814 Y63.307 E178.26186 F3600
G1 E176.76186 F1500  ; retract
G1 X58.458 Y63.663 F9000
G1 E178.26186 F1500  ; un-retract
G1 X58.209 Y63.912 E178.27359 F3600
G1 E176.77359 F1500  ; retract
G1 X62.664 Y56.629 F9000
G1 E178.27359 F1500  ; un-retract
G1 X62.405 Y56.888 E178.28579 F3600
G1 E176.78579 F1500  ; retract
G1 X62.097 Y57.196 F9000
G1 E178.28579 F1500  ; un-retract
G1 X57.196 Y62.097 E178.51628 F3600
G1 E177.01628 F1500  ; retract
G1 X56.888 Y62.405 F9000
G1 E178.51628 F1500  ; un-retract
G1 X56.629 Y62.664 E178.52847 F3600
G1 E177.02847 F1500  ; retract
G1 X59.725 Y56.740 F9000
G1 E178.52847 F1500  ; un-retract
G1 X56.740 Y59.725 E178.66887 F3600

; layer 39  z=7.850
G1 Z7.850 F1200
G1 E177.16887 F1500  ; retract
G1 X64.539 Y60.311 F9000
G1 E178.66887 F1500  ; un-retract
G1 X64.469 Y60.382 E178.67219 F2400
G1 X64.311 Y60.539 E178.67960 F2400
G1 X64.215 Y60.565 E178.68292 F2400
G1 X64.000 Y60.623 E178.69032 F2400
G1 X63.904 Y60.597 E178.69364 F2400
G1 X63.689 Y60.539 E178.70104 F2400
G1 X63.618 Y60.469 E178.70436 F2400
G1 X63.461 Y60.311 E178.71177 F2400
G1 X63.435 Y60.215 E178.71509 F2400
G1 X63.377 Y60.000 E178.72249 F2400
G1 X63.403 Y59.904 E178.72581 F2400
G1 X63.461 Y59.689 E178.73321 F2400
G1 X63.531 Y59.618 E178.73653 F2400
G1 X63.689 Y59.461 E178.74394 F2400
G1 X63.785 Y59.435 E178.74726 F2400
G1 X64.000 Y59.377 E178.75466 F2400
G1 X64.096 Y59.403 E178.75798 F2400
G1 X64.311 Y59.461 E178.76538 F2400
G1 X64.382 Y59.531 E178.76870 F2400
G1 X64.539 Y59.689 E178.77611 F2400
G1 X64.565 Y59.785 E178.77943 F2400
G1 X64.623 Y60.000 E178.78683 F2400
G1 X64.597 Y60.096 E178.79015 F2400
G1 X64.539 Y60.311 E178.79755 F2400
G1 E177.29755 F1500  ; retract
G1 X60.539 Y64.311 F9000
G1 E178.79755 F1500  ; un-retract
G1 X60.469 Y64.382 E178.80088 F2400
G1 X60.311 Y64.539 E178.80828 F2400
G1 X60.215 Y64.565 E178.81160 F2400
G1 X60.000 Y64.623 E178.81900 F2400
G1 X59.904 Y64.597 E178.82232 F2400
G1 X59.689 Y64.539 E178.82973 F2400
G1 X59.618 Y64.469 E178.83305 F2400
G1 X59.461 Y64.311 E178.84045 F2400
G1 X59.435 Y64.215 E178.84377 F2400
G1 X59.377 Y64.000 E178.85117 F2400
G1 X59.403 Y63.904 E178.85449 F2400
G1 X59.461 Y63.689 E178.86190 F2400
G1 X59.531 Y63.618 E178.86522 F2400
G1 X59.689 Y63.461 E178.87262 F2400
G1 X59.785 Y63.435 E178.87594 F2400
G1 X60.000 Y63.377 E178.88334 F2400
G1 X60.096 Y63.403 E178.88666 F2400
G1 X60.311 Y63.461 E178.89407 F2400
G1 X60.382 Y63.531 E178.89739 F2400
G1 X60.539 Y63.689 E178.90479 F2400
G1 X60.565 Y63.785 E178.90811 F2400
G1 X60.623 Y64.000 E178.91551 F2400
G1 X60.597 Y64.096 E178.91883 F2400
G1 X60.539 Y64.311 E178.92624 F2400
G1 E177.42624 F1500  ; retract
G1 X56.539 Y60.311 F9000
G1 E178.92624 F1500  ; un-retract
G1 X56.469 Y60.382 E178.92956 F2400
G1 X56.311 Y60.539 E178.93696 F2400
G1 X56.215 Y60.565 E178.94028 F2400
G1 X56.000 Y60.623 E178.94768 F2400
G1 X55.904 Y60.597 E178.95100 F2400
G1 X55.689 Y60.539 E178.95841 F2400
G1 X55.618 Y60.469 E178.96173 F2400
G1 X55.461 Y60.311 E178.96913 F2400
G1 X55.435 Y60.215 E178.97245 F2400
G1 X55.377 Y60.000 E178.97985 F2400
G1 X55.403 Y59.904 E178.98317 F2400
G1 X55.461 Y59.689 E178.99058 F2400
G1 X55.531 Y59.618 E178.99390 F2400
G1 X55.689 Y59.461 E179.00130 F2400
G1 X55.785 Y59.435 E179.00462 F2400
G1 X56.000 Y59.377 E179.01203 F2400
G1 X56.096 Y59.403 E179.01535 F2400
G1 X56.311 Y59.461 E179.02275 F2400
G1 X56.382 Y59.531 E179.02607 F2400
G1 X56.539 Y59.689 E179.03347 F2400
G1 X56.565 Y59.785 E179.03679 F2400
G1 X56.623 Y60.000 E179.04420 F2400
G1 X56.597 Y60.096 E179.04752 F2400
G1 X56.539 Y60.311 E179.05492 F2400
G1 E177.55492 F1500  ; retract
G1 X60.539 Y56.311 F9000
G1 E179.05492 F1500  ; un-retract
G1 X60.469 Y56.382 E179.05824 F2400
G1 X60.311 Y56.539 E179.06564 F2400
G1 X60.215 Y56.565 E179.06896 F2400
G1 X60.000 Y56.623 E179.07637 F2400
G1 X59.904 Y56.597 E179.07969 F2400
G1 X59.689 Y56.539 E179.08709 F2400
G1 X59.618 Y56.469 E179.09041 F2400
G1 X59.461 Y56.311 E179.09781 F2400
G1 X59.435 Y56.215 E179.10113 F2400
G1 X59.377 Y56.000 E179.10854 F2400
G1 X59.403 Y55.904 E179.11186 F2400
G1 X59.461 Y55.689 E179.11926 F2400
G1 X59.531 Y55.618 E179.12258 F2400
G1 X59.689 Y55.461 E179.12998 F2400
G1 X59.785 Y55.435 E179.13330 F2400
G1 X60.000 Y55.377 E179.14071 F2400
G1 X60.096 Y55.403 E179.14403 F2400
G1 X60.311 Y55.461 E179.15143 F2400
G1 X60.382 Y55.531 E179.15475 F2400
G1 X60.539 Y55.689 E179.16216 F2400
G1 X60.565 Y55.785 E179.16547 F2400
G1 X60.623 Y56.000 E179.17288 F2400
G1 X60.597 Y56.096 E179.17620 F2400
G1 X60.539 Y56.311 E179.18360 F2400
G1 E177.68360 F1500  ; retract
G1 X63.661 Y61.506 F9000
G1 E179.18360 F1500  ; un-retract
G1 X63.653 Y61.524 E179.18425 F2400
G1 X62.806 Y62.792 E179.23498 F2400
G1 X61.524 Y63.653 E179.28635 F2400
G1 X60.010 Y63.958 E179.33771 F2400
G1 X58.494 Y63.661 E179.38908 F2400
G1 X57.208 Y62.806 E179.44045 F2400
G1 X56.347 Y61.524 E179.49181 F2400
G1 X56.042 Y60.010 E179.54318 F2400
G1 X56.339 Y58.494 E179.59455 F2400
G1 X57.194 Y57.208 E179.64591 F2400
G1 X58.476 Y56.347 E179.69728 F2400
G1 X59.990 Y56.042 E179.74864 F2400
G1 X61.506 Y56.339 E179.80001 F2400
G1 X62.792 Y57.194 E179.85138 F2400
G1 X63.653 Y58.476 E179.90275 F2400
G1 X63.958 Y59.990 E179.95411 F2400
G1 X63.661 Y61.506 E180.00548 F2400
G1 E178.50548 F1500  ; retract
G1 X59.808 Y55.624 F9000
G1 E180.00548 F1500  ; un-retract
G1 X60.141 Y55.958 E180.02117 F3600
G1 E178.52117 F1500  ; retract
G1 X60.659 Y56.475 F9000
G1 E180.02117 F1500  ; un-retract
G1 X63.525 Y59.341 E180.15599 F3600
G1 E178.65599 F1500  ; retract
G1 X64.045 Y59.862 F9000
G1 E180.15599 F1500  ; un-retract
G1 X64.376 Y60.192 E180.17154 F3600
G1 E178.67154 F1500  ; retract
G1 X58.154 Y56.800 F9000
G1 E180.17154 F1500  ; un-retract
G1 X63.201 Y61.847 E180.40893 F3600
G1 E178.90893 F1500  ; retract
G1 X56.753 Y58.226 F9000
G1 E180.40893 F1500  ; un-retract
G1 X61.775 Y63.248 E180.64514 F3600
G1 E179.14514 F1500  ; retract
G1 X55.586 Y59.888 F9000
G1 E180.64514 F1500  ; un-retract
G1 X55.985 Y60.287 E180.66388 F3600
G1 E179.16388 F1500  ; retract
G1 X56.395 Y60.696 F9000
G1 E180.66388 F1500  ; un-retract
G1 X59.304 Y63.605 E180.80071 F3600
G1 E179.30071 F1500  ; retract
G1 X59.711 Y64.013 F9000
G1 E180.80071 F1500  ; un-retract
G1 X60.112 Y64.414 E180.81955 F3600

; layer 40  z=8.050
G1 Z8.050 F1200
G1 E179.31955 F1500  ; retract
G1 X64.529 Y60.306 F9000
G1 E180.81955 F1500  ; un-retract
G1 X64.448 Y60.387 E180.82336 F2400
G1 X64.306 Y60.529 E180.83007 F2400
G1 X64.195 Y60.559 E180.83388 F2400
G1 X64.000 Y60.611 E180.84060 F2400
G1 X63.889 Y60.582 E180.84441 F2400
G1 X63.694 Y60.529 E180.85112 F2400
G1 X63.613 Y60.449 E180.85494 F2400
G1 X63.471 Y60.306 E180.86165 F2400
G1 X63.441 Y60.195 E180.86546 F2400
G1 X63.389 Y60.000 E180.87218 F2400
G1 X63.418 Y59.889 E180.87599 F2400
G1 X63.471 Y59.694 E180.88270 F2400
G1 X63.551 Y59.613 E180.88652 F2400
G1 X63.694 Y59.471 E180.89323 F2400
G1 X63.805 Y59.441 E180.89704 F2400
G1 X64.000 Y59.389 E180.90376 F2400
G1 X64.111 Y59.418 E180.90757 F2400
G1 X64.306 Y59.471 E180.91428 F2400
G1 X64.387 Y59.551 E180.91810 F2400
G1 X64.529 Y59.694 E180.92481 F2400
G1 X64.559 Y59.805 E180.92862 F2400
G1 X64.611 Y60.000 E180.93534 F2400
G1 X64.582 Y60.111 E180.93915 F2400
G1 X64.529 Y60.306 E180.94586 F2400
G1 E179.44586 F1500  ; retract
G1 X60.529 Y64.306 F9000
G1 E180.94586 F1500  ; un-retract
G1 X60.449 Y64.387 E180.94967 F2400
G1 X60.306 Y64.529 E180.95639 F2400
G1 X60.195 Y64.559 E180.96020 F2400
G1 X60.000 Y64.611 E180.96692 F2400
G1 X59.889 Y64.582 E180.97073 F2400
G1 X59.694 Y64.529 E180.97744 F2400
G1 X59.613 Y64.448 E180.98125 F2400
G1 X59.471 Y64.306 E180.98797 F2400
G1 X59.441 Y64.195 E180.99178 F2400
G1 X59.389 Y64.000 E180.99849 F2400
G1 X59.418 Y63.889 E181.00231 F2400
G1 X59.471 Y63.694 E181.00902 F2400
G1 X59.551 Y63.613 E181.01283 F2400
G1 X59.694 Y63.471 E181.01955 F2400
G1 X59.805 Y63.441 E181.02336 F2400
G1 X60.000 Y63.389 E181.03007 F2400
G1 X60.111 Y63.418 E181.03388 F2400
G1 X60.306 Y63.471 E181.04060 F2400
G1 X60.387 Y63.551 E181.04441 F2400
G1 X60.529 Y63.694 E181.05113 F2400
G1 X60.559 Y63.805 E181.05494 F2400
G1 X60.611 Y64.000 E181.06165 F2400
G1 X60.582 Y64.111 E181.06546 F2400
G1 X60.529 Y64.306 E181.07218 F2400
G1 E179.57218 F1500  ; retract
G1 X56.529 Y60.306 F9000
G1 E181.07218 F1500  ; un-retract
G1 X56.449 Y60.387 E181.07599 F2400
G1 X56.306 Y60.529 E181.08271 F2400
G1 X56.195 Y60.559 E181.08652 F2400
G1 X56.000 Y60.611 E181.09323 F2400
G1 X55.889 Y60.582 E181.09704 F2400
G1 X55.694 Y60.529 E181.10376 F2400
G1 X55.613 Y60.449 E181.10757 F2400
G1 X55.471 Y60.306 E181.11429 F2400
G1 X55.441 Y60.195 E181.11810 F2400
G1 X55.389 Y60.000 E181.12481 F2400
G1 X55.418 Y59.889 E181.12862 F2400
G1 X55.471 Y59.694 E181.13534 F2400
G1 X55.551 Y59.613 E181.13915 F2400
G1 X55.694 Y59.471 E181.14586 F2400
G1 X55.805 Y59.441 E181.14968 F2400
G1 X56.000 Y59.389 E181.15639 F2400
G1 X56.111 Y59.418 E181.16020 F2400
G1 X56.306 Y59.471 E181.16692 F2400
G1 X56.387 Y59.551 E181.17073 F2400
G1 X56.529 Y59.694 E181.17744 F2400
G1 X56.559 Y59.805 E181.18126 F2400
G1 X56.611 Y60.000 E181.18797 F2400
G1 X56.582 Y60.111 E181.19178 F2400
G1 X56.529 Y60.306 E181.19850 F2400
G1 E179.69850 F1500  ; retract
G1 X60.529 Y56.306 F9000
G1 E181.19850 F1500  ; un-retract
G1 X60.449 Y56.387 E181.20231 F2400
G1 X60.306 Y56.529 E181.20902 F2400
G1 X60.195 Y56.559 E181.21284 F2400
G1 X60.000 Y56.611 E181.21955 F2400
G1 X59.889 Y56.582 E181.22336 F2400
G1 X59.694 Y56.529 E181.23008 F2400
G1 X59.613 Y56.449 E181.23389 F2400
G1 X59.471 Y56.306 E181.24060 F2400
G1 X59.441 Y56.195 E181.24441 F2400
G1 X59.389 Y56.000 E181.25113 F2400
G1 X59.418 Y55.889 E181.25494 F2400
G1 X59.471 Y55.694 E181.26165 F2400
G1 X59.551 Y55.613 E181.26547 F2400
G1 X59.694 Y55.471 E181.27218 F2400
G1 X59.805 Y55.441 E181.27599 F2400
G1 X60.000 Y55.389 E181.28271 F2400
G1 X60.111 Y55.418 E181.28652 F2400
G1 X60.306 Y55.471 E181.29323 F2400
G1 X60.387 Y55.551 E181.29705 F2400
G1 X60.529 Y55.694 E181.30376 F2400
G1 X60.559 Y55.805 E181.30757 F2400
G1 X60.611 Y56.000 E181.31429 F2400
G1 X60.582 Y56.111 E181.31810 F2400
G1 X60.529 Y56.306 E181.32481 F2400
G1 E179.82481 F1500  ; retract
G1 X63.521 Y61.406 F9000
G1 E181.32481 F1500  ; un-retract
G1 X63.483 Y61.496 E181.32806 F2400
G1 X62.715 Y62.646 E181.37407 F2400
G1 X62.646 Y62.715 E181.37731 F2400
G1 X61.496 Y63.483 E181.42332 F2400
G1 X61.406 Y63.521 E181.42657 F2400
G1 X60.049 Y63.791 E181.47258 F2400
G1 X59.951 Y63.791 E181.47582 F2400
G1 X58.594 Y63.521 E181.52184 F2400
G1 X58.504 Y63.483 E181.52508 F2400
G1 X57.354 Y62.715 E181.57109 F2400
G1 X57.285 Y62.646 E181.57434 F2400
G1 X56.517 Y61.496 E181.62034 F2400
G1 X56.479 Y61.406 E181.62359 F2400
G1 X56.209 Y60.049 E181.66960 F2400
G1 X56.209 Y59.951 E181.67285 F2400
G1 X56.479 Y58.594 E181.71886 F2400
G1 X56.517 Y58.504 E181.72210 F2400
G1 X57.285 Y57.354 E181.76811 F2400
G1 X57.354 Y57.285 E181.77136 F2400
G1 X58.504 Y56.517 E181.81737 F2400
G1 X58.594 Y56.479 E181.82061 F2400
G1 X59.951 Y56.209 E181.86662 F2400
G1 X60.049 Y56.209 E181.86987 F2400
G1 X61.406 Y56.479 E181.91588 F2400
G1 X61.496 Y56.517 E181.91913 F2400
G1 X62.646 Y57.285 E181.96513 F2400
G1 X62.715 Y57.354 E181.96838 F2400
G1 X63.483 Y58.504 E182.01439 F2400
G1 X63.521 Y58.594 E182.01763 F2400
G1 X63.791 Y59.951 E182.06365 F2400
G1 X63.791 Y60.049 E182.06689 F2400
G1 X63.521 Y61.406 E182.11290 F2400
G1 E180.61290 F1500  ; retract
G1 X64.250 Y59.697 F9000
G1 E182.11290 F1500  ; un-retract
G1 X63.906 Y60.041 E182.12908 F3600
G1 E180.62908 F1500  ; retract
G1 X63.414 Y60.532 F9000
G1 E182.12908 F1500  ; un-retract
G1 X60.532 Y63.414 E182.26464 F3600
G1 E180.76464 F1500  ; retract
G1 X60.041 Y63.906 F9000
G1 E182.26464 F1500  ; un-retract
G1 X59.697 Y64.250 E182.28082 F3600
G1 E180.78082 F1500  ; retract
G1 X62.994 Y58.124 F9000
G1 E182.28082 F1500  ; un-retract
G1 X58.124 Y62.994 E182.50985 F3600
G1 E181.00985 F1500  ; retract
G1 X61.521 Y56.769 F9000
G1 E182.50985 F1500  ; un-retract
G1 X56.769 Y61.521 E182.73335 F3600
G1 E181.23335 F1500  ; retract
G1 X59.916 Y55.545 F9000
G1 E182.73335 F1500  ; un-retract
G1 X59.545 Y55.916 E182.75078 F3600
G1 E181.25078 F1500  ; retract
G1 X58.937 Y56.524 F9000
G1 E182.75078 F1500  ; un-retract
G1 X56.524 Y58.937 E182.86426 F3600
G1 E181.36426 F1500  ; retract
G1 X55.916 Y59.545 F9000
G1 E182.86426 F1500  ; un-retract
G1 X55.545 Y59.916 E182.88169 F3600

; layer 41  z=8.250
G1 Z8.250 F1200
G1 E181.38169 F1500  ; retract
G1 X64.520 Y60.300 F9000
G1 E182.88169 F1500  ; un-retract
G1 X64.428 Y60.392 E182.88599 F2400
G1 X64.300 Y60.520 E182.89202 F2400
G1 X64.175 Y60.553 E182.89632 F2400
G1 X64.000 Y60.600 E182.90235 F2400
G1 X63.875 Y60.566 E182.90665 F2400
G1 X63.700 Y60.520 E182.91268 F2400
G1 X63.608 Y60.428 E182.91698 F2400
G1 X63.480 Y60.300 E182.92301 F2400
G1 X63.447 Y60.175 E182.92731 F2400
G1 X63.400 Y60.000 E182.93334 F2400
G1 X63.434 Y59.875 E182.93764 F2400
G1 X63.480 Y59.700 E182.94367 F2400
G1 X63.572 Y59.608 E182.94797 F2400
G1 X63.700 Y59.480 E182.95400 F2400
G1 X63.825 Y59.447 E182.95830 F2400
G1 X64.000 Y59.400 E182.96433 F2400
G1 X64.125 Y59.434 E182.96863 F2400
G1 X64.300 Y59.480 E182.97466 F2400
G1 X64.391 Y59.572 E182.97896 F2400
G1 X64.520 Y59.700 E182.98499 F2400
G1 X64.553 Y59.825 E182.98929 F2400
G1 X64.600 Y60.000 E182.99532 F2400
G1 X64.567 Y60.125 E182.99962 F2400
G1 X64.520 Y60.300 E183.00565 F2400
G1 E181.50565 F1500  ; retract
G1 X60.520 Y64.300 F9000
G1 E183.00565 F1500  ; un-retract
G1 X60.428 Y64.391 E183.00995 F2400
G1 X60.300 Y64.520 E183.01598 F2400
G1 X60.175 Y64.553 E183.02028 F2400
G1 X60.000 Y64.600 E183.02631 F2400
G1 X59.875 Y64.567 E183.03061 F2400
G1 X59.700 Y64.520 E183.03664 F2400
G1 X59.608 Y64.428 E183.04094 F2400
G1 X59.480 Y64.300 E183.04697 F2400
G1 X59.447 Y64.175 E183.05127 F2400
G1 X59.400 Y64.000 E183.05730 F2400
G1 X59.434 Y63.875 E183.06160 F2400
G1 X59.480 Y63.700 E183.06763 F2400
G1 X59.572 Y63.608 E183.07193 F2400
G1 X59.700 Y63.480 E183.07796 F2400
G1 X59.825 Y63.447 E183.08226 F2400
G1 X60.000 Y63.400 E183.08829 F2400
G1 X60.125 Y63.434 E183.09259 F2400
G1 X60.300 Y63.480 E183.09862 F2400
G1 X60.392 Y63.572 E183.10292 F2400
G1 X60.520 Y63.700 E183.10894 F2400
G1 X60.553 Y63.825 E183.11325 F2400
G1 X60.600 Y64.000 E183.11927 F2400
G1 X60.566 Y64.125 E183.12358 F2400
G1 X60.520 Y64.300 E183.12961 F2400
G1 E181.62961 F1500  ; retract
G1 X56.520 Y60.300 F9000
G1 E183.12961 F1500  ; un-retract
G1 X56.428 Y60.392 E183.13391 F2400
G1 X56.300 Y60.520 E183.13993 F2400
G1 X56.175 Y60.553 E183.14424 F2400
G1 X56.000 Y60.600 E183.15026 F2400
G1 X55.875 Y60.566 E183.15457 F2400
G1 X55.700 Y60.520 E183.16059 F2400
G1 X55.608 Y60.428 E183.16490 F2400
G1 X55.480 Y60.300 E183.17092 F2400
G1 X55.447 Y60.175 E183.17523 F2400
G1 X55.400 Y60.000 E183.18125 F2400
G1 X55.434 Y59.875 E183.18556 F2400
G1 X55.480 Y59.700 E183.19158 F2400
G1 X55.572 Y59.608 E183.19589 F2400
G1 X55.700 Y59.480 E183.20191 F2400
G1 X55.825 Y59.447 E183.20622 F2400
G1 X56.000 Y59.400 E183.21224 F2400
G1 X56.125 Y59.434 E183.21655 F2400
G1 X56.300 Y59.480 E183.22257 F2400
G1 X56.392 Y59.572 E183.22688 F2400
G1 X56.520 Y59.700 E183.23290 F2400
G1 X56.553 Y59.825 E183.23721 F2400
G1 X56.600 Y60.000 E183.24323 F2400
G1 X56.566 Y60.125 E183.24754 F2400
G1 X56.520 Y60.300 E183.25356 F2400
G1 E181.75356 F1500  ; retract
G1 X60.520 Y56.300 F9000
G1 E183.25356 F1500  ; un-retract
G1 X60.428 Y56.392 E183.25787 F2400
G1 X60.300 Y56.520 E183.26389 F2400
G1 X60.175 Y56.553 E183.26820 F2400
G1 X60.000 Y56.600 E183.27422 F2400
G1 X59.875 Y56.566 E183.27853 F2400
G1 X59.700 Y56.520 E183.28455 F2400
G1 X59.608 Y56.428 E183.28886 F2400
G1 X59.480 Y56.300 E183.29488 F2400
G1 X59.447 Y56.175 E183.29919 F2400
G1 X59.400 Y56.000 E183.30521 F2400
G1 X59.434 Y55.875 E183.30952 F2400
G1 X59.480 Y55.700 E183.31554 F2400
G1 X59.572 Y55.608 E183.31985 F2400
G1 X59.700 Y55.480 E183.32587 F2400
G1 X59.825 Y55.447 E183.33018 F2400
G1 X60.000 Y55.400 E183.33620 F2400
G1 X60.125 Y55.434 E183.34051 F2400
G1 X60.300 Y55.480 E183.34653 F2400
G1 X60.392 Y55.572 E183.35084 F2400
G1 X60.520 Y55.700 E183.35686 F2400
G1 X60.553 Y55.825 E183.36117 F2400
G1 X60.600 Y56.000 E183.36719 F2400
G1 X60.566 Y56.125 E183.37150 F2400
G1 X60.520 Y56.300 E183.37752 F2400
G1 E181.87752 F1500  ; retract
G1 X63.381 Y61.305 F9000
G1 E183.37752 F1500  ; un-retract
G1 X63.314 Y61.468 E183.38336 F2400
G1 X62.624 Y62.500 E183.42466 F2400
G1 X62.500 Y62.624 E183.43049 F2400
G1 X61.468 Y63.314 E183.47179 F2400
G1 X61.305 Y63.381 E183.47763 F2400
G1 X60.088 Y63.623 E183.51892 F2400
G1 X59.912 Y63.623 E183.52476 F2400
G1 X58.695 Y63.381 E183.56605 F2400
G1 X58.532 Y63.314 E183.57189 F2400
G1 X57.500 Y62.624 E183.61318 F2400
G1 X57.376 Y62.500 E183.61902 F2400
G1 X56.686 Y61.468 E183.66032 F2400
G1 X56.619 Y61.305 E183.66615 F2400
G1 X56.377 Y60.088 E183.70745 F2400
G1 X56.377 Y59.912 E183.71329 F2400
G1 X56.619 Y58.695 E183.75458 F2400
G1 X56.686 Y58.532 E183.76042 F2400
G1 X57.376 Y57.500 E183.80171 F2400
G1 X57.500 Y57.376 E183.80755 F2400
G1 X58.532 Y56.686 E183.84884 F2400
G1 X58.695 Y56.619 E183.85468 F2400
G1 X59.912 Y56.377 E183.89597 F2400
G1 X60.088 Y56.377 E183.90181 F2400
G1 X61.305 Y56.619 E183.94310 F2400
G1 X61.468 Y56.686 E183.94894 F2400
G1 X62.500 Y57.376 E183.99024 F2400
G1 X62.624 Y57.500 E183.99608 F2400
G1 X63.314 Y58.532 E184.03737 F2400
G1 X63.381 Y58.695 E184.04321 F2400
G1 X63.623 Y59.912 E184.08450 F2400
G1 X63.623 Y60.088 E184.09034 F2400
G1 X63.381 Y61.305 E184.13163 F2400
G1 E182.63163 F1500  ; retract
G1 X59.607 Y55.897 F9000
G1 E184.13163 F1500  ; un-retract
G1 X59.945 Y56.235 E184.14754 F3600
G1 E182.64754 F1500  ; retract
G1 X60.386 Y56.676 F9000
G1 E184.14754 F1500  ; un-retract
G1 X63.324 Y59.614 E184.28575 F3600
G1 E182.78575 F1500  ; retract
G1 X63.765 Y60.055 F9000
G1 E184.28575 F1500  ; un-retract
G1 X64.103 Y60.393 E184.30166 F3600
G1 E182.80166 F1500  ; retract
G1 X58.095 Y57.214 F9000
G1 E184.30166 F1500  ; un-retract
G1 X62.786 Y61.905 E184.52228 F3600
G1 E183.02228 F1500  ; retract
G1 X56.798 Y58.745 F9000
G1 E184.52228 F1500  ; un-retract
G1 X61.255 Y63.202 E184.73192 F3600
G1 E183.23192 F1500  ; retract
G1 X56.824 Y61.599 F9000
G1 E184.73192 F1500  ; un-retract
G1 X58.401 Y63.176 E184.80611 F3600

; layer 42  z=8.450
G1 Z8.450 F1200
G1 E183.30611 F1500  ; retract
G1 X64.510 Y60.294 F9000
G1 E184.80611 F1500  ; un-retract
G1 X64.408 Y60.396 E184.81090 F2400
G1 X64.294 Y60.510 E184.81624 F2400
G1 X64.155 Y60.547 E184.82104 F2400
G1 X64.000 Y60.589 E184.82638 F2400
G1 X63.861 Y60.551 E184.83117 F2400
G1 X63.706 Y60.510 E184.83651 F2400
G1 X63.604 Y60.408 E184.84130 F2400
G1 X63.490 Y60.294 E184.84664 F2400
G1 X63.453 Y60.155 E184.85144 F2400
G1 X63.411 Y60.000 E184.85678 F2400
G1 X63.449 Y59.861 E184.86157 F2400
G1 X63.490 Y59.706 E184.86691 F2400
G1 X63.592 Y59.604 E184.87170 F2400
G1 X63.706 Y59.490 E184.87704 F2400
G1 X63.845 Y59.453 E184.88184 F2400
G1 X64.000 Y59.411 E184.88718 F2400
G1 X64.139 Y59.449 E184.89197 F2400
G1 X64.294 Y59.490 E184.89731 F2400
G1 X64.396 Y59.592 E184.90210 F2400
G1 X64.510 Y59.706 E184.90744 F2400
G1 X64.547 Y59.845 E184.91224 F2400
G1 X64.589 Y60.000 E184.91758 F2400
G1 X64.551 Y60.139 E184.92237 F2400
G1 X64.510 Y60.294 E184.92771 F2400
G1 E183.42771 F1500  ; retract
G1 X60.510 Y64.294 F9000
G1 E184.92771 F1500  ; un-retract
G1 X60.408 Y64.396 E184.93250 F2400
G1 X60.294 Y64.510 E184.93784 F2400
G1 X60.155 Y64.547 E184.94264 F2400
G1 X60.000 Y64.589 E184.94798 F2400
G1 X59.861 Y64.551 E184.95277 F2400
G1 X59.706 Y64.510 E184.95811 F2400
G1 X59.604 Y64.408 E184.96290 F2400
G1 X59.490 Y64.294 E184.96824 F2400
G1 X59.453 Y64.155 E184.97304 F2400
G1 X59.411 Y64.000 E184.97838 F2400
G1 X59.449 Y63.861 E184.98317 F2400
G1 X59.490 Y63.706 E184.98851 F2400
G1 X59.592 Y63.604 E184.99330 F2400
G1 X59.706 Y63.490 E184.99864 F2400
G1 X59.845 Y63.453 E185.00344 F2400
G1 X60.000 Y63.411 E185.00878 F2400
G1 X60.139 Y63.449 E185.01357 F2400
G1 X60.294 Y63.490 E185.01891 F2400
G1 X60.396 Y63.592 E185.02370 F2400
G1 X60.510 Y63.706 E185.02904 F2400
G1 X60.547 Y63.845 E185.03384 F2400
G1 X60.589 Y64.000 E185.03918 F2400
G1 X60.551 Y64.139 E185.04397 F2400
G1 X60.510 Y64.294 E185.04931 F2400
G1 E183.54931 F1500  ; retract
G1 X56.510 Y60.294 F9000
G1 E185.04931 F1500  ; un-retract
G1 X56.408 Y60.396 E185.05410 F2400
G1 X56.294 Y60.510 E185.05944 F2400
G1 X56.155 Y60.547 E185.06424 F2400
G1 X56.000 Y60.589 E185.06958 F2400
G1 X55.861 Y60.551 E185.07437 F2400
G1 X55.706 Y60.510 E185.07971 F2400
G1 X55.604 Y60.408 E185.08450 F2400
G1 X55.490 Y60.294 E185.08984 F2400
G1 X55.453 Y60.155 E185.09464 F2400
G1 X55.411 Y60.000 E185.09998 F2400
G1 X55.449 Y59.861 E185.10477 F2400
G1 X55.490 Y59.706 E185.11011 F2400
G1 X55.592 Y59.604 E185.11490 F2400
G1 X55.706 Y59.490 E185.12024 F2400
G1 X55.845 Y59.453 E185.12504 F2400
G1 X56.000 Y59.411 E185.13038 F2400
G1 X56.139 Y59.449 E185.13517 F2400
G1 X56.294 Y59.490 E185.14051 F2400
G1 X56.396 Y59.592 E185.14530 F2400
G1 X56.510 Y59.706 E185.15064 F2400
G1 X56.547 Y59.845 E185.15544 F2400
G1 X56.589 Y60.000 E185.16078 F2400
G1 X56.551 Y60.139 E185.16557 F2400
G1 X56.510 Y60.294 E185.17091 F2400
G1 E183.67091 F1500  ; retract
G1 X60.510 Y56.294 F9000
G1 E185.17091 F1500  ; un-retract
G1 X60.408 Y56.396 E185.17570 F2400
G1 X60.294 Y56.510 E185.18104 F2400
G1 X60.155 Y56.547 E185.18584 F2400
G1 X60.000 Y56.589 E185.19118 F2400
G1 X59.861 Y56.551 E185.19597 F2400
G1 X59.706 Y56.510 E185.20131 F2400
G1 X59.604 Y56.408 E185.20610 F2400
G1 X59.490 Y56.294 E185.21144 F2400
G1 X59.453 Y56.155 E185.21624 F2400
G1 X59.411 Y56.000 E185.22158 F2400
G1 X59.449 Y55.861 E185.22637 F2400
G1 X59.490 Y55.706 E185.23171 F2400
G1 X59.592 Y55.604 E185.23650 F2400
G1 X59.706 Y55.490 E185.24184 F2400
G1 X59.845 Y55.453 E185.24664 F2400
G1 X60.000 Y55.411 E185.25198 F2400
G1 X60.139 Y55.449 E185.25677 F2400
G1 X60.294 Y55.490 E185.26211 F2400
G1 X60.396 Y55.592 E185.26690 F2400
G1 X60.510 Y55.706 E185.27224 F2400
G1 X60.547 Y55.845 E185.27704 F2400
G1 X60.589 Y56.000 E185.28238 F2400
G1 X60.551 Y56.139 E185.28717 F2400
G1 X60.510 Y56.294 E185.29251 F2400
G1 E183.79251 F1500  ; retract
G1 X63.241 Y61.205 F9000
G1 E185.29251 F1500  ; un-retract
G1 X63.144 Y61.440 E185.30095 F2400
G1 X62.533 Y62.354 E185.33752 F2400
G1 X62.354 Y62.533 E185.34595 F2400
G1 X61.440 Y63.144 E185.38253 F2400
G1 X61.205 Y63.241 E185.39096 F2400
G1 X60.127 Y63.456 E185.42754 F2400
G1 X59.873 Y63.456 E185.43597 F2400
G1 X58.795 Y63.241 E185.47254 F2400
G1 X58.560 Y63.144 E185.48098 F2400
G1 X57.646 Y62.533 E185.51755 F2400
G1 X57.467 Y62.354 E185.52599 F2400
G1 X56.856 Y61.440 E185.56256 F2400
G1 X56.759 Y61.205 E185.57100 F2400
G1 X56.544 Y60.127 E185.60757 F2400
G1 X56.544 Y59.873 E185.61600 F2400
G1 X56.759 Y58.795 E185.65258 F2400
G1 X56.856 Y58.560 E185.66101 F2400
G1 X57.467 Y57.646 E185.69759 F2400
G1 X57.646 Y57.467 E185.70602 F2400
G1 X58.560 Y56.856 E185.74259 F2400
G1 X58.795 Y56.759 E185.75103 F2400
G1 X59.873 Y56.544 E185.78760 F2400
G1 X60.127 Y56.544 E185.79604 F2400
G1 X61.205 Y56.759 E185.83261 F2400
G1 X61.440 Y56.856 E185.84105 F2400
G1 X62.354 Y57.467 E185.87762 F2400
G1 X62.533 Y57.646 E185.88605 F2400
G1 X63.144 Y58.560 E185.92263 F2400
G1 X63.241 Y58.795 E185.93106 F2400
G1 X63.456 Y59.873 E185.96764 F2400
G1 X63.456 Y60.127 E185.97607 F2400
G1 X63.241 Y61.205 E186.01264 F2400
G1 E184.51264 F1500  ; retract
G1 X63.907 Y59.566 F9000
G1 E186.01264 F1500  ; un-retract
G1 X63.597 Y59.876 E186.02722 F3600
G1 E184.52722 F1500  ; retract
G1 X63.283 Y60.190 F9000
G1 E186.02722 F1500  ; un-retract
G1 X60.190 Y63.283 E186.17271 F3600
G1 E184.67271 F1500  ; retract
G1 X59.876 Y63.597 F9000
G1 E186.17271 F1500  ; un-retract
G1 X59.566 Y63.907 E186.18729 F3600
G1 E184.68729 F1500  ; retract
G1 X62.578 Y58.066 F9000
G1 E186.18729 F1500  ; un-retract
G1 X58.066 Y62.578 E186.39951 F3600
G1 E184.89951 F1500  ; retract
G1 X60.940 Y56.876 F9000
G1 E186.39951 F1500  ; un-retract
G1 X56.876 Y60.940 E186.59070 F3600

; layer 43  z=8.650
G1 Z8.650 F1200
G1 E185.09070 F1500  ; retract
G1 X64.500 Y60.289 F9000
G1 E186.59070 F1500  ; un-retract
G1 X64.387 Y60.401 E186.59599 F2400
G1 X64.289 Y60.500 E186.60063 F2400
G1 X64.135 Y60.541 E186.60592 F2400
G1 X64.000 Y60.577 E186.61057 F2400
G1 X63.846 Y60.536 E186.61586 F2400
G1 X63.711 Y60.500 E186.62051 F2400
G1 X63.599 Y60.387 E186.62580 F2400
G1 X63.500 Y60.289 E186.63044 F2400
G1 X63.459 Y60.135 E186.63573 F2400
G1 X63.423 Y60.000 E186.64038 F2400
G1 X63.464 Y59.846 E186.64567 F2400
G1 X63.500 Y59.711 E186.65032 F2400
G1 X63.613 Y59.599 E186.65560 F2400
G1 X63.711 Y59.500 E186.66025 F2400
G1 X63.865 Y59.459 E186.66554 F2400
G1 X64.000 Y59.423 E186.67019 F2400
G1 X64.154 Y59.464 E186.67548 F2400
G1 X64.289 Y59.500 E186.68013 F2400
G1 X64.401 Y59.613 E186.68541 F2400
G1 X64.500 Y59.711 E186.69006 F2400
G1 X64.541 Y59.865 E186.69535 F2400
G1 X64.577 Y60.000 E186.70000 F2400
G1 X64.536 Y60.154 E186.70529 F2400
G1 X64.500 Y60.289 E186.70993 F2400
G1 E185.20993 F1500  ; retract
G1 X60.500 Y64.289 F9000
G1 E186.70993 F1500  ; un-retract
G1 X60.387 Y64.401 E186.71522 F2400
G1 X60.289 Y64.500 E186.71987 F2400
G1 X60.135 Y64.541 E186.72516 F2400
G1 X60.000 Y64.577 E186.72981 F2400
G1 X59.846 Y64.536 E186.73509 F2400
G1 X59.711 Y64.500 E186.73974 F2400
G1 X59.599 Y64.387 E186.74503 F2400
G1 X59.500 Y64.289 E186.74968 F2400
G1 X59.459 Y64.135 E186.75497 F2400
G1 X59.423 Y64.000 E186.75961 F2400
G1 X59.464 Y63.846 E186.76490 F2400
G1 X59.500 Y63.711 E186.76955 F2400
G1 X59.613 Y63.599 E186.77484 F2400
G1 X59.711 Y63.500 E186.77949 F2400
G1 X59.865 Y63.459 E186.78478 F2400
G1 X60.000 Y63.423 E186.78942 F2400
G1 X60.154 Y63.464 E186.79471 F2400
G1 X60.289 Y63.500 E186.79936 F2400
G1 X60.401 Y63.613 E186.80465 F2400
G1 X60.500 Y63.711 E186.80929 F2400
G1 X60.541 Y63.865 E186.81458 F2400
G1 X60.577 Y64.000 E186.81923 F2400
G1 X60.536 Y64.154 E186.82452 F2400
G1 X60.500 Y64.289 E186.82917 F2400
G1 E185.32917 F1500  ; retract
G1 X56.500 Y60.289 F9000
G1 E186.82917 F1500  ; un-retract
G1 X56.387 Y60.401 E186.83446 F2400
G1 X56.289 Y60.500 E186.83910 F2400
G1 X56.135 Y60.541 E186.84439 F2400
G1 X56.000 Y60.577 E186.84904 F2400
G1 X55.846 Y60.536 E186.85433 F2400
G1 X55.711 Y60.500 E186.85898 F2400
G1 X55.599 Y60.387 E186.86426 F2400
G1 X55.500 Y60.289 E186.86891 F2400
G1 X55.459 Y60.135 E186.87420 F2400
G1 X55.423 Y60.000 E186.87885 F2400
G1 X55.464 Y59.846 E186.88414 F2400
G1 X55.500 Y59.711 E186.88879 F2400
G1 X55.613 Y59.599 E186.89407 F2400
G1 X55.711 Y59.500 E186.89872 F2400
G1 X55.865 Y59.459 E186.90401 F2400
G1 X56.000 Y59.423 E186.90866 F2400
G1 X56.154 Y59.464 E186.91395 F2400
G1 X56.289 Y59.500 E186.91859 F2400
G1 X56.401 Y59.613 E186.92388 F2400
G1 X56.500 Y59.711 E186.92853 F2400
G1 X56.541 Y59.865 E186.93382 F2400
G1 X56.577 Y60.000 E186.93847 F2400
G1 X56.536 Y60.154 E186.94375 F2400
G1 X56.500 Y60.289 E186.94840 F2400
G1 E185.44840 F1500  ; retract
G1 X60.500 Y56.289 F9000
G1 E186.94840 F1500  ; un-retract
G1 X60.387 Y56.401 E186.95369 F2400
G1 X60.289 Y56.500 E186.95834 F2400
G1 X60.135 Y56.541 E186.96363 F2400
G1 X60.000 Y56.577 E186.96827 F2400
G1 X59.846 Y56.536 E186.97356 F2400
G1 X59.711 Y56.500 E186.97821 F2400
G1 X59.599 Y56.387 E186.98350 F2400
G1 X59.500 Y56.289 E186.98815 F2400
G1 X59.459 Y56.135 E186.99344 F2400
G1 X59.423 Y56.000 E186.99808 F2400
G1 X59.464 Y55.846 E187.00337 F2400
G1 X59.500 Y55.711 E187.00802 F2400
G1 X59.613 Y55.599 E187.01331 F2400
G1 X59.711 Y55.500 E187.01795 F2400
G1 X59.865 Y55.459 E187.02324 F2400
G1 X60.000 Y55.423 E187.02789 F2400
G1 X60.154 Y55.464 E187.03318 F2400
G1 X60.289 Y55.500 E187.03783 F2400
G1 X60.401 Y55.613 E187.04312 F2400
G1 X60.500 Y55.711 E187.04776 F2400
G1 X60.541 Y55.865 E187.05305 F2400
G1 X60.577 Y56.000 E187.05770 F2400
G1 X60.536 Y56.154 E187.06299 F2400
G1 X60.500 Y56.289 E187.06764 F2400
G1 E185.56764 F1500  ; retract
G1 X63.101 Y61.105 F9000
G1 E187.06764 F1500  ; un-retract
G1 X62.974 Y61.411 E187.07867 F2400
G1 X62.442 Y62.208 E187.11053 F2400
G1 X62.208 Y62.442 E187.12156 F2400
G1 X61.411 Y62.974 E187.15341 F2400
G1 X61.105 Y63.101 E187.16444 F2400
G1 X60.166 Y63.288 E187.19630 F2400
G1 X59.834 Y63.288 E187.20732 F2400
G1 X58.895 Y63.101 E187.23918 F2400
G1 X58.589 Y62.974 E187.25021 F2400
G1 X57.792 Y62.442 E187.28206 F2400
G1 X57.558 Y62.208 E187.29309 F2400
G1 X57.026 Y61.411 E187.32495 F2400
G1 X56.899 Y61.105 E187.33598 F2400
G1 X56.712 Y60.166 E187.36783 F2400
G1 X56.712 Y59.834 E187.37886 F2400
G1 X56.899 Y58.895 E187.41072 F2400
G1 X57.026 Y58.589 E187.42175 F2400
G1 X57.558 Y57.792 E187.45360 F2400
G1 X57.792 Y57.558 E187.46463 F2400
G1 X58.589 Y57.026 E187.49649 F2400
G1 X58.895 Y56.899 E187.50752 F2400
G1 X59.834 Y56.712 E187.53937 F2400
G1 X60.166 Y56.712 E187.55040 F2400
G1 X61.105 Y56.899 E187.58226 F2400
G1 X61.411 Y57.026 E187.59329 F2400
G1 X62.208 Y57.558 E187.62514 F2400
G1 X62.442 Y57.792 E187.63617 F2400
G1 X62.974 Y58.589 E187.66803 F2400
G1 X63.101 Y58.895 E187.67906 F2400
G1 X63.288 Y59.834 E187.71091 F2400
G1 X63.288 Y60.166 E187.72194 F2400
G1 X63.101 Y61.105 E187.75380 F2400
G1 E186.25380 F1500  ; retract
G1 X59.582 Y56.208 F9000
G1 E187.75380 F1500  ; un-retract
G1 X59.792 Y56.418 E187.76367 F3600
G1 E186.26367 F1500  ; retract
G1 X60.227 Y56.853 F9000
G1 E187.76367 F1500  ; un-retract
G1 X63.147 Y59.773 E187.90099 F3600
G1 E186.40099 F1500  ; retract
G1 X63.582 Y60.208 F9000
G1 E187.90099 F1500  ; un-retract
G1 X63.792 Y60.418 E187.91087 F3600
G1 E186.41087 F1500  ; retract
G1 X58.120 Y57.574 F9000
G1 E187.91087 F1500  ; un-retract
G1 X62.426 Y61.880 E188.11338 F3600
G1 E186.61338 F1500  ; retract
G1 X56.993 Y59.275 F9000
G1 E188.11338 F1500  ; un-retract
G1 X60.725 Y63.007 E188.28894 F3600

; layer 44  z=8.850
G1 Z8.850 F1200
G1 E186.78894 F1500  ; retract
G1 X64.490 Y60.283 F9000
G1 E188.28894 F1500  ; un-retract
G1 X64.367 Y60.406 E188.29472 F2400
G1 X64.283 Y60.490 E188.29868 F2400
G1 X64.115 Y60.535 E188.30446 F2400
G1 X64.000 Y60.566 E188.30842 F2400
G1 X63.832 Y60.521 E188.31420 F2400
G1 X63.717 Y60.490 E188.31816 F2400
G1 X63.594 Y60.367 E188.32394 F2400
G1 X63.510 Y60.283 E188.32790 F2400
G1 X63.465 Y60.115 E188.33368 F2400
G1 X63.434 Y60.000 E188.33764 F2400
G1 X63.479 Y59.832 E188.34342 F2400
G1 X63.510 Y59.717 E188.34738 F2400
G1 X63.633 Y59.594 E188.35316 F2400
G1 X63.717 Y59.510 E188.35712 F2400
G1 X63.885 Y59.465 E188.36290 F2400
G1 X64.000 Y59.434 E188.36686 F2400
G1 X64.168 Y59.479 E188.37264 F2400
G1 X64.283 Y59.510 E188.37660 F2400
G1 X64.406 Y59.633 E188.38238 F2400
G1 X64.490 Y59.717 E188.38633 F2400
G1 X64.535 Y59.885 E188.39212 F2400
G1 X64.566 Y60.000 E188.39608 F2400
G1 X64.521 Y60.168 E188.40186 F2400
G1 X64.490 Y60.283 E188.40582 F2400
G1 E186.90582 F1500  ; retract
G1 X60.490 Y64.283 F9000
G1 E188.40582 F1500  ; un-retract
G1 X60.367 Y64.406 E188.41160 F2400
G1 X60.283 Y64.490 E188.41555 F2400
G1 X60.115 Y64.535 E188.42133 F2400
G1 X60.000 Y64.566 E188.42529 F2400
G1 X59.832 Y64.521 E188.43108 F2400
G1 X59.717 Y64.490 E188.43504 F2400
G1 X59.594 Y64.367 E188.44081 F2400
G1 X59.510 Y64.283 E188.44477 F2400
G1 X59.465 Y64.115 E188.45055 F2400
G1 X59.434 Y64.000 E188.45451 F2400
G1 X59.479 Y63.832 E188.46029 F2400
G1 X59.510 Y63.717 E188.46425 F2400
G1 X59.633 Y63.594 E188.47003 F2400
G1 X59.717 Y63.510 E188.47399 F2400
G1 X59.885 Y63.465 E188.47977 F2400
G1 X60.000 Y63.434 E188.48373 F2400
G1 X60.168 Y63.479 E188.48951 F2400
G1 X60.283 Y63.510 E188.49347 F2400
G1 X60.406 Y63.633 E188.49925 F2400
G1 X60.490 Y63.717 E188.50321 F2400
G1 X60.535 Y63.885 E188.50899 F2400
G1 X60.566 Y64.000 E188.51295 F2400
G1 X60.521 Y64.168 E188.51873 F2400
G1 X60.490 Y64.283 E188.52269 F2400
G1 E187.02269 F1500  ; retract
G1 X56.490 Y60.283 F9000
G1 E188.52269 F1500  ; un-retract
G1 X56.367 Y60.406 E188.52847 F2400
G1 X56.283 Y60.490 E188.53243 F2400
G1 X56.115 Y60.535 E188.53821 F2400
G1 X56.000 Y60.566 E188.54217 F2400
G1 X55.832 Y60.521 E188.54795 F2400
G1 X55.717 Y60.490 E188.55191 F2400
G1 X55.594 Y60.367 E188.55769 F2400
G1 X55.510 Y60.283 E188.56165 F2400
G1 X55.465 Y60.115 E188.56743 F2400
G1 X55.434 Y60.000 E188.57139 F2400
G1 X55.479 Y59.832 E188.57717 F2400
G1 X55.510 Y59.717 E188.58113 F2400
G1 X55.633 Y59.594 E188.58691 F2400
G1 X55.717 Y59.510 E188.59087 F2400
G1 X55.885 Y59.465 E188.59665 F2400
G1 X56.000 Y59.434 E188.60061 F2400
G1 X56.168 Y59.479 E188.60639 F2400
G1 X56.283 Y59.510 E188.61035 F2400
G1 X56.406 Y59.633 E188.61613 F2400
G1 X56.490 Y59.717 E188.62009 F2400
G1 X56.535 Y59.885 E188.62587 F2400
G1 X56.566 Y60.000 E188.62983 F2400
G1 X56.521 Y60.168 E188.63561 F2400
G1 X56.490 Y60.283 E188.63957 F2400
G1 E187.13957 F1500  ; retract
G1 X60.490 Y56.283 F9000
G1 E188.63957 F1500  ; un-retract
G1 X60.367 Y56.406 E188.64535 F2400
G1 X60.283 Y56.490 E188.64931 F2400
G1 X60.115 Y56.535 E188.65509 F2400
G1 X60.000 Y56.566 E188.65905 F2400
G1 X59.832 Y56.521 E188.66483 F2400
G1 X59.717 Y56.490 E188.66879 F2400
G1 X59.594 Y56.367 E188.67457 F2400
G1 X59.510 Y56.283 E188.67852 F2400
G1 X59.465 Y56.115 E188.68431 F2400
G1 X59.434 Y56.000 E188.68827 F2400
G1 X59.479 Y55.832 E188.69405 F2400
G1 X59.510 Y55.717 E188.69801 F2400
G1 X59.633 Y55.594 E188.70379 F2400
G1 X59.717 Y55.510 E188.70774 F2400
G1 X59.885 Y55.465 E188.71353 F2400
G1 X60.000 Y55.434 E188.71748 F2400
G1 X60.168 Y55.479 E188.72327 F2400
G1 X60.283 Y55.510 E188.72723 F2400
G1 X60.406 Y55.633 E188.73300 F2400
G1 X60.490 Y55.717 E188.73696 F2400
G1 X60.535 Y55.885 E188.74274 F2400
G1 X60.566 Y56.000 E188.74670 F2400
G1 X60.521 Y56.168 E188.75249 F2400
G1 X60.490 Y56.283 E188.75644 F2400
G1 E187.25644 F1500  ; retract
G1 X62.962 Y61.005 F9000
G1 E188.75644 F1500  ; un-retract
G1 X62.805 Y61.383 E188.77007 F2400
G1 X62.352 Y62.062 E188.79721 F2400
G1 X62.062 Y62.352 E188.81083 F2400
G1 X61.383 Y62.805 E188.83797 F2400
G1 X61.005 Y62.962 E188.85159 F2400
G1 X60.205 Y63.121 E188.87873 F2400
G1 X59.795 Y63.121 E188.89235 F2400
G1 X58.995 Y62.962 E188.91949 F2400
G1 X58.617 Y62.805 E188.93311 F2400
G1 X57.938 Y62.352 E188.96025 F2400
G1 X57.648 Y62.062 E188.97388 F2400
G1 X57.195 Y61.383 E189.00101 F2400
G1 X57.038 Y61.005 E189.01464 F2400
G1 X56.879 Y60.205 E189.04177 F2400
G1 X56.879 Y59.795 E189.05540 F2400
G1 X57.038 Y58.995 E189.08253 F2400
G1 X57.195 Y58.617 E189.09616 F2400
G1 X57.648 Y57.938 E189.12329 F2400
G1 X57.938 Y57.648 E189.13692 F2400
G1 X58.617 Y57.195 E189.16405 F2400
G1 X58.995 Y57.038 E189.17768 F2400
G1 X59.795 Y56.879 E189.20482 F2400
G1 X60.205 Y56.879 E189.21844 F2400
G1 X61.005 Y57.038 E189.24557 F2400
G1 X61.383 Y57.195 E189.25920 F2400
G1 X62.062 Y57.648 E189.28634 F2400
G1 X62.352 Y57.938 E189.29996 F2400
G1 X62.805 Y58.617 E189.32710 F2400
G1 X62.962 Y58.995 E189.34072 F2400
G1 X63.121 Y59.795 E189.36786 F2400
G1 X63.121 Y60.205 E189.38148 F2400
G1 X62.962 Y61.005 E189.40862 F2400
G1 E187.90862 F1500  ; retract
G1 X63.755 Y59.603 F9000
G1 E189.40862 F1500  ; un-retract
G1 X63.603 Y59.755 E189.41575 F3600
G1 E187.91575 F1500  ; retract
G1 X62.971 Y60.388 F9000
G1 E189.41575 F1500  ; un-retract
G1 X60.388 Y62.971 E189.53728 F3600
G1 E188.03728 F1500  ; retract
G1 X59.755 Y63.603 F9000
G1 E189.53728 F1500  ; un-retract
G1 X59.603 Y63.755 E189.54441 F3600
G1 E188.04441 F1500  ; retract
G1 X62.306 Y58.224 F9000
G1 E189.54441 F1500  ; un-retract
G1 X58.224 Y62.306 E189.73645 F3600
G1 E188.23645 F1500  ; retract
G1 X60.579 Y57.123 F9000
G1 E189.73645 F1500  ; un-retract
G1 X57.123 Y60.579 E189.89898 F3600

; layer 45  z=9.050
G1 Z9.050 F1200
G1 E188.39898 F1500  ; retract
G1 X64.480 Y60.277 F9000
G1 E189.89898 F1500  ; un-retract
G1 X64.347 Y60.410 E189.90525 F2400
G1 X64.277 Y60.480 E189.90852 F2400
G1 X64.095 Y60.529 E189.91480 F2400
G1 X64.000 Y60.554 E189.91807 F2400
G1 X63.818 Y60.505 E189.92434 F2400
G1 X63.723 Y60.480 E189.92761 F2400
G1 X63.590 Y60.347 E189.93388 F2400
G1 X63.520 Y60.277 E189.93715 F2400
G1 X63.471 Y60.095 E189.94342 F2400
G1 X63.446 Y60.000 E189.94669 F2400
G1 X63.495 Y59.818 E189.95296 F2400
G1 X63.520 Y59.723 E189.95624 F2400
G1 X63.653 Y59.590 E189.96251 F2400
G1 X63.723 Y59.520 E189.96578 F2400
G1 X63.905 Y59.471 E189.97205 F2400
G1 X64.000 Y59.446 E189.97532 F2400
G1 X64.182 Y59.495 E189.98159 F2400
G1 X64.277 Y59.520 E189.98486 F2400
G1 X64.410 Y59.653 E189.99114 F2400
G1 X64.480 Y59.723 E189.99441 F2400
G1 X64.529 Y59.905 E190.00068 F2400
G1 X64.554 Y60.000 E190.00395 F2400
G1 X64.505 Y60.182 E190.01022 F2400
G1 X64.480 Y60.277 E190.01349 F2400
G1 E188.51349 F1500  ; retract
G1 X60.480 Y64.277 F9000
G1 E190.01349 F1500  ; un-retract
G1 X60.347 Y64.410 E190.01976 F2400
G1 X60.277 Y64.480 E190.02304 F2400
G1 X60.095 Y64.529 E190.02931 F2400
G1 X60.000 Y64.554 E190.03258 F2400
G1 X59.818 Y64.505 E190.03885 F2400
G1 X59.723 Y64.480 E190.04212 F2400
G1 X59.590 Y64.347 E190.04839 F2400
G1 X59.520 Y64.277 E190.05166 F2400
G1 X59.471 Y64.095 E190.05793 F2400
G1 X59.446 Y64.000 E190.06121 F2400
G1 X59.495 Y63.818 E190.06748 F2400
G1 X59.520 Y63.723 E190.07075 F2400
G1 X59.653 Y63.590 E190.07702 F2400
G1 X59.723 Y63.520 E190.08029 F2400
G1 X59.905 Y63.471 E190.08656 F2400
G1 X60.000 Y63.446 E190.08983 F2400
G1 X60.182 Y63.495 E190.09610 F2400
G1 X60.277 Y63.520 E190.09937 F2400
G1 X60.410 Y63.653 E190.10565 F2400
G1 X60.480 Y63.723 E190.10892 F2400
G1 X60.529 Y63.905 E190.11519 F2400
G1 X60.554 Y64.000 E190.11846 F2400
G1 X60.505 Y64.182 E190.12473 F2400
G1 X60.480 Y64.277 E190.12800 F2400
G1 E188.62800 F1500  ; retract
G1 X56.480 Y60.277 F9000
G1 E190.12800 F1500  ; un-retract
G1 X56.347 Y60.410 E190.13427 F2400
G1 X56.277 Y60.480 E190.13755 F2400
G1 X56.095 Y60.529 E190.14382 F2400
G1 X56.000 Y60.554 E190.14709 F2400
G1 X55.818 Y60.505 E190.15336 F2400
G1 X55.723 Y60.480 E190.15663 F2400
G1 X55.590 Y60.347 E190.16290 F2400
G1 X55.520 Y60.277 E190.16617 F2400
G1 X55.471 Y60.095 E190.17244 F2400
G1 X55.446 Y60.000 E190.17572 F2400
G1 X55.495 Y59.818 E190.18199 F2400
G1 X55.520 Y59.723 E190.18526 F2400
G1 X55.653 Y59.590 E190.19153 F2400
G1 X55.723 Y59.520 E190.19480 F2400
G1 X55.905 Y59.471 E190.20107 F2400
G1 X56.000 Y59.446 E190.20434 F2400
G1 X56.182 Y59.495 E190.21061 F2400
G1 X56.277 Y59.520 E190.21389 F2400
G1 X56.410 Y59.653 E190.22016 F2400
G1 X56.480 Y59.723 E190.22343 F2400
G1 X56.529 Y59.905 E190.22970 F2400
G1 X56.554 Y60.000 E190.23297 F2400
G1 X56.505 Y60.182 E190.23924 F2400
G1 X56.480 Y60.277 E190.24251 F2400
G1 E188.74251 F1500  ; retract
G1 X60.480 Y56.277 F9000
G1 E190.24251 F1500  ; un-retract
G1 X60.347 Y56.410 E190.24879 F2400
G1 X60.277 Y56.480 E190.25206 F2400
G1 X60.095 Y56.529 E190.25833 F2400
G1 X60.000 Y56.554 E190.26160 F2400
G1 X59.818 Y56.505 E190.26787 F2400
G1 X59.723 Y56.480 E190.27114 F2400
G1 X59.590 Y56.347 E190.27741 F2400
G1 X59.520 Y56.277 E190.28068 F2400
G1 X59.471 Y56.095 E190.28696 F2400
G1 X59.446 Y56.000 E190.29023 F2400
G1 X59.495 Y55.818 E190.29650 F2400
G1 X59.520 Y55.723 E190.29977 F2400
G1 X59.653 Y55.590 E190.30604 F2400
G1 X59.723 Y55.520 E190.30931 F2400
G1 X59.905 Y55.471 E190.31558 F2400
G1 X60.000 Y55.446 E190.31885 F2400
G1 X60.182 Y55.495 E190.32512 F2400
G1 X60.277 Y55.520 E190.32840 F2400
G1 X60.410 Y55.653 E190.33467 F2400
G1 X60.480 Y55.723 E190.33794 F2400
G1 X60.529 Y55.905 E190.34421 F2400
G1 X60.554 Y56.000 E190.34748 F2400
G1 X60.505 Y56.182 E190.35375 F2400
G1 X60.480 Y56.277 E190.35702 F2400
G1 E188.85702 F1500  ; retract
G1 X62.822 Y60.905 F9000
G1 E190.35702 F1500  ; un-retract
G1 X62.635 Y61.355 E190.37325 F2400
G1 X62.261 Y61.916 E190.39566 F2400
G1 X61.916 Y62.261 E190.41188 F2400
G1 X61.355 Y62.635 E190.43430 F2400
G1 X60.905 Y62.822 E190.45052 F2400
G1 X60.244 Y62.953 E190.47293 F2400
G1 X59.756 Y62.953 E190.48916 F2400
G1 X59.095 Y62.822 E190.51157 F2400
G1 X58.645 Y62.635 E190.52780 F2400
G1 X58.084 Y62.261 E190.55021 F2400
G1 X57.739 Y61.916 E190.56643 F2400
G1 X57.365 Y61.355 E190.58885 F2400
G1 X57.178 Y60.905 E190.60507 F2400
G1 X57.047 Y60.244 E190.62749 F2400
G1 X57.047 Y59.756 E190.64371 F2400
G1 X57.178 Y59.095 E190.66613 F2400
G1 X57.365 Y58.645 E190.68235 F2400
G1 X57.739 Y58.084 E190.70476 F2400
G1 X58.084 Y57.739 E190.72098 F2400
G1 X58.645 Y57.365 E190.74340 F2400
G1 X59.095 Y57.178 E190.75962 F2400
G1 X59.756 Y57.047 E190.78204 F2400
G1 X60.244 Y57.047 E190.79826 F2400
G1 X60.905 Y57.178 E190.82068 F2400
G1 X61.355 Y57.365 E190.83690 F2400
G1 X61.916 Y57.739 E190.85931 F2400
G1 X62.261 Y58.084 E190.87553 F2400
G1 X62.635 Y58.645 E190.89795 F2400
G1 X62.822 Y59.095 E190.91417 F2400
G1 X62.953 Y59.756 E190.93659 F2400
G1 X62.953 Y60.244 E190.95281 F2400
G1 X62.822 Y60.905 E190.97523 F2400
G1 E189.47523 F1500  ; retract
G1 X59.625 Y56.282 F9000
G1 E190.97523 F1500  ; un-retract
G1 X59.718 Y56.375 E190.97962 F3600
G1 E189.47962 F1500  ; retract
G1 X60.567 Y57.224 F9000
G1 E190.97962 F1500  ; un-retract
G1 X62.776 Y59.433 E191.08350 F3600
G1 E189.58350 F1500  ; retract
G1 X63.625 Y60.282 F9000
G1 E191.08350 F1500  ; un-retract
G1 X63.718 Y60.375 E191.08789 F3600
G1 E189.58789 F1500  ; retract
G1 X58.327 Y57.813 F9000
G1 E191.08789 F1500  ; un-retract
G1 X62.187 Y61.673 E191.26945 F3600
G1 E189.76945 F1500  ; retract
G1 X57.254 Y59.568 F9000
G1 E191.26945 F1500  ; un-retract
G1 X60.432 Y62.746 E191.41897 F3600

; layer 46  z=9.250
G1 Z9.250 F1200
G1 E189.91897 F1500  ; retract
G1 X64.470 Y60.271 F9000
G1 E191.41897 F1500  ; un-retract
G1 X64.326 Y60.415 E191.42573 F2400
G1 X64.271 Y60.470 E191.42831 F2400
G1 X64.075 Y60.523 E191.43508 F2400
G1 X64.000 Y60.543 E191.43766 F2400
G1 X63.804 Y60.490 E191.44442 F2400
G1 X63.729 Y60.470 E191.44700 F2400
G1 X63.585 Y60.326 E191.45377 F2400
G1 X63.530 Y60.271 E191.45635 F2400
G1 X63.477 Y60.075 E191.46311 F2400
G1 X63.457 Y60.000 E191.46570 F2400
G1 X63.510 Y59.804 E191.47246 F2400
G1 X63.530 Y59.729 E191.47504 F2400
G1 X63.674 Y59.585 E191.48181 F2400
G1 X63.729 Y59.530 E191.48439 F2400
G1 X63.925 Y59.477 E191.49115 F2400
G1 X64.000 Y59.457 E191.49373 F2400
G1 X64.196 Y59.510 E191.50050 F2400
G1 X64.271 Y59.530 E191.50308 F2400
G1 X64.415 Y59.674 E191.50984 F2400
G1 X64.470 Y59.729 E191.51243 F2400
G1 X64.523 Y59.925 E191.51919 F2400
G1 X64.543 Y60.000 E191.52177 F2400
G1 X64.490 Y60.196 E191.52854 F2400
G1 X64.470 Y60.271 E191.53112 F2400
G1 E190.03112 F1500  ; retract
G1 X60.470 Y64.271 F9000
G1 E191.53112 F1500  ; un-retract
G1 X60.326 Y64.415 E191.53788 F2400
G1 X60.271 Y64.470 E191.54046 F2400
G1 X60.075 Y64.523 E191.54723 F2400
G1 X60.000 Y64.543 E191.54981 F2400
G1 X59.804 Y64.490 E191.55657 F2400
G1 X59.729 Y64.470 E191.55916 F2400
G1 X59.585 Y64.326 E191.56592 F2400
G1 X59.530 Y64.271 E191.56850 F2400
G1 X59.477 Y64.075 E191.57527 F2400
G1 X59.457 Y64.000 E191.57785 F2400
G1 X59.510 Y63.804 E191.58461 F2400
G1 X59.530 Y63.729 E191.58719 F2400
G1 X59.674 Y63.585 E191.59396 F2400
G1 X59.729 Y63.530 E191.59654 F2400
G1 X59.925 Y63.477 E191.60330 F2400
G1 X60.000 Y63.457 E191.60589 F2400
G1 X60.196 Y63.510 E191.61265 F2400
G1 X60.271 Y63.530 E191.61523 F2400
G1 X60.415 Y63.674 E191.62200 F2400
G1 X60.470 Y63.729 E191.62458 F2400
G1 X60.523 Y63.925 E191.63134 F2400
G1 X60.543 Y64.000 E191.63392 F2400
G1 X60.490 Y64.196 E191.64069 F2400
G1 X60.470 Y64.271 E191.64327 F2400
G1 E190.14327 F1500  ; retract
G1 X56.470 Y60.271 F9000
G1 E191.64327 F1500  ; un-retract
G1 X56.326 Y60.415 E191.65003 F2400
G1 X56.271 Y60.470 E191.65262 F2400
G1 X56.075 Y60.523 E191.65938 F2400
G1 X56.000 Y60.543 E191.66196 F2400
G1 X55.804 Y60.490 E191.66873 F2400
G1 X55.729 Y60.470 E191.67131 F2400
G1 X55.585 Y60.326 E191.67807 F2400
G1 X55.530 Y60.271 E191.68065 F2400
G1 X55.477 Y60.075 E191.68742 F2400
G1 X55.457 Y60.000 E191.69000 F2400
G1 X55.510 Y59.804 E191.69676 F2400
G1 X55.530 Y59.729 E191.69935 F2400
G1 X55.674 Y59.585 E191.70611 F2400
G1 X55.729 Y59.530 E191.70869 F2400
G1 X55.925 Y59.477 E191.71546 F2400
G1 X56.000 Y59.457 E191.71804 F2400
G1 X56.196 Y59.510 E191.72480 F2400
G1 X56.271 Y59.530 E191.72738 F2400
G1 X56.415 Y59.674 E191.73415 F2400
G1 X56.470 Y59.729 E191.73673 F2400
G1 X56.523 Y59.925 E191.74349 F2400
G1 X56.543 Y60.000 E191.74608 F2400
G1 X56.490 Y60.196 E191.75284 F2400
G1 X56.470 Y60.271 E191.75542 F2400
G1 E190.25542 F1500  ; retract
G1 X60.470 Y56.271 F9000
G1 E191.75542 F1500  ; un-retract
G1 X60.326 Y56.415 E191.76219 F2400
G1 X60.271 Y56.470 E191.76477 F2400
G1 X60.075 Y56.523 E191.77153 F2400
G1 X60.000 Y56.543 E191.77412 F2400
G1 X59.804 Y56.490 E191.78088 F2400
G1 X59.729 Y56.470 E191.78346 F2400
G1 X59.585 Y56.326 E191.79022 F2400
G1 X59.530 Y56.271 E191.79281 F2400
G1 X59.477 Y56.075 E191.79957 F2400
G1 X59.457 Y56.000 E191.80215 F2400
G1 X59.510 Y55.804 E191.80892 F2400
G1 X59.530 Y55.729 E191.81150 F2400
G1 X59.674 Y55.585 E191.81826 F2400
G1 X59.729 Y55.530 E191.82085 F2400
G1 X59.925 Y55.477 E191.82761 F2400
G1 X60.000 Y55.457 E191.83019 F2400
G1 X60.196 Y55.510 E191.83695 F2400
G1 X60.271 Y55.530 E191.83954 F2400
G1 X60.415 Y55.674 E191.84630 F2400
G1 X60.470 Y55.729 E191.84888 F2400
G1 X60.523 Y55.925 E191.85565 F2400
G1 X60.543 Y56.000 E191.85823 F2400
G1 X60.490 Y56.196 E191.86499 F2400
G1 X60.470 Y56.271 E191.86758 F2400
G1 E190.36758 F1500  ; retract
G1 X62.682 Y60.805 F9000
G1 E191.86758 F1500  ; un-retract
G1 X62.465 Y61.327 E191.88639 F2400
G1 X62.170 Y61.770 E191.90409 F2400
G1 X61.770 Y62.170 E191.92291 F2400
G1 X61.327 Y62.465 E191.94061 F2400
G1 X60.805 Y62.682 E191.95942 F2400
G1 X60.283 Y62.786 E191.97712 F2400
G1 X59.717 Y62.786 E191.99594 F2400
G1 X59.195 Y62.682 E192.01363 F2400
G1 X58.673 Y62.465 E192.03245 F2400
G1 X58.230 Y62.170 E192.05015 F2400
G1 X57.830 Y61.770 E192.06897 F2400
G1 X57.535 Y61.327 E192.08666 F2400
G1 X57.318 Y60.805 E192.10548 F2400
G1 X57.214 Y60.283 E192.12317 F2400
G1 X57.214 Y59.717 E192.14199 F2400
G1 X57.318 Y59.195 E192.15969 F2400
G1 X57.535 Y58.673 E192.17851 F2400
G1 X57.830 Y58.230 E192.19620 F2400
G1 X58.230 Y57.830 E192.21502 F2400
G1 X58.673 Y57.535 E192.23272 F2400
G1 X59.195 Y57.318 E192.25154 F2400
G1 X59.717 Y57.214 E192.26923 F2400
G1 X60.283 Y57.214 E192.28805 F2400
G1 X60.805 Y57.318 E192.30574 F2400
G1 X61.327 Y57.535 E192.32456 F2400
G1 X61.770 Y57.830 E192.34226 F2400
G1 X62.170 Y58.230 E192.36108 F2400
G1 X62.465 Y58.673 E192.37877 F2400
G1 X62.682 Y59.195 E192.39759 F2400
G1 X62.786 Y59.717 E192.41529 F2400
G1 X62.786 Y60.283 E192.43411 F2400
G1 X62.682 Y60.805 E192.45180 F2400
G1 E190.95180 F1500  ; retract
G1 X62.580 Y60.747 F9000
G1 E192.45180 F1500  ; un-retract
G1 X60.747 Y62.580 E192.53802 F3600
G1 E191.03802 F1500  ; retract
G1 X62.068 Y58.431 F9000
G1 E192.53802 F1500  ; un-retract
G1 X58.431 Y62.068 E192.70911 F3600
G1 E191.20911 F1500  ; retract
G1 X60.286 Y57.384 F9000
G1 E192.70911 F1500  ; un-retract
G1 X57.384 Y60.286 E192.84559 F3600

; layer 47  z=9.450
G1 Z9.450 F1200
G1 E191.34559 F1500  ; retract
G1 X64.460 Y60.266 F9000
G1 E192.84559 F1500  ; un-retract
G1 X64.306 Y60.420 E192.85285 F2400
G1 X64.266 Y60.460 E192.85474 F2400
G1 X64.055 Y60.517 E192.86200 F2400
G1 X64.000 Y60.531 E192.86389 F2400
G1 X63.789 Y60.475 E192.87114 F2400
G1 X63.734 Y60.460 E192.87304 F2400
G1 X63.580 Y60.306 E192.88029 F2400
G1 X63.540 Y60.266 E192.88219 F2400
G1 X63.483 Y60.055 E192.88944 F2400
G1 X63.469 Y60.000 E192.89134 F2400
G1 X63.525 Y59.789 E192.89859 F2400
G1 X63.540 Y59.734 E192.90048 F2400
G1 X63.694 Y59.580 E192.90774 F2400
G1 X63.734 Y59.540 E192.90963 F2400
G1 X63.945 Y59.483 E192.91689 F2400
G1 X64.000 Y59.469 E192.91878 F2400
G1 X64.211 Y59.525 E192.92604 F2400
G1 X64.266 Y59.540 E192.92793 F2400
G1 X64.420 Y59.694 E192.93519 F2400
G1 X64.460 Y59.734 E192.93708 F2400
G1 X64.517 Y59.945 E192.94434 F2400
G1 X64.531 Y60.000 E192.94623 F2400
G1 X64.475 Y60.211 E192.95348 F2400
G1 X64.460 Y60.266 E192.95538 F2400
G1 E191.45538 F1500  ; retract
G1 X60.460 Y64.266 F9000
G1 E192.95538 F1500  ; un-retract
G1 X60.306 Y64.420 E192.96263 F2400
G1 X60.266 Y64.460 E192.96453 F2400
G1 X60.055 Y64.517 E192.97178 F2400
G1 X60.000 Y64.531 E192.97368 F2400
G1 X59.789 Y64.475 E192.98093 F2400
G1 X59.734 Y64.460 E192.98282 F2400
G1 X59.580 Y64.306 E192.99008 F2400
G1 X59.540 Y64.266 E192.99197 F2400
G1 X59.483 Y64.055 E192.99923 F2400
G1 X59.469 Y64.000 E193.00112 F2400
G1 X59.525 Y63.789 E193.00838 F2400
G1 X59.540 Y63.734 E193.01027 F2400
G1 X59.694 Y63.580 E193.01753 F2400
G1 X59.734 Y63.540 E193.01942 F2400
G1 X59.945 Y63.483 E193.02668 F2400
G1 X60.000 Y63.469 E193.02857 F2400
G1 X60.211 Y63.525 E193.03582 F2400
G1 X60.266 Y63.540 E193.03772 F2400
G1 X60.420 Y63.694 E193.04497 F2400
G1 X60.460 Y63.734 E193.04687 F2400
G1 X60.517 Y63.945 E193.05412 F2400
G1 X60.531 Y64.000 E193.05602 F2400
G1 X60.475 Y64.211 E193.06327 F2400
G1 X60.460 Y64.266 E193.06516 F2400
G1 E191.56516 F1500  ; retract
G1 X56.460 Y60.266 F9000
G1 E193.06516 F1500  ; un-retract
G1 X56.306 Y60.420 E193.07242 F2400
G1 X56.266 Y60.460 E193.07431 F2400
G1 X56.055 Y60.517 E193.08157 F2400
G1 X56.000 Y60.531 E193.08346 F2400
G1 X55.789 Y60.475 E193.09072 F2400
G1 X55.734 Y60.460 E193.09261 F2400
G1 X55.580 Y60.306 E193.09987 F2400
G1 X55.540 Y60.266 E193.10176 F2400
G1 X55.483 Y60.055 E193.10902 F2400
G1 X55.469 Y60.000 E193.11091 F2400
G1 X55.525 Y59.789 E193.11816 F2400
G1 X55.540 Y59.734 E193.12006 F2400
G1 X55.694 Y59.580 E193.12731 F2400
G1 X55.734 Y59.540 E193.12921 F2400
G1 X55.945 Y59.483 E193.13646 F2400
G1 X56.000 Y59.469 E193.13836 F2400
G1 X56.211 Y59.525 E193.14561 F2400
G1 X56.266 Y59.540 E193.14750 F2400
G1 X56.420 Y59.694 E193.15476 F2400
G1 X56.460 Y59.734 E193.15665 F2400
G1 X56.517 Y59.945 E193.16391 F2400
G1 X56.531 Y60.000 E193.16580 F2400
G1 X56.475 Y60.211 E193.17306 F2400
G1 X56.460 Y60.266 E193.17495 F2400
G1 E191.67495 F1500  ; retract
G1 X60.460 Y56.266 F9000
G1 E193.17495 F1500  ; un-retract
G1 X60.306 Y56.420 E193.18221 F2400
G1 X60.266 Y56.460 E193.18410 F2400
G1 X60.055 Y56.517 E193.19136 F2400
G1 X60.000 Y56.531 E193.19325 F2400
G1 X59.789 Y56.475 E193.20050 F2400
G1 X59.734 Y56.460 E193.20240 F2400
G1 X59.580 Y56.306 E193.20965 F2400
G1 X59.540 Y56.266 E193.21155 F2400
G1 X59.483 Y56.055 E193.21880 F2400
G1 X59.469 Y56.000 E193.22070 F2400
G1 X59.525 Y55.789 E193.22795 F2400
G1 X59.540 Y55.734 E193.22984 F2400
G1 X59.694 Y55.580 E193.23710 F2400
G1 X59.734 Y55.540 E193.23899 F2400
G1 X59.945 Y55.483 E193.24625 F2400
G1 X60.000 Y55.469 E193.24814 F2400
G1 X60.211 Y55.525 E193.25540 F2400
G1 X60.266 Y55.540 E193.25729 F2400
G1 X60.420 Y55.694 E193.26455 F2400
G1 X60.460 Y55.734 E193.26644 F2400
G1 X60.517 Y55.945 E193.27370 F2400
G1 X60.531 Y56.000 E193.27559 F2400
G1 X60.475 Y56.211 E193.28284 F2400
G1 X60.460 Y56.266 E193.28474 F2400
G1 E191.78474 F1500  ; retract
G1 X62.542 Y60.705 F9000
G1 E193.28474 F1500  ; un-retract
G1 X62.296 Y61.299 E193.30615 F2400
G1 X62.079 Y61.624 E193.31913 F2400
G1 X61.624 Y62.079 E193.34054 F2400
G1 X61.299 Y62.296 E193.35352 F2400
G1 X60.705 Y62.542 E193.37493 F2400
G1 X60.322 Y62.618 E193.38791 F2400
G1 X59.678 Y62.618 E193.40932 F2400
G1 X59.295 Y62.542 E193.42230 F2400
G1 X58.701 Y62.296 E193.44371 F2400
G1 X58.376 Y62.079 E193.45669 F2400
G1 X57.921 Y61.624 E193.47810 F2400
G1 X57.704 Y61.299 E193.49108 F2400
G1 X57.458 Y60.705 E193.51249 F2400
G1 X57.382 Y60.322 E193.52547 F2400
G1 X57.382 Y59.678 E193.54688 F2400
G1 X57.458 Y59.295 E193.55986 F2400
G1 X57.704 Y58.701 E193.58127 F2400
G1 X57.921 Y58.376 E193.59425 F2400
G1 X58.376 Y57.921 E193.61566 F2400
G1 X58.701 Y57.704 E193.62864 F2400
G1 X59.295 Y57.458 E193.65005 F2400
G1 X59.678 Y57.382 E193.66303 F2400
G1 X60.322 Y57.382 E193.68444 F2400
G1 X60.705 Y57.458 E193.69742 F2400
G1 X61.299 Y57.704 E193.71884 F2400
G1 X61.624 Y57.921 E193.73181 F2400
G1 X62.079 Y58.376 E193.75322 F2400
G1 X62.296 Y58.701 E193.76620 F2400
G1 X62.542 Y59.295 E193.78761 F2400
G1 X62.618 Y59.678 E193.80059 F2400
G1 X62.618 Y60.322 E193.82201 F2400
G1 X62.542 Y60.705 E193.83498 F2400
G1 E192.33498 F1500  ; retract
G1 X60.957 Y57.645 F9000
G1 E193.83498 F1500  ; un-retract
G1 X62.355 Y59.043 E193.90073 F3600
G1 E192.40073 F1500  ; retract
G1 X58.535 Y58.051 F9000
G1 E193.90073 F1500  ; un-retract
G1 X61.949 Y61.465 E194.06134 F3600
G1 E192.56134 F1500  ; retract
G1 X57.523 Y59.868 F9000
G1 E194.06134 F1500  ; un-retract
G1 X60.132 Y62.477 E194.18404 F3600

; layer 48  z=9.650
G1 Z9.650 F1200
G1 E192.68404 F1500  ; retract
G1 X64.450 Y60.260 F9000
G1 E194.18404 F1500  ; un-retract
G1 X64.286 Y60.425 E194.19179 F2400
G1 X64.260 Y60.450 E194.19299 F2400
G1 X64.035 Y60.511 E194.20074 F2400
G1 X64.000 Y60.520 E194.20194 F2400
G1 X63.775 Y60.460 E194.20969 F2400
G1 X63.740 Y60.450 E194.21090 F2400
G1 X63.575 Y60.286 E194.21864 F2400
G1 X63.550 Y60.260 E194.21985 F2400
G1 X63.489 Y60.035 E194.22760 F2400
G1 X63.480 Y60.000 E194.22880 F2400
G1 X63.540 Y59.775 E194.23655 F2400
G1 X63.550 Y59.740 E194.23775 F2400
G1 X63.714 Y59.575 E194.24550 F2400
G1 X63.740 Y59.550 E194.24671 F2400
G1 X63.965 Y59.489 E194.25445 F2400
G1 X64.000 Y59.480 E194.25566 F2400
G1 X64.225 Y59.540 E194.26341 F2400
G1 X64.260 Y59.550 E194.26461 F2400
G1 X64.425 Y59.714 E194.27236 F2400
G1 X64.450 Y59.740 E194.27356 F2400
G1 X64.511 Y59.965 E194.28131 F2400
G1 X64.520 Y60.000 E194.28252 F2400
G1 X64.460 Y60.225 E194.29026 F2400
G1 X64.450 Y60.260 E194.29147 F2400
G1 E192.79147 F1500  ; retract
G1 X60.450 Y64.260 F9000
G1 E194.29147 F1500  ; un-retract
G1 X60.286 Y64.425 E194.29922 F2400
G1 X60.260 Y64.450 E194.30042 F2400
G1 X60.035 Y64.511 E194.30817 F2400
G1 X60.000 Y64.520 E194.30937 F2400
G1 X59.775 Y64.460 E194.31712 F2400
G1 X59.740 Y64.450 E194.31833 F2400
G1 X59.575 Y64.286 E194.32607 F2400
G1 X59.550 Y64.260 E194.32728 F2400
G1 X59.489 Y64.035 E194.33502 F2400
G1 X59.480 Y64.000 E194.33623 F2400
G1 X59.540 Y63.775 E194.34398 F2400
G1 X59.550 Y63.740 E194.34518 F2400
G1 X59.714 Y63.575 E194.35293 F2400
G1 X59.740 Y63.550 E194.35413 F2400
G1 X59.965 Y63.489 E194.36188 F2400
G1 X60.000 Y63.480 E194.36309 F2400
G1 X60.225 Y63.540 E194.37083 F2400
G1 X60.260 Y63.550 E194.37204 F2400
G1 X60.425 Y63.714 E194.37979 F2400
G1 X60.450 Y63.740 E194.38099 F2400
G1 X60.511 Y63.965 E194.38874 F2400
G1 X60.520 Y64.000 E194.38994 F2400
G1 X60.460 Y64.225 E194.39769 F2400
G1 X60.450 Y64.260 E194.39890 F2400
G1 E192.89890 F1500  ; retract
G1 X56.450 Y60.260 F9000
G1 E194.39890 F1500  ; un-retract
G1 X56.286 Y60.425 E194.40664 F2400
G1 X56.260 Y60.450 E194.40785 F2400
G1 X56.035 Y60.511 E194.41560 F2400
G1 X56.000 Y60.520 E194.41680 F2400
G1 X55.775 Y60.460 E194.42455 F2400
G1 X55.740 Y60.450 E194.42575 F2400
G1 X55.575 Y60.286 E194.43350 F2400
G1 X55.550 Y60.260 E194.43470 F2400
G1 X55.489 Y60.035 E194.44245 F2400
G1 X55.480 Y60.000 E194.44366 F2400
G1 X55.540 Y59.775 E194.45141 F2400
G1 X55.550 Y59.740 E194.45261 F2400
G1 X55.714 Y59.575 E194.46036 F2400
G1 X55.740 Y59.550 E194.46156 F2400
G1 X55.965 Y59.489 E194.46931 F2400
G1 X56.000 Y59.480 E194.47051 F2400
G1 X56.225 Y59.540 E194.47826 F2400
G1 X56.260 Y59.550 E194.47947 F2400
G1 X56.425 Y59.714 E194.48721 F2400
G1 X56.450 Y59.740 E194.48842 F2400
G1 X56.511 Y59.965 E194.49617 F2400
G1 X56.520 Y60.000 E194.49737 F2400
G1 X56.460 Y60.225 E194.50512 F2400
G1 X56.450 Y60.260 E194.50632 F2400
G1 E193.00632 F1500  ; retract
G1 X60.450 Y56.260 F9000
G1 E194.50632 F1500  ; un-retract
G1 X60.286 Y56.425 E194.51407 F2400
G1 X60.260 Y56.450 E194.51528 F2400
G1 X60.035 Y56.511 E194.52302 F2400
G1 X60.000 Y56.520 E194.52423 F2400
G1 X59.775 Y56.460 E194.53198 F2400
G1 X59.740 Y56.450 E194.53318 F2400
G1 X59.575 Y56.286 E194.54093 F2400
G1 X59.550 Y56.260 E194.54213 F2400
G1 X59.489 Y56.035 E194.54988 F2400
G1 X59.480 Y56.000 E194.55109 F2400
G1 X59.540 Y55.775 E194.55883 F2400
G1 X59.550 Y55.740 E194.56004 F2400
G1 X59.714 Y55.575 E194.56779 F2400
G1 X59.740 Y55.550 E194.56899 F2400
G1 X59.965 Y55.489 E194.57674 F2400
G1 X60.000 Y55.480 E194.57794 F2400
G1 X60.225 Y55.540 E194.58569 F2400
G1 X60.260 Y55.550 E194.58690 F2400
G1 X60.425 Y55.714 E194.59464 F2400
G1 X60.450 Y55.740 E194.59585 F2400
G1 X60.511 Y55.965 E194.60359 F2400
G1 X60.520 Y56.000 E194.60480 F2400
G1 X60.460 Y56.225 E194.61255 F2400
G1 X60.450 Y56.260 E194.61375 F2400
G1 E193.11375 F1500  ; retract
G1 X62.402 Y60.604 F9000
G1 E194.61375 F1500  ; un-retract
G1 X62.126 Y61.271 E194.63776 F2400
G1 X61.988 Y61.478 E194.64602 F2400
G1 X61.478 Y61.988 E194.67003 F2400
G1 X61.271 Y62.126 E194.67829 F2400
G1 X60.604 Y62.402 E194.70230 F2400
G1 X60.361 Y62.451 E194.71055 F2400
G1 X59.639 Y62.451 E194.73456 F2400
G1 X59.396 Y62.402 E194.74282 F2400
G1 X58.729 Y62.126 E194.76683 F2400
G1 X58.522 Y61.988 E194.77509 F2400
G1 X58.012 Y61.478 E194.79910 F2400
G1 X57.874 Y61.271 E194.80735 F2400
G1 X57.598 Y60.604 E194.83136 F2400
G1 X57.549 Y60.361 E194.83962 F2400
G1 X57.549 Y59.639 E194.86363 F2400
G1 X57.598 Y59.396 E194.87189 F2400
G1 X57.874 Y58.729 E194.89590 F2400
G1 X58.012 Y58.522 E194.90415 F2400
G1 X58.522 Y58.012 E194.92816 F2400
G1 X58.729 Y57.874 E194.93642 F2400
G1 X59.396 Y57.598 E194.96043 F2400
G1 X59.639 Y57.549 E194.96869 F2400
G1 X60.361 Y57.549 E194.99269 F2400
G1 X60.604 Y57.598 E195.00095 F2400
G1 X61.271 Y57.874 E195.02496 F2400
G1 X61.478 Y58.012 E195.03322 F2400
G1 X61.988 Y58.522 E195.05723 F2400
G1 X62.126 Y58.729 E195.06549 F2400
G1 X62.402 Y59.396 E195.08950 F2400
G1 X62.451 Y59.639 E195.09775 F2400
G1 X62.451 Y60.361 E195.12176 F2400
G1 X62.402 Y60.604 E195.13002 F2400
G1 E193.63002 F1500  ; retract
G1 X62.056 Y61.240 F9000
G1 E195.13002 F1500  ; un-retract
G1 X61.240 Y62.056 E195.16843 F3600
G1 E193.66843 F1500  ; retract
G1 X61.825 Y58.642 F9000
G1 E195.16843 F1500  ; un-retract
G1 X58.642 Y61.825 E195.31815 F3600
G1 E193.81815 F1500  ; retract
G1 X59.949 Y57.691 F9000
G1 E195.31815 F1500  ; un-retract
G1 X57.691 Y59.949 E195.42436 F3600

; layer 49  z=9.850
G1 Z9.850 F1200
G1 E193.92436 F1500  ; retract
G1 X64.440 Y60.254 F9000
G1 E195.42436 F1500  ; un-retract
G1 X64.265 Y60.429 E195.43260 F2400
G1 X64.254 Y60.440 E195.43312 F2400
G1 X64.015 Y60.505 E195.44136 F2400
G1 X64.000 Y60.509 E195.44187 F2400
G1 X63.761 Y60.444 E195.45011 F2400
G1 X63.746 Y60.440 E195.45063 F2400
G1 X63.571 Y60.265 E195.45887 F2400
G1 X63.560 Y60.254 E195.45938 F2400
G1 X63.495 Y60.015 E195.46762 F2400
G1 X63.491 Y60.000 E195.46814 F2400
G1 X63.556 Y59.761 E195.47638 F2400
G1 X63.560 Y59.746 E195.47690 F2400
G1 X63.735 Y59.571 E195.48514 F2400
G1 X63.746 Y59.560 E195.48565 F2400
G1 X63.985 Y59.495 E195.49389 F2400
G1 X64.000 Y59.491 E195.49441 F2400
G1 X64.239 Y59.556 E195.50265 F2400
G1 X64.254 Y59.560 E195.50317 F2400
G1 X64.430 Y59.735 E195.51140 F2400
G1 X64.440 Y59.746 E195.51192 F2400
G1 X64.505 Y59.985 E195.52016 F2400
G1 X64.509 Y60.000 E195.52068 F2400
G1 X64.445 Y60.239 E195.52892 F2400
G1 X64.440 Y60.254 E195.52943 F2400
G1 E194.02943 F1500  ; retract
G1 X60.440 Y64.254 F9000
G1 E195.52943 F1500  ; un-retract
G1 X60.265 Y64.430 E195.53767 F2400
G1 X60.254 Y64.440 E195.53819 F2400
G1 X60.015 Y64.505 E195.54643 F2400
G1 X60.000 Y64.509 E195.54694 F2400
G1 X59.761 Y64.445 E195.55518 F2400
G1 X59.746 Y64.440 E195.55570 F2400
G1 X59.571 Y64.265 E195.56394 F2400
G1 X59.560 Y64.254 E195.56445 F2400
G1 X59.495 Y64.015 E195.57269 F2400
G1 X59.491 Y64.000 E195.57321 F2400
G1 X59.556 Y63.761 E195.58145 F2400
G1 X59.560 Y63.746 E195.58197 F2400
G1 X59.735 Y63.571 E195.59021 F2400
G1 X59.746 Y63.560 E195.59072 F2400
G1 X59.985 Y63.495 E195.59896 F2400
G1 X60.000 Y63.491 E195.59948 F2400
G1 X60.239 Y63.556 E195.60772 F2400
G1 X60.254 Y63.560 E195.60824 F2400
G1 X60.429 Y63.735 E195.61647 F2400
G1 X60.440 Y63.746 E195.61699 F2400
G1 X60.505 Y63.985 E195.62523 F2400
G1 X60.509 Y64.000 E195.62575 F2400
G1 X60.444 Y64.239 E195.63399 F2400
G1 X60.440 Y64.254 E195.63450 F2400
G1 E194.13450 F1500  ; retract
G1 X56.440 Y60.254 F9000
G1 E195.63450 F1500  ; un-retract
G1 X56.265 Y60.429 E195.64274 F2400
G1 X56.254 Y60.440 E195.64326 F2400
G1 X56.015 Y60.505 E195.65150 F2400
G1 X56.000 Y60.509 E195.65201 F2400
G1 X55.761 Y60.444 E195.66025 F2400
G1 X55.746 Y60.440 E195.66077 F2400
G1 X55.571 Y60.265 E195.66901 F2400
G1 X55.560 Y60.254 E195.66952 F2400
G1 X55.495 Y60.015 E195.67776 F2400
G1 X55.491 Y60.000 E195.67828 F2400
G1 X55.556 Y59.761 E195.68652 F2400
G1 X55.560 Y59.746 E195.68704 F2400
G1 X55.735 Y59.571 E195.69528 F2400
G1 X55.746 Y59.560 E195.69579 F2400
G1 X55.985 Y59.495 E195.70403 F2400
G1 X56.000 Y59.491 E195.70455 F2400
G1 X56.239 Y59.556 E195.71279 F2400
G1 X56.254 Y59.560 E195.71331 F2400
G1 X56.429 Y59.735 E195.72154 F2400
G1 X56.440 Y59.746 E195.72206 F2400
G1 X56.505 Y59.985 E195.73030 F2400
G1 X56.509 Y60.000 E195.73082 F2400
G1 X56.444 Y60.239 E195.73906 F2400
G1 X56.440 Y60.254 E195.73957 F2400
G1 E194.23957 F1500  ; retract
G1 X60.440 Y56.254 F9000
G1 E195.73957 F1500  ; un-retract
G1 X60.265 Y56.429 E195.74781 F2400
G1 X60.254 Y56.440 E195.74833 F2400
G1 X60.015 Y56.505 E195.75657 F2400
G1 X60.000 Y56.509 E195.75708 F2400
G1 X59.761 Y56.444 E195.76532 F2400
G1 X59.746 Y56.440 E195.76584 F2400
G1 X59.571 Y56.265 E195.77408 F2400
G1 X59.560 Y56.254 E195.77459 F2400
G1 X59.495 Y56.015 E195.78283 F2400
G1 X59.491 Y56.000 E195.78335 F2400
G1 X59.556 Y55.761 E195.79159 F2400
G1 X59.560 Y55.746 E195.79211 F2400
G1 X59.735 Y55.571 E195.80035 F2400
G1 X59.746 Y55.560 E195.80086 F2400
G1 X59.985 Y55.495 E195.80910 F2400
G1 X60.000 Y55.491 E195.80962 F2400
G1 X60.239 Y55.556 E195.81786 F2400
G1 X60.254 Y55.560 E195.81838 F2400
G1 X60.429 Y55.735 E195.82661 F2400
G1 X60.440 Y55.746 E195.82713 F2400
G1 X60.505 Y55.985 E195.83537 F2400
G1 X60.509 Y56.000 E195.83589 F2400
G1 X60.444 Y56.239 E195.84413 F2400
G1 X60.440 Y56.254 E195.84464 F2400
G1 E194.34464 F1500  ; retract
G1 X62.263 Y60.504 F9000
G1 E195.84464 F1500  ; un-retract
G1 X61.956 Y61.243 E195.87125 F2400
G1 X61.897 Y61.332 E195.87479 F2400
G1 X61.332 Y61.897 E195.90139 F2400
G1 X61.243 Y61.956 E195.90493 F2400
G1 X60.504 Y62.263 E195.93153 F2400
G1 X60.400 Y62.283 E195.93507 F2400
G1 X59.600 Y62.283 E195.96168 F2400
G1 X59.496 Y62.263 E195.96522 F2400
G1 X58.757 Y61.956 E195.99182 F2400
G1 X58.668 Y61.897 E195.99536 F2400
G1 X58.103 Y61.332 E196.02196 F2400
G1 X58.044 Y61.243 E196.02550 F2400
G1 X57.737 Y60.504 E196.05211 F2400
G1 X57.717 Y60.400 E196.05565 F2400
G1 X57.717 Y59.600 E196.08225 F2400
G1 X57.737 Y59.496 E196.08579 F2400
G1 X58.044 Y58.757 E196.11239 F2400
G1 X58.103 Y58.668 E196.11593 F2400
G1 X58.668 Y58.103 E196.14254 F2400
G1 X58.757 Y58.044 E196.14608 F2400
G1 X59.496 Y57.737 E196.17268 F2400
G1 X59.600 Y57.717 E196.17622 F2400
G1 X60.400 Y57.717 E196.20282 F2400
G1 X60.504 Y57.737 E196.20636 F2400
G1 X61.243 Y58.044 E196.23297 F2400
G1 X61.332 Y58.103 E196.23651 F2400
G1 X61.897 Y58.668 E196.26311 F2400
G1 X61.956 Y58.757 E196.26665 F2400
G1 X62.263 Y59.496 E196.29325 F2400
G1 X62.283 Y59.600 E196.29679 F2400
G1 X62.283 Y60.400 E196.32340 F2400
G1 X62.263 Y60.504 E196.32694 F2400
G1 E194.82694 F1500  ; retract
G1 X58.753 Y58.301 F9000
G1 E196.32694 F1500  ; un-retract
G1 X61.699 Y61.247 E196.46552 F3600
G1 E194.96552 F1500  ; retract
G1 X57.858 Y60.234 F9000
G1 E196.46552 F1500  ; un-retract
G1 X59.766 Y62.142 E196.55525 F3600

; layer 50  z=10.050
G1 Z10.050 F1200

; --- end print (Tina2S confirmed end G-code) ---
M104 S0             ; nozzle off
M140 S0             ; bed off
G91                 ; relative
G1 E-1 F300         ; retract
G1 Z10 E-5 F3000    ; raise nozzle
G90                 ; absolute
G1 X0 Y100 F3000    ; move to back
M84                 ; disable motors
M107                ; fan off
